corner,temp_c,instance,kind,ref_offset_v,nominal_d_mv,sn_level_v,din_v,dend_v,tdec_s,expected,decided,resolves_in_window
tt,27,st_m100mv,stage,0.1,-100,,-0.109593,-1.79999,1.64029e-10,1,1,True
tt,27,st_m50mv,stage,0.1,-50,,-0.0553196,-1.8,1.9793e-10,1,1,True
tt,27,st_m20mv,stage,0.1,-20,,-0.0222013,-1.8,2.4138e-10,1,1,True
tt,27,st_m10mv,stage,0.1,-10,,-0.0111072,-1.8,2.72763e-10,1,1,True
tt,27,st_m5mv,stage,0.1,-5,,-0.00555468,-1.8,3.05403e-10,1,1,True
tt,27,st_m2mv,stage,0.1,-2,,-0.00222206,-1.79999,3.4968e-10,1,1,True
tt,27,st_m1mv,stage,0.1,-1,,-0.00111106,-1.8,3.8335e-10,1,1,True
tt,27,st_p1mv,stage,0.1,1,,0.0011111,1.8,3.83212e-10,0,0,True
tt,27,st_p2mv,stage,0.1,2,,0.00222222,1.79999,3.4945e-10,0,0,True
tt,27,st_p5mv,stage,0.1,5,,0.00555571,1.8,3.04832e-10,0,0,True
tt,27,st_p10mv,stage,0.1,10,,0.0111113,1.8,2.71213e-10,0,0,True
tt,27,st_p20mv,stage,0.1,20,,0.022218,1.8,2.38889e-10,0,0,True
tt,27,st_p50mv,stage,0.1,50,,0.0554345,1.8,1.92179e-10,0,0,True
tt,27,st_p100mv,stage,0.1,100,,0.11022,1.79999,1.53328e-10,0,0,True
tt,27,cell0_r020_n100,cell0,0.02,,-0.1,0.0208112,1.8,2.33745e-10,0,0,True
tt,27,cell0_r020_0000,cell0,0.02,,0.0,0.020796,1.8,2.3378e-10,0,0,True
tt,27,cell1_r020_0300,cell1,0.02,,0.3,0.0207695,1.8,2.33841e-10,1,0,False
tt,27,cell1_r020_0350,cell1,0.02,,0.35,0.0206903,1.79999,2.34036e-10,1,0,False
tt,27,cell1_r020_0400,cell1,0.02,,0.4,0.0203376,1.79997,2.34909e-10,1,0,False
tt,27,cell1_r020_0450,cell1,0.02,,0.45,0.0189186,1.79991,2.38459e-10,1,0,False
tt,27,cell1_r020_0500,cell1,0.02,,0.5,0.0135951,1.79969,2.52887e-10,1,0,False
tt,27,cell1_r020_0550,cell1,0.02,,0.55,-0.00465774,-1.79871,3.31772e-10,1,1,True
tt,27,cell1_r020_0600,cell1,0.02,,0.6,-0.0584907,-1.79664,1.9163e-10,1,1,True
tt,27,cell1_r020_0650,cell1,0.02,,0.65,-0.185634,-1.79252,1.35768e-10,1,1,True
tt,27,cell1_r020_0700,cell1,0.02,,0.7,-0.416604,-1.78577,9.00146e-11,1,1,True
tt,27,cell1_r020_0750,cell1,0.02,,0.75,-0.676059,-1.77627,5.78981e-11,1,1,True
tt,27,cell1_r020_0800,cell1,0.02,,0.8,-0.705513,-1.76438,5.49982e-11,1,1,True
tt,27,cell1_r020_0850,cell1,0.02,,0.85,-0.6948,-1.75066,5.62828e-11,1,1,True
tt,27,cell1_r020_0900,cell1,0.02,,0.9,-0.681187,-1.73573,5.79899e-11,1,1,True
tt,27,cell1_r020_0950,cell1,0.02,,0.95,-0.664406,-1.72006,6.01948e-11,1,1,True
tt,27,cell1_r020_1000,cell1,0.02,,1.0,-0.64404,-1.70389,6.29888e-11,1,1,True
tt,27,cell1_r020_1050,cell1,0.02,,1.05,-0.620176,-1.68737,6.63767e-11,1,1,True
tt,27,cell1_r020_1100,cell1,0.02,,1.1,-0.592763,-1.67057,7.02515e-11,1,1,True
tt,27,cell1_r020_1150,cell1,0.02,,1.15,-0.562146,-1.65352,7.46434e-11,1,1,True
tt,27,cell1_r020_1200,cell1,0.02,,1.2,-0.529258,-1.63626,7.96407e-11,1,1,True
tt,27,cell0_r050_n100,cell0,0.05,,-0.1,0.0540277,1.8,1.91169e-10,0,0,True
tt,27,cell0_r050_0000,cell0,0.05,,0.0,0.0540128,1.8,1.91181e-10,0,0,True
tt,27,cell1_r050_0300,cell1,0.05,,0.3,0.0539865,1.8,1.91201e-10,1,0,False
tt,27,cell1_r050_0350,cell1,0.05,,0.35,0.0539073,1.79999,1.91279e-10,1,0,False
tt,27,cell1_r050_0400,cell1,0.05,,0.4,0.0535552,1.79997,1.91628e-10,1,0,False
tt,27,cell1_r050_0450,cell1,0.05,,0.45,0.0521392,1.79991,1.93042e-10,1,0,False
tt,27,cell1_r050_0500,cell1,0.05,,0.5,0.04683,1.79969,1.98496e-10,1,0,False
tt,27,cell1_r050_0550,cell1,0.05,,0.55,0.0286413,1.79906,2.2478e-10,1,0,False
tt,27,cell1_r050_0600,cell1,0.05,,0.6,-0.0248844,-1.79664,2.35221e-10,1,1,True
tt,27,cell1_r050_0650,cell1,0.05,,0.65,-0.15075,-1.79252,1.47907e-10,1,1,True
tt,27,cell1_r050_0700,cell1,0.05,,0.7,-0.380351,-1.78577,9.65397e-11,1,1,True
tt,27,cell1_r050_0750,cell1,0.05,,0.75,-0.648824,-1.77627,6.14768e-11,1,1,True
tt,27,cell1_r050_0800,cell1,0.05,,0.8,-0.676443,-1.76437,5.88266e-11,1,1,True
tt,27,cell1_r050_0850,cell1,0.05,,0.85,-0.666569,-1.75066,6.00753e-11,1,1,True
tt,27,cell1_r050_0900,cell1,0.05,,0.9,-0.652503,-1.73573,6.18641e-11,1,1,True
tt,27,cell1_r050_0950,cell1,0.05,,0.95,-0.634825,-1.72006,6.42588e-11,1,1,True
tt,27,cell1_r050_1000,cell1,0.05,,1.0,-0.613521,-1.70389,6.71142e-11,1,1,True
tt,27,cell1_r050_1050,cell1,0.05,,1.05,-0.588283,-1.68737,7.05431e-11,1,1,True
tt,27,cell1_r050_1100,cell1,0.05,,1.1,-0.559546,-1.67057,7.45362e-11,1,1,True
tt,27,cell1_r050_1150,cell1,0.05,,1.15,-0.528226,-1.65352,7.91525e-11,1,1,True
tt,27,cell1_r050_1200,cell1,0.05,,1.2,-0.495009,-1.63626,8.45982e-11,1,1,True
tt,27,cell0_r100_n100,cell0,0.1,,-0.1,0.108309,1.79999,1.57925e-10,0,0,True
tt,27,cell0_r100_0000,cell0,0.1,,0.0,0.108294,1.79999,1.57931e-10,0,0,True
tt,27,cell1_r100_0300,cell1,0.1,,0.3,0.108268,1.79999,1.57939e-10,1,0,False
tt,27,cell1_r100_0350,cell1,0.1,,0.35,0.108189,1.79999,1.57979e-10,1,0,False
tt,27,cell1_r100_0400,cell1,0.1,,0.4,0.107838,1.79997,1.58162e-10,1,0,False
tt,27,cell1_r100_0450,cell1,0.1,,0.45,0.106427,1.7999,1.5891e-10,1,0,False
tt,27,cell1_r100_0500,cell1,0.1,,0.5,0.101141,1.79969,1.61871e-10,1,0,False
tt,27,cell1_r100_0550,cell1,0.1,,0.55,0.0830537,1.79906,1.7503e-10,1,0,False
tt,27,cell1_r100_0600,cell1,0.1,,0.6,0.0300149,1.79746,2.3639e-10,1,0,False
tt,27,cell1_r100_0650,cell1,0.1,,0.65,-0.0935345,-1.79252,1.74884e-10,1,1,True
tt,27,cell1_r100_0700,cell1,0.1,,0.7,-0.319229,-1.78577,1.07808e-10,1,1,True
tt,27,cell1_r100_0750,cell1,0.1,,0.75,-0.59597,-1.77627,6.79732e-11,1,1,True
tt,27,cell1_r100_0800,cell1,0.1,,0.8,-0.622814,-1.76437,6.59032e-11,1,1,True
tt,27,cell1_r100_0850,cell1,0.1,,0.85,-0.614166,-1.75066,6.70192e-11,1,1,True
tt,27,cell1_r100_0900,cell1,0.1,,0.9,-0.599883,-1.73573,6.87444e-11,1,1,True
tt,27,cell1_r100_0950,cell1,0.1,,0.95,-0.581073,-1.72006,7.10654e-11,1,1,True
tt,27,cell1_r100_1000,cell1,0.1,,1.0,-0.558024,-1.70389,7.40304e-11,1,1,True
tt,27,cell1_r100_1050,cell1,0.1,,1.05,-0.531348,-1.68737,7.76754e-11,1,1,True
tt,27,cell1_r100_1100,cell1,0.1,,1.1,-0.501798,-1.67057,8.2062e-11,1,1,True
tt,27,cell1_r100_1150,cell1,0.1,,1.15,-0.470049,-1.65352,8.75959e-11,1,1,True
tt,27,cell1_r100_1200,cell1,0.1,,1.2,-0.436594,-1.63626,9.37605e-11,1,1,True
tt,27,cell0_r200_n100,cell0,0.2,,-0.1,0.212798,1.8,1.28553e-10,0,0,True
tt,27,cell0_r200_0000,cell0,0.2,,0.0,0.212784,1.8,1.28557e-10,0,0,True
tt,27,cell1_r200_0300,cell1,0.2,,0.3,0.212758,1.8,1.28561e-10,1,0,False
tt,27,cell1_r200_0350,cell1,0.2,,0.35,0.212679,1.79999,1.2859e-10,1,0,False
tt,27,cell1_r200_0400,cell1,0.2,,0.4,0.212329,1.79997,1.28722e-10,1,0,False
tt,27,cell1_r200_0450,cell1,0.2,,0.45,0.210925,1.79991,1.29257e-10,1,0,False
tt,27,cell1_r200_0500,cell1,0.2,,0.5,0.205667,1.79969,1.31259e-10,1,0,False
tt,27,cell1_r200_0550,cell1,0.2,,0.55,0.187705,1.79906,1.38037e-10,1,0,False
tt,27,cell1_r200_0600,cell1,0.2,,0.6,0.135266,1.79746,1.58818e-10,1,0,False
tt,27,cell1_r200_0650,cell1,0.2,,0.65,0.0152153,1.79404,3.33584e-10,1,0,False
tt,27,cell1_r200_0700,cell1,0.2,,0.7,-0.198364,-1.78576,1.39754e-10,1,1,True
tt,27,cell1_r200_0750,cell1,0.2,,0.75,-0.476839,-1.77627,8.29679e-11,1,1,True
tt,27,cell1_r200_0800,cell1,0.2,,0.8,-0.507904,-1.76438,7.99014e-11,1,1,True
tt,27,cell1_r200_0850,cell1,0.2,,0.85,-0.498683,-1.75066,8.12742e-11,1,1,True
tt,27,cell1_r200_0900,cell1,0.2,,0.9,-0.483434,-1.73573,8.33095e-11,1,1,True
tt,27,cell1_r200_0950,cell1,0.2,,0.95,-0.463632,-1.72006,8.62165e-11,1,1,True
tt,27,cell1_r200_1000,cell1,0.2,,1.0,-0.439802,-1.70389,8.99313e-11,1,1,True
tt,27,cell1_r200_1050,cell1,0.2,,1.05,-0.412576,-1.68737,9.43544e-11,1,1,True
tt,27,cell1_r200_1100,cell1,0.2,,1.1,-0.382633,-1.67057,9.94224e-11,1,1,True
tt,27,cell1_r200_1150,cell1,0.2,,1.15,-0.350576,-1.65352,1.0515e-10,1,1,True
tt,27,cell1_r200_1200,cell1,0.2,,1.2,-0.316874,-1.63626,1.11719e-10,1,1,True
tt,125,st_m100mv,stage,0.1,-100,,-0.113585,-1.79989,1.45474e-10,1,1,True
tt,125,st_m50mv,stage,0.1,-50,,-0.0574443,-1.79989,1.72959e-10,1,1,True
tt,125,st_m20mv,stage,0.1,-20,,-0.0231106,-1.79989,2.10616e-10,1,1,True
tt,125,st_m10mv,stage,0.1,-10,,-0.0115752,-1.79989,2.39812e-10,1,1,True
tt,125,st_m5mv,stage,0.1,-5,,-0.00579235,-1.79989,2.66495e-10,1,1,True
tt,125,st_m2mv,stage,0.1,-2,,-0.00231805,-1.79989,3.04506e-10,1,1,True
tt,125,st_m1mv,stage,0.1,-1,,-0.00115921,-1.79989,3.32938e-10,1,1,True
tt,125,st_p1mv,stage,0.1,1,,0.00115957,1.79989,3.32853e-10,0,0,True
tt,125,st_p2mv,stage,0.1,2,,0.0023195,1.79989,3.04359e-10,0,0,True
tt,125,st_p5mv,stage,0.1,5,,0.00580141,1.79989,2.66108e-10,0,0,True
tt,125,st_p10mv,stage,0.1,10,,0.0116114,1.79989,2.39001e-10,0,0,True
tt,125,st_p20mv,stage,0.1,20,,0.0232552,1.79989,2.09132e-10,0,0,True
tt,125,st_p50mv,stage,0.1,50,,0.0583313,1.79989,1.6874e-10,0,0,True
tt,125,st_p100mv,stage,0.1,100,,0.116783,1.79989,1.37701e-10,0,0,True
tt,125,cell0_r020_n100,cell0,0.02,,-0.1,0.022161,1.79989,2.12229e-10,0,0,True
tt,125,cell0_r020_0000,cell0,0.02,,0.0,0.0221469,1.79989,2.12252e-10,0,0,True
tt,125,cell1_r020_0300,cell1,0.02,,0.3,0.0208412,1.79985,2.14877e-10,1,0,False
tt,125,cell1_r020_0350,cell1,0.02,,0.35,0.018396,1.79978,2.2053e-10,1,0,False
tt,125,cell1_r020_0400,cell1,0.02,,0.4,0.0117816,1.79961,2.42367e-10,1,0,False
tt,125,cell1_r020_0450,cell1,0.02,,0.45,-0.00525088,-1.79867,2.67302e-10,1,1,True
tt,125,cell1_r020_0500,cell1,0.02,,0.5,-0.0458649,-1.79712,1.81475e-10,1,1,True
tt,125,cell1_r020_0550,cell1,0.02,,0.55,-0.132215,-1.79412,1.36281e-10,1,1,True
tt,125,cell1_r020_0600,cell1,0.02,,0.6,-0.290465,-1.78902,9.95398e-11,1,1,True
tt,125,cell1_r020_0650,cell1,0.02,,0.65,-0.514094,-1.7814,6.73257e-11,1,1,True
tt,125,cell1_r020_0700,cell1,0.02,,0.7,-0.637175,-1.77123,5.28522e-11,1,1,True
tt,125,cell1_r020_0750,cell1,0.02,,0.75,-0.640223,-1.75879,5.25554e-11,1,1,True
tt,125,cell1_r020_0800,cell1,0.02,,0.8,-0.631542,-1.74458,5.34853e-11,1,1,True
tt,125,cell1_r020_0850,cell1,0.02,,0.85,-0.620063,-1.72912,5.47642e-11,1,1,True
tt,125,cell1_r020_0900,cell1,0.02,,0.9,-0.605597,-1.71281,5.64616e-11,1,1,True
tt,125,cell1_r020_0950,cell1,0.02,,0.95,-0.588216,-1.6959,5.85986e-11,1,1,True
tt,125,cell1_r020_1000,cell1,0.02,,1.0,-0.568262,-1.67854,6.11744e-11,1,1,True
tt,125,cell1_r020_1050,cell1,0.02,,1.05,-0.546201,-1.66084,6.41879e-11,1,1,True
tt,125,cell1_r020_1100,cell1,0.02,,1.1,-0.522399,-1.64287,6.77706e-11,1,1,True
tt,125,cell1_r020_1150,cell1,0.02,,1.15,-0.496965,-1.62466,7.17301e-11,1,1,True
tt,125,cell1_r020_1200,cell1,0.02,,1.2,-0.469978,-1.60624,7.60135e-11,1,1,True
tt,125,cell0_r050_n100,cell0,0.05,,-0.1,0.0574121,1.79989,1.71722e-10,0,0,True
tt,125,cell0_r050_0000,cell0,0.05,,0.0,0.0573981,1.79989,1.71731e-10,0,0,True
tt,125,cell1_r050_0300,cell1,0.05,,0.3,0.056091,1.79985,1.7293e-10,1,0,False
tt,125,cell1_r050_0350,cell1,0.05,,0.35,0.0536445,1.79978,1.75347e-10,1,0,False
tt,125,cell1_r050_0400,cell1,0.05,,0.4,0.0470295,1.79961,1.82495e-10,1,0,False
tt,125,cell1_r050_0450,cell1,0.05,,0.45,0.0300099,1.79921,2.04184e-10,1,0,False
tt,125,cell1_r050_0500,cell1,0.05,,0.5,-0.0105045,-1.79712,2.37938e-10,1,1,True
tt,125,cell1_r050_0550,cell1,0.05,,0.55,-0.0964072,-1.79412,1.5106e-10,1,1,True
tt,125,cell1_r050_0600,cell1,0.05,,0.6,-0.253774,-1.78902,1.06871e-10,1,1,True
tt,125,cell1_r050_0650,cell1,0.05,,0.65,-0.484664,-1.7814,7.13677e-11,1,1,True
tt,125,cell1_r050_0700,cell1,0.05,,0.7,-0.610683,-1.77123,5.60547e-11,1,1,True
tt,125,cell1_r050_0750,cell1,0.05,,0.75,-0.614801,-1.75879,5.55804e-11,1,1,True
tt,125,cell1_r050_0800,cell1,0.05,,0.8,-0.606265,-1.74458,5.6509e-11,1,1,True
tt,125,cell1_r050_0850,cell1,0.05,,0.85,-0.59479,-1.72912,5.78086e-11,1,1,True
tt,125,cell1_r050_0900,cell1,0.05,,0.9,-0.580261,-1.71281,5.95339e-11,1,1,True
tt,125,cell1_r050_0950,cell1,0.05,,0.95,-0.562797,-1.6959,6.17214e-11,1,1,True
tt,125,cell1_r050_1000,cell1,0.05,,1.0,-0.542808,-1.67854,6.43844e-11,1,1,True
tt,125,cell1_r050_1050,cell1,0.05,,1.05,-0.520684,-1.66084,6.76257e-11,1,1,True
tt,125,cell1_r050_1100,cell1,0.05,,1.1,-0.496584,-1.64287,7.12778e-11,1,1,True
tt,125,cell1_r050_1150,cell1,0.05,,1.15,-0.470672,-1.62466,7.52929e-11,1,1,True
tt,125,cell1_r050_1200,cell1,0.05,,1.2,-0.443015,-1.60624,7.97109e-11,1,1,True
tt,125,cell0_r100_n100,cell0,0.1,,-0.1,0.114371,1.79989,1.4343e-10,0,0,True
tt,125,cell0_r100_0000,cell0,0.1,,0.0,0.114357,1.79989,1.43434e-10,0,0,True
tt,125,cell1_r100_0300,cell1,0.1,,0.3,0.113051,1.79985,1.44033e-10,1,0,False
tt,125,cell1_r100_0350,cell1,0.1,,0.35,0.11061,1.79978,1.45176e-10,1,0,False
tt,125,cell1_r100_0400,cell1,0.1,,0.4,0.104013,1.79961,1.48337e-10,1,0,False
tt,125,cell1_r100_0450,cell1,0.1,,0.45,0.0870601,1.7992,1.57131e-10,1,0,False
tt,125,cell1_r100_0500,cell1,0.1,,0.5,0.0468065,1.7983,1.90262e-10,1,0,False
tt,125,cell1_r100_0550,cell1,0.1,,0.55,-0.0381334,-1.79412,1.90233e-10,1,1,True
tt,125,cell1_r100_0600,cell1,0.1,,0.6,-0.193209,-1.78902,1.21106e-10,1,1,True
tt,125,cell1_r100_0650,cell1,0.1,,0.65,-0.428993,-1.7814,7.89655e-11,1,1,True
tt,125,cell1_r100_0700,cell1,0.1,,0.7,-0.569277,-1.77123,6.13467e-11,1,1,True
tt,125,cell1_r100_0750,cell1,0.1,,0.75,-0.570654,-1.75879,6.10169e-11,1,1,True
tt,125,cell1_r100_0800,cell1,0.1,,0.8,-0.562864,-1.74458,6.18696e-11,1,1,True
tt,125,cell1_r100_0850,cell1,0.1,,0.85,-0.551543,-1.72912,6.31904e-11,1,1,True
tt,125,cell1_r100_0900,cell1,0.1,,0.9,-0.537115,-1.71281,6.49857e-11,1,1,True
tt,125,cell1_r100_0950,cell1,0.1,,0.95,-0.519732,-1.6959,6.73448e-11,1,1,True
tt,125,cell1_r100_1000,cell1,0.1,,1.0,-0.499531,-1.67854,7.01911e-11,1,1,True
tt,125,cell1_r100_1050,cell1,0.1,,1.05,-0.476769,-1.66084,7.35043e-11,1,1,True
tt,125,cell1_r100_1100,cell1,0.1,,1.1,-0.451717,-1.64286,7.72793e-11,1,1,True
tt,125,cell1_r100_1150,cell1,0.1,,1.15,-0.424419,-1.62466,8.15604e-11,1,1,True
tt,125,cell1_r100_1200,cell1,0.1,,1.2,-0.394608,-1.60624,8.67893e-11,1,1,True
tt,125,cell0_r200_n100,cell0,0.2,,-0.1,0.222113,1.79989,1.13368e-10,0,0,True
tt,125,cell0_r200_0000,cell0,0.2,,0.0,0.2221,1.79989,1.13369e-10,0,0,True
tt,125,cell1_r200_0300,cell1,0.2,,0.3,0.220806,1.79985,1.13701e-10,1,0,False
tt,125,cell1_r200_0350,cell1,0.2,,0.35,0.218391,1.79978,1.14339e-10,1,0,False
tt,125,cell1_r200_0400,cell1,0.2,,0.4,0.211868,1.79961,1.16106e-10,1,0,False
tt,125,cell1_r200_0450,cell1,0.2,,0.45,0.19512,1.79921,1.21022e-10,1,0,False
tt,125,cell1_r200_0500,cell1,0.2,,0.5,0.155463,1.7983,1.35688e-10,1,0,False
tt,125,cell1_r200_0550,cell1,0.2,,0.55,0.0724657,1.79644,1.78705e-10,1,0,False
tt,125,cell1_r200_0600,cell1,0.2,,0.6,-0.0767602,-1.78902,1.64298e-10,1,1,True
tt,125,cell1_r200_0650,cell1,0.2,,0.65,-0.30778,-1.7814,9.94261e-11,1,1,True
tt,125,cell1_r200_0700,cell1,0.2,,0.7,-0.480999,-1.77122,7.29424e-11,1,1,True
tt,125,cell1_r200_0750,cell1,0.2,,0.75,-0.481328,-1.75879,7.297e-11,1,1,True
tt,125,cell1_r200_0800,cell1,0.2,,0.8,-0.473622,-1.74458,7.38338e-11,1,1,True
tt,125,cell1_r200_0850,cell1,0.2,,0.85,-0.462056,-1.72912,7.51567e-11,1,1,True
tt,125,cell1_r200_0900,cell1,0.2,,0.9,-0.446645,-1.71281,7.70633e-11,1,1,True
tt,125,cell1_r200_0950,cell1,0.2,,0.95,-0.427391,-1.69589,7.95984e-11,1,1,True
tt,125,cell1_r200_1000,cell1,0.2,,1.0,-0.40435,-1.67854,8.28209e-11,1,1,True
tt,125,cell1_r200_1050,cell1,0.2,,1.05,-0.377672,-1.66084,8.71177e-11,1,1,True
tt,125,cell1_r200_1100,cell1,0.2,,1.1,-0.347795,-1.64287,9.24799e-11,1,1,True
tt,125,cell1_r200_1150,cell1,0.2,,1.15,-0.315459,-1.62466,9.85353e-11,1,1,True
tt,125,cell1_r200_1200,cell1,0.2,,1.2,-0.281412,-1.60625,1.04714e-10,1,1,True
ss,27,st_m100mv,stage,0.1,-100,,-0.110573,-1.8,2.05848e-10,1,1,True
ss,27,st_m50mv,stage,0.1,-50,,-0.0559126,-1.8,2.51172e-10,1,1,True
ss,27,st_m20mv,stage,0.1,-20,,-0.0224515,-1.8,3.11271e-10,1,1,True
ss,27,st_m10mv,stage,0.1,-10,,-0.0112329,-1.8,3.56908e-10,1,1,True
ss,27,st_m5mv,stage,0.1,-5,,-0.00561749,-1.8,4.03053e-10,1,1,True
ss,27,st_m2mv,stage,0.1,-2,,-0.00224715,-1.8,4.64568e-10,1,1,True
ss,27,st_m1mv,stage,0.1,-1,,-0.0011236,-1.8,5.10379e-10,1,1,True
ss,27,st_p1mv,stage,0.1,1,,0.00112362,1.8,5.10213e-10,0,0,True
ss,27,st_p2mv,stage,0.1,2,,0.00224725,1.8,4.64207e-10,0,0,True
ss,27,st_p5mv,stage,0.1,5,,0.00561811,1.8,4.02328e-10,0,0,True
ss,27,st_p10mv,stage,0.1,10,,0.0112353,1.8,3.55392e-10,0,0,True
ss,27,st_p20mv,stage,0.1,20,,0.0224614,1.8,3.08093e-10,0,0,True
ss,27,st_p50mv,stage,0.1,50,,0.0559773,1.8,2.44782e-10,0,0,True
ss,27,st_p100mv,stage,0.1,100,,0.110882,1.8,1.94334e-10,0,0,True
ss,27,cell0_r020_n100,cell0,0.02,,-0.1,0.0208772,1.8,3.0279e-10,0,0,True
ss,27,cell0_r020_0000,cell0,0.02,,0.0,0.0208611,1.8,3.02837e-10,0,0,True
ss,27,cell1_r020_0300,cell1,0.02,,0.3,0.0208389,1.8,3.029e-10,1,0,False
ss,27,cell1_r020_0350,cell1,0.02,,0.35,0.0208387,1.8,3.029e-10,1,0,False
ss,27,cell1_r020_0400,cell1,0.02,,0.4,0.0208223,1.8,3.0295e-10,1,0,False
ss,27,cell1_r020_0450,cell1,0.02,,0.45,0.0207098,1.79999,3.03295e-10,1,0,False
ss,27,cell1_r020_0500,cell1,0.02,,0.5,0.0201313,1.79996,3.05126e-10,1,0,False
ss,27,cell1_r020_0550,cell1,0.02,,0.55,0.0175121,1.79982,3.14966e-10,1,0,False
ss,27,cell1_r020_0600,cell1,0.02,,0.6,0.00703606,1.7994,3.72349e-10,1,0,False
ss,27,cell1_r020_0650,cell1,0.02,,0.65,-0.0278789,-1.79763,2.97047e-10,1,1,True
ss,27,cell1_r020_0700,cell1,0.02,,0.7,-0.118547,-1.79448,1.97717e-10,1,1,True
ss,27,cell1_r020_0750,cell1,0.02,,0.75,-0.300542,-1.78902,1.3323e-10,1,1,True
ss,27,cell1_r020_0800,cell1,0.02,,0.8,-0.576071,-1.78095,8.09531e-11,1,1,True
ss,27,cell1_r020_0850,cell1,0.02,,0.85,-0.726793,-1.77041,6.1247e-11,1,1,True
ss,27,cell1_r020_0900,cell1,0.02,,0.9,-0.725303,-1.75788,6.16997e-11,1,1,True
ss,27,cell1_r020_0950,cell1,0.02,,0.95,-0.713208,-1.74398,6.35441e-11,1,1,True
ss,27,cell1_r020_1000,cell1,0.02,,1.0,-0.697159,-1.7292,6.5902e-11,1,1,True
ss,27,cell1_r020_1050,cell1,0.02,,1.05,-0.676898,-1.71386,6.88322e-11,1,1,True
ss,27,cell1_r020_1100,cell1,0.02,,1.1,-0.652991,-1.69808,7.24728e-11,1,1,True
ss,27,cell1_r020_1150,cell1,0.02,,1.15,-0.625546,-1.68197,7.68157e-11,1,1,True
ss,27,cell1_r020_1200,cell1,0.02,,1.2,-0.595148,-1.66557,8.19459e-11,1,1,True
ss,27,cell0_r050_n100,cell0,0.05,,-0.1,0.0543051,1.8,2.44798e-10,0,0,True
ss,27,cell0_r050_0000,cell0,0.05,,0.0,0.0542893,1.8,2.44815e-10,0,0,True
ss,27,cell1_r050_0300,cell1,0.05,,0.3,0.0542675,1.8,2.44836e-10,1,0,False
ss,27,cell1_r050_0350,cell1,0.05,,0.35,0.0542673,1.8,2.44836e-10,1,0,False
ss,27,cell1_r050_0400,cell1,0.05,,0.4,0.0542509,1.79999,2.44855e-10,1,0,False
ss,27,cell1_r050_0450,cell1,0.05,,0.45,0.0541385,1.79999,2.44997e-10,1,0,False
ss,27,cell1_r050_0500,cell1,0.05,,0.5,0.0535613,1.79995,2.45733e-10,1,0,False
ss,27,cell1_r050_0550,cell1,0.05,,0.55,0.0509497,1.79982,2.49184e-10,1,0,False
ss,27,cell1_r050_0600,cell1,0.05,,0.6,0.0405119,1.7994,2.67039e-10,1,0,False
ss,27,cell1_r050_0650,cell1,0.05,,0.65,0.00578283,1.79829,4.10179e-10,1,0,False
ss,27,cell1_r050_0700,cell1,0.05,,0.7,-0.0840327,-1.79448,2.24758e-10,1,1,True
ss,27,cell1_r050_0750,cell1,0.05,,0.75,-0.263982,-1.78902,1.43588e-10,1,1,True
ss,27,cell1_r050_0800,cell1,0.05,,0.8,-0.539894,-1.78096,8.71283e-11,1,1,True
ss,27,cell1_r050_0850,cell1,0.05,,0.85,-0.69361,-1.77041,6.6431e-11,1,1,True
ss,27,cell1_r050_0900,cell1,0.05,,0.9,-0.693298,-1.75788,6.66309e-11,1,1,True
ss,27,cell1_r050_0950,cell1,0.05,,0.95,-0.681494,-1.74398,6.82598e-11,1,1,True
ss,27,cell1_r050_1000,cell1,0.05,,1.0,-0.665117,-1.7292,7.05784e-11,1,1,True
ss,27,cell1_r050_1050,cell1,0.05,,1.05,-0.644565,-1.71386,7.36013e-11,1,1,True
ss,27,cell1_r050_1100,cell1,0.05,,1.1,-0.619745,-1.69808,7.7396e-11,1,1,True
ss,27,cell1_r050_1150,cell1,0.05,,1.15,-0.591434,-1.68197,8.20314e-11,1,1,True
ss,27,cell1_r050_1200,cell1,0.05,,1.2,-0.560557,-1.66557,8.76704e-11,1,1,True
ss,27,cell0_r100_n100,cell0,0.1,,-0.1,0.108902,1.8,2.0079e-10,0,0,True
ss,27,cell0_r100_0000,cell0,0.1,,0.0,0.108887,1.8,2.00799e-10,0,0,True
ss,27,cell1_r100_0300,cell1,0.1,,0.3,0.108866,1.8,2.00807e-10,1,0,False
ss,27,cell1_r100_0350,cell1,0.1,,0.35,0.108866,1.8,2.00806e-10,1,0,False
ss,27,cell1_r100_0400,cell1,0.1,,0.4,0.108849,1.8,2.00817e-10,1,0,False
ss,27,cell1_r100_0450,cell1,0.1,,0.45,0.108737,1.79999,2.00895e-10,1,0,False
ss,27,cell1_r100_0500,cell1,0.1,,0.5,0.108162,1.79996,2.01306e-10,1,0,False
ss,27,cell1_r100_0550,cell1,0.1,,0.55,0.105561,1.79982,2.03216e-10,1,0,False
ss,27,cell1_r100_0600,cell1,0.1,,0.6,0.0951799,1.7994,2.11977e-10,1,0,False
ss,27,cell1_r100_0650,cell1,0.1,,0.65,0.0607285,1.79828,2.48873e-10,1,0,False
ss,27,cell1_r100_0700,cell1,0.1,,0.7,-0.0277005,-1.79448,2.97667e-10,1,1,True
ss,27,cell1_r100_0750,cell1,0.1,,0.75,-0.203105,-1.78902,1.64646e-10,1,1,True
ss,27,cell1_r100_0800,cell1,0.1,,0.8,-0.477944,-1.78096,9.71811e-11,1,1,True
ss,27,cell1_r100_0850,cell1,0.1,,0.85,-0.641042,-1.77041,7.36497e-11,1,1,True
ss,27,cell1_r100_0900,cell1,0.1,,0.9,-0.637719,-1.75788,7.44775e-11,1,1,True
ss,27,cell1_r100_0950,cell1,0.1,,0.95,-0.625906,-1.74398,7.61569e-11,1,1,True
ss,27,cell1_r100_1000,cell1,0.1,,1.0,-0.608873,-1.72921,7.8599e-11,1,1,True
ss,27,cell1_r100_1050,cell1,0.1,,1.05,-0.587113,-1.71386,8.19185e-11,1,1,True
ss,27,cell1_r100_1100,cell1,0.1,,1.1,-0.561329,-1.69808,8.62473e-11,1,1,True
ss,27,cell1_r100_1150,cell1,0.1,,1.15,-0.532433,-1.68197,9.13464e-11,1,1,True
ss,27,cell1_r100_1200,cell1,0.1,,1.2,-0.501227,-1.66557,9.70322e-11,1,1,True
ss,27,cell0_r200_n100,cell0,0.2,,-0.1,0.213571,1.8,1.58066e-10,0,0,True
ss,27,cell0_r200_0000,cell0,0.2,,0.0,0.213556,1.8,1.5807e-10,0,0,True
ss,27,cell1_r200_0300,cell1,0.2,,0.3,0.213535,1.8,1.58073e-10,1,0,False
ss,27,cell1_r200_0350,cell1,0.2,,0.35,0.213535,1.8,1.58072e-10,1,0,False
ss,27,cell1_r200_0400,cell1,0.2,,0.4,0.213518,1.8,1.58079e-10,1,0,False
ss,27,cell1_r200_0450,cell1,0.2,,0.45,0.213406,1.79999,1.58127e-10,1,0,False
ss,27,cell1_r200_0500,cell1,0.2,,0.5,0.212833,1.79995,1.58383e-10,1,0,False
ss,27,cell1_r200_0550,cell1,0.2,,0.55,0.210245,1.79982,1.59567e-10,1,0,False
ss,27,cell1_r200_0600,cell1,0.2,,0.6,0.199924,1.7994,1.64701e-10,1,0,False
ss,27,cell1_r200_0650,cell1,0.2,,0.65,0.165777,1.79829,1.83033e-10,1,0,False
ss,27,cell1_r200_0700,cell1,0.2,,0.7,0.0790697,1.79581,2.48244e-10,1,0,False
ss,27,cell1_r200_0750,cell1,0.2,,0.75,-0.0871292,-1.78902,2.2731e-10,1,1,True
ss,27,cell1_r200_0800,cell1,0.2,,0.8,-0.351691,-1.78095,1.19891e-10,1,1,True
ss,27,cell1_r200_0850,cell1,0.2,,0.85,-0.521782,-1.77041,9.03427e-11,1,1,True
ss,27,cell1_r200_0900,cell1,0.2,,0.9,-0.518466,-1.75788,9.14106e-11,1,1,True
ss,27,cell1_r200_0950,cell1,0.2,,0.95,-0.506119,-1.74398,9.33333e-11,1,1,True
ss,27,cell1_r200_1000,cell1,0.2,,1.0,-0.488489,-1.72921,9.60113e-11,1,1,True
ss,27,cell1_r200_1050,cell1,0.2,,1.05,-0.466203,-1.71386,9.95462e-11,1,1,True
ss,27,cell1_r200_1100,cell1,0.2,,1.1,-0.440024,-1.69808,1.0399e-10,1,1,True
ss,27,cell1_r200_1150,cell1,0.2,,1.15,-0.410829,-1.68197,1.0942e-10,1,1,True
ss,27,cell1_r200_1200,cell1,0.2,,1.2,-0.379376,-1.66557,1.16054e-10,1,1,True
ss,125,st_m100mv,stage,0.1,-100,,-0.111727,-1.79998,1.72628e-10,1,1,True
ss,125,st_m50mv,stage,0.1,-50,,-0.056453,-1.79998,2.07713e-10,1,1,True
ss,125,st_m20mv,stage,0.1,-20,,-0.022685,-1.79997,2.54225e-10,1,1,True
ss,125,st_m10mv,stage,0.1,-10,,-0.0113563,-1.79998,2.89986e-10,1,1,True
ss,125,st_m5mv,stage,0.1,-5,,-0.00568127,-1.79998,3.24357e-10,1,1,True
ss,125,st_m2mv,stage,0.1,-2,,-0.00227322,-1.79998,3.70859e-10,1,1,True
ss,125,st_m1mv,stage,0.1,-1,,-0.00113672,-1.79998,4.0666e-10,1,1,True
ss,125,st_p1mv,stage,0.1,1,,0.00113695,1.79998,4.06576e-10,0,0,True
ss,125,st_p2mv,stage,0.1,2,,0.00227412,1.79998,3.7067e-10,0,0,True
ss,125,st_p5mv,stage,0.1,5,,0.00568692,1.79998,3.23861e-10,0,0,True
ss,125,st_p10mv,stage,0.1,10,,0.0113789,1.79998,2.89088e-10,0,0,True
ss,125,st_p20mv,stage,0.1,20,,0.022776,1.79997,2.52557e-10,0,0,True
ss,125,st_p50mv,stage,0.1,50,,0.0570418,1.79998,2.03592e-10,0,0,True
ss,125,st_p100mv,stage,0.1,100,,0.114255,1.79997,1.63977e-10,0,0,True
ss,125,cell0_r020_n100,cell0,0.02,,-0.1,0.0218027,1.79997,2.56584e-10,0,0,True
ss,125,cell0_r020_0000,cell0,0.02,,0.0,0.0217857,1.79997,2.5662e-10,0,0,True
ss,125,cell1_r020_0300,cell1,0.02,,0.3,0.0216766,1.79997,2.56876e-10,1,0,False
ss,125,cell1_r020_0350,cell1,0.02,,0.35,0.0213783,1.79996,2.57611e-10,1,0,False
ss,125,cell1_r020_0400,cell1,0.02,,0.4,0.0203828,1.79992,2.60152e-10,1,0,False
ss,125,cell1_r020_0450,cell1,0.02,,0.45,0.0172451,1.79982,2.6944e-10,1,0,False
ss,125,cell1_r020_0500,cell1,0.02,,0.5,0.00792813,1.79955,3.1424e-10,1,0,False
ss,125,cell1_r020_0550,cell1,0.02,,0.55,-0.0174616,-1.798,2.6627e-10,1,1,True
ss,125,cell1_r020_0600,cell1,0.02,,0.6,-0.0782734,-1.79554,1.8986e-10,1,1,True
ss,125,cell1_r020_0650,cell1,0.02,,0.65,-0.201475,-1.79119,1.3932e-10,1,1,True
ss,125,cell1_r020_0700,cell1,0.02,,0.7,-0.40819,-1.78451,9.6027e-11,1,1,True
ss,125,cell1_r020_0750,cell1,0.02,,0.75,-0.627446,-1.77545,6.42345e-11,1,1,True
ss,125,cell1_r020_0800,cell1,0.02,,0.8,-0.668065,-1.76425,5.87846e-11,1,1,True
ss,125,cell1_r020_0850,cell1,0.02,,0.85,-0.658626,-1.75134,5.99688e-11,1,1,True
ss,125,cell1_r020_0900,cell1,0.02,,0.9,-0.646287,-1.73717,6.15661e-11,1,1,True
ss,125,cell1_r020_0950,cell1,0.02,,0.95,-0.631427,-1.72211,6.35795e-11,1,1,True
ss,125,cell1_r020_1000,cell1,0.02,,1.0,-0.614067,-1.70639,6.60499e-11,1,1,True
ss,125,cell1_r020_1050,cell1,0.02,,1.05,-0.594464,-1.69017,6.89488e-11,1,1,True
ss,125,cell1_r020_1100,cell1,0.02,,1.1,-0.573037,-1.67355,7.22538e-11,1,1,True
ss,125,cell1_r020_1150,cell1,0.02,,1.15,-0.550045,-1.65658,7.59425e-11,1,1,True
ss,125,cell1_r020_1200,cell1,0.02,,1.2,-0.525483,-1.63932,8.00322e-11,1,1,True
ss,125,cell0_r050_n100,cell0,0.05,,-0.1,0.0562694,1.79998,2.07286e-10,0,0,True
ss,125,cell0_r050_0000,cell0,0.05,,0.0,0.0562527,1.79998,2.07299e-10,0,0,True
ss,125,cell1_r050_0300,cell1,0.05,,0.3,0.0561436,1.79997,2.07399e-10,1,0,False
ss,125,cell1_r050_0350,cell1,0.05,,0.35,0.0558453,1.79996,2.07698e-10,1,0,False
ss,125,cell1_r050_0400,cell1,0.05,,0.4,0.0548504,1.79993,2.0871e-10,1,0,False
ss,125,cell1_r050_0450,cell1,0.05,,0.45,0.051716,1.79982,2.12054e-10,1,0,False
ss,125,cell1_r050_0500,cell1,0.05,,0.5,0.0424141,1.79955,2.2413e-10,1,0,False
ss,125,cell1_r050_0550,cell1,0.05,,0.55,0.0170952,1.79889,2.80548e-10,1,0,False
ss,125,cell1_r050_0600,cell1,0.05,,0.6,-0.043407,-1.79554,2.19611e-10,1,1,True
ss,125,cell1_r050_0650,cell1,0.05,,0.65,-0.165624,-1.79119,1.51016e-10,1,1,True
ss,125,cell1_r050_0700,cell1,0.05,,0.7,-0.371408,-1.78451,1.02576e-10,1,1,True
ss,125,cell1_r050_0750,cell1,0.05,,0.75,-0.605217,-1.77545,6.75352e-11,1,1,True
ss,125,cell1_r050_0800,cell1,0.05,,0.8,-0.641664,-1.76425,6.24906e-11,1,1,True
ss,125,cell1_r050_0850,cell1,0.05,,0.85,-0.6329,-1.75134,6.36237e-11,1,1,True
ss,125,cell1_r050_0900,cell1,0.05,,0.9,-0.620577,-1.73717,6.52649e-11,1,1,True
ss,125,cell1_r050_0950,cell1,0.05,,0.95,-0.605665,-1.72211,6.73014e-11,1,1,True
ss,125,cell1_r050_1000,cell1,0.05,,1.0,-0.588257,-1.70639,6.97848e-11,1,1,True
ss,125,cell1_r050_1050,cell1,0.05,,1.05,-0.568701,-1.69017,7.27117e-11,1,1,True
ss,125,cell1_r050_1100,cell1,0.05,,1.1,-0.54722,-1.67355,7.60639e-11,1,1,True
ss,125,cell1_r050_1150,cell1,0.05,,1.15,-0.523826,-1.65658,7.98579e-11,1,1,True
ss,125,cell1_r050_1200,cell1,0.05,,1.2,-0.498499,-1.63932,8.41652e-11,1,1,True
ss,125,cell0_r100_n100,cell0,0.1,,-0.1,0.112054,1.79998,1.71137e-10,0,0,True
ss,125,cell0_r100_0000,cell0,0.1,,0.0,0.112038,1.79998,1.71144e-10,0,0,True
ss,125,cell1_r100_0300,cell1,0.1,,0.3,0.111929,1.79997,1.71201e-10,1,0,False
ss,125,cell1_r100_0350,cell1,0.1,,0.35,0.111631,1.79996,1.71381e-10,1,0,False
ss,125,cell1_r100_0400,cell1,0.1,,0.4,0.110639,1.79992,1.71992e-10,1,0,False
ss,125,cell1_r100_0450,cell1,0.1,,0.45,0.107516,1.79982,1.73992e-10,1,0,False
ss,125,cell1_r100_0500,cell1,0.1,,0.5,0.0982552,1.79955,1.80324e-10,1,0,False
ss,125,cell1_r100_0550,cell1,0.1,,0.55,0.0730907,1.79889,1.99206e-10,1,0,False
ss,125,cell1_r100_0600,cell1,0.1,,0.6,0.0131818,1.79745,3.22734e-10,1,0,False
ss,125,cell1_r100_0650,cell1,0.1,,0.65,-0.107071,-1.79119,1.75952e-10,1,1,True
ss,125,cell1_r100_0700,cell1,0.1,,0.7,-0.309939,-1.78451,1.14507e-10,1,1,True
ss,125,cell1_r100_0750,cell1,0.1,,0.75,-0.561371,-1.77545,7.38444e-11,1,1,True
ss,125,cell1_r100_0800,cell1,0.1,,0.8,-0.595945,-1.76425,6.91302e-11,1,1,True
ss,125,cell1_r100_0850,cell1,0.1,,0.85,-0.588347,-1.75134,7.00532e-11,1,1,True
ss,125,cell1_r100_0900,cell1,0.1,,0.9,-0.576489,-1.73717,7.16239e-11,1,1,True
ss,125,cell1_r100_0950,cell1,0.1,,0.95,-0.561861,-1.72211,7.36523e-11,1,1,True
ss,125,cell1_r100_1000,cell1,0.1,,1.0,-0.544553,-1.70639,7.61569e-11,1,1,True
ss,125,cell1_r100_1050,cell1,0.1,,1.05,-0.524578,-1.69017,7.91797e-11,1,1,True
ss,125,cell1_r100_1100,cell1,0.1,,1.1,-0.502018,-1.67355,8.27702e-11,1,1,True
ss,125,cell1_r100_1150,cell1,0.1,,1.15,-0.476848,-1.65658,8.72669e-11,1,1,True
ss,125,cell1_r100_1200,cell1,0.1,,1.2,-0.448896,-1.63932,9.27498e-11,1,1,True
ss,125,cell0_r200_n100,cell0,0.2,,-0.1,0.218128,1.79998,1.37201e-10,0,0,True
ss,125,cell0_r200_0000,cell0,0.2,,0.0,0.218112,1.79998,1.37203e-10,0,0,True
ss,125,cell1_r200_0300,cell1,0.2,,0.3,0.218003,1.79997,1.37233e-10,1,0,False
ss,125,cell1_r200_0350,cell1,0.2,,0.35,0.217707,1.79996,1.37333e-10,1,0,False
ss,125,cell1_r200_0400,cell1,0.2,,0.4,0.216722,1.79992,1.37666e-10,1,0,False
ss,125,cell1_r200_0450,cell1,0.2,,0.45,0.213623,1.79982,1.38722e-10,1,0,False
ss,125,cell1_r200_0500,cell1,0.2,,0.5,0.204443,1.79955,1.41884e-10,1,0,False
ss,125,cell1_r200_0550,cell1,0.2,,0.55,0.179552,1.79889,1.508e-10,1,0,False
ss,125,cell1_r200_0600,cell1,0.2,,0.6,0.120633,1.79745,1.78553e-10,1,0,False
ss,125,cell1_r200_0650,cell1,0.2,,0.65,0.00407052,-1.79119,3.18601e-10,1,1,True
ss,125,cell1_r200_0700,cell1,0.2,,0.7,-0.189607,-1.78451,1.4714e-10,1,1,True
ss,125,cell1_r200_0750,cell1,0.2,,0.75,-0.447485,-1.77545,9.00801e-11,1,1,True
ss,125,cell1_r200_0800,cell1,0.2,,0.8,-0.502148,-1.76425,8.26412e-11,1,1,True
ss,125,cell1_r200_0850,cell1,0.2,,0.85,-0.49495,-1.75134,8.37786e-11,1,1,True
ss,125,cell1_r200_0900,cell1,0.2,,0.9,-0.482429,-1.73717,8.55941e-11,1,1,True
ss,125,cell1_r200_0950,cell1,0.2,,0.95,-0.465811,-1.72211,8.827e-11,1,1,True
ss,125,cell1_r200_1000,cell1,0.2,,1.0,-0.445248,-1.70639,9.14379e-11,1,1,True
ss,125,cell1_r200_1050,cell1,0.2,,1.05,-0.421022,-1.69017,9.53918e-11,1,1,True
ss,125,cell1_r200_1100,cell1,0.2,,1.1,-0.393716,-1.67355,9.99773e-11,1,1,True
ss,125,cell1_r200_1150,cell1,0.2,,1.15,-0.364028,-1.65658,1.05164e-10,1,1,True
ss,125,cell1_r200_1200,cell1,0.2,,1.2,-0.332535,-1.63932,1.10974e-10,1,1,True
ff,27,st_m100mv,stage,0.1,-100,,-0.108548,-1.79999,1.36458e-10,1,1,True
ff,27,st_m50mv,stage,0.1,-50,,-0.05471,-1.79999,1.59594e-10,1,1,True
ff,27,st_m20mv,stage,0.1,-20,,-0.0219538,-1.79999,1.94234e-10,1,1,True
ff,27,st_m10mv,stage,0.1,-10,,-0.0109851,-1.79999,2.18547e-10,1,1,True
ff,27,st_m5mv,stage,0.1,-5,,-0.00549427,-1.79999,2.44037e-10,1,1,True
ff,27,st_m2mv,stage,0.1,-2,,-0.00219808,-1.79999,2.7677e-10,1,1,True
ff,27,st_m1mv,stage,0.1,-1,,-0.0010991,-1.79999,2.99662e-10,1,1,True
ff,27,st_p1mv,stage,0.1,1,,0.00109921,1.79999,2.99567e-10,0,0,True
ff,27,st_p2mv,stage,0.1,2,,0.00219854,1.79999,2.76526e-10,0,0,True
ff,27,st_p5mv,stage,0.1,5,,0.00549712,1.79999,2.43541e-10,0,0,True
ff,27,st_p10mv,stage,0.1,10,,0.0109965,1.79999,2.17155e-10,0,0,True
ff,27,st_p20mv,stage,0.1,20,,0.022,1.79999,1.922e-10,0,0,True
ff,27,st_p50mv,stage,0.1,50,,0.0550219,1.79999,1.53999e-10,0,0,True
ff,27,st_p100mv,stage,0.1,100,,0.110069,1.79999,1.24222e-10,0,0,True
ff,27,cell0_r020_n100,cell0,0.02,,-0.1,0.0209227,1.79999,1.87529e-10,0,0,True
ff,27,cell0_r020_0000,cell0,0.02,,0.0,0.0209089,1.79999,1.87551e-10,0,0,True
ff,27,cell1_r020_0300,cell1,0.02,,0.3,0.0207054,1.79998,1.87896e-10,1,0,False
ff,27,cell1_r020_0350,cell1,0.02,,0.35,0.0201087,1.79995,1.88926e-10,1,0,False
ff,27,cell1_r020_0400,cell1,0.02,,0.4,0.0179181,1.79986,1.9284e-10,1,0,False
ff,27,cell1_r020_0450,cell1,0.02,,0.45,0.0102902,1.79956,2.11052e-10,1,0,False
ff,27,cell1_r020_0500,cell1,0.02,,0.5,-0.0141897,-1.79831,2.07734e-10,1,1,True
ff,27,cell1_r020_0550,cell1,0.02,,0.55,-0.0819053,-1.79571,1.41321e-10,1,1,True
ff,27,cell1_r020_0600,cell1,0.02,,0.6,-0.231288,-1.79067,1.02241e-10,1,1,True
ff,27,cell1_r020_0650,cell1,0.02,,0.65,-0.477151,-1.78258,6.83644e-11,1,1,True
ff,27,cell1_r020_0700,cell1,0.02,,0.7,-0.66717,-1.77148,5.01613e-11,1,1,True
ff,27,cell1_r020_0750,cell1,0.02,,0.75,-0.668605,-1.75789,5.01797e-11,1,1,True
ff,27,cell1_r020_0800,cell1,0.02,,0.8,-0.656808,-1.7425,5.1419e-11,1,1,True
ff,27,cell1_r020_0850,cell1,0.02,,0.85,-0.642263,-1.726,5.3051e-11,1,1,True
ff,27,cell1_r020_0900,cell1,0.02,,0.9,-0.624775,-1.70894,5.51299e-11,1,1,True
ff,27,cell1_r020_0950,cell1,0.02,,0.95,-0.604214,-1.69159,5.76985e-11,1,1,True
ff,27,cell1_r020_1000,cell1,0.02,,1.0,-0.580629,-1.67409,6.07643e-11,1,1,True
ff,27,cell1_r020_1050,cell1,0.02,,1.05,-0.553686,-1.65647,6.43745e-11,1,1,True
ff,27,cell1_r020_1100,cell1,0.02,,1.1,-0.523179,-1.63877,6.8645e-11,1,1,True
ff,27,cell1_r020_1150,cell1,0.02,,1.15,-0.490057,-1.62099,7.33119e-11,1,1,True
ff,27,cell1_r020_1200,cell1,0.02,,1.2,-0.455333,-1.60313,7.8434e-11,1,1,True
ff,27,cell0_r050_n100,cell0,0.05,,-0.1,0.0541198,1.79999,1.5237e-10,0,0,True
ff,27,cell0_r050_0000,cell0,0.05,,0.0,0.0541062,1.79999,1.52378e-10,0,0,True
ff,27,cell1_r050_0300,cell1,0.05,,0.3,0.0539028,1.79998,1.52523e-10,1,0,False
ff,27,cell1_r050_0350,cell1,0.05,,0.35,0.0533063,1.79995,1.52966e-10,1,0,False
ff,27,cell1_r050_0400,cell1,0.05,,0.4,0.0511175,1.79985,1.5465e-10,1,0,False
ff,27,cell1_r050_0450,cell1,0.05,,0.45,0.0434993,1.79956,1.61524e-10,1,0,False
ff,27,cell1_r050_0500,cell1,0.05,,0.5,0.0190767,1.79873,1.9696e-10,1,0,False
ff,27,cell1_r050_0550,cell1,0.05,,0.55,-0.0483019,-1.79571,1.62237e-10,1,1,True
ff,27,cell1_r050_0600,cell1,0.05,,0.6,-0.196384,-1.79067,1.10152e-10,1,1,True
ff,27,cell1_r050_0650,cell1,0.05,,0.65,-0.441908,-1.78258,7.31539e-11,1,1,True
ff,27,cell1_r050_0700,cell1,0.05,,0.7,-0.638264,-1.77148,5.35036e-11,1,1,True
ff,27,cell1_r050_0750,cell1,0.05,,0.75,-0.641864,-1.75789,5.32871e-11,1,1,True
ff,27,cell1_r050_0800,cell1,0.05,,0.8,-0.630141,-1.7425,5.45495e-11,1,1,True
ff,27,cell1_r050_0850,cell1,0.05,,0.85,-0.615333,-1.726,5.62408e-11,1,1,True
ff,27,cell1_r050_0900,cell1,0.05,,0.9,-0.597316,-1.70894,5.84117e-11,1,1,True
ff,27,cell1_r050_0950,cell1,0.05,,0.95,-0.575992,-1.69159,6.11114e-11,1,1,True
ff,27,cell1_r050_1000,cell1,0.05,,1.0,-0.550923,-1.67409,6.43847e-11,1,1,True
ff,27,cell1_r050_1050,cell1,0.05,,1.05,-0.522041,-1.65647,6.83222e-11,1,1,True
ff,27,cell1_r050_1100,cell1,0.05,,1.1,-0.490222,-1.63877,7.26865e-11,1,1,True
ff,27,cell1_r050_1150,cell1,0.05,,1.15,-0.456531,-1.62099,7.75059e-11,1,1,True
ff,27,cell1_r050_1200,cell1,0.05,,1.2,-0.421526,-1.60313,8.29418e-11,1,1,True
ff,27,cell0_r100_n100,cell0,0.1,,-0.1,0.108205,1.79999,1.28755e-10,0,0,True
ff,27,cell0_r100_0000,cell0,0.1,,0.0,0.108192,1.79999,1.28759e-10,0,0,True
ff,27,cell1_r100_0300,cell1,0.1,,0.3,0.107989,1.79998,1.28856e-10,1,0,False
ff,27,cell1_r100_0350,cell1,0.1,,0.35,0.107393,1.79995,1.29158e-10,1,0,False
ff,27,cell1_r100_0400,cell1,0.1,,0.4,0.10521,1.79986,1.30271e-10,1,0,False
ff,27,cell1_r100_0450,cell1,0.1,,0.45,0.0976171,1.79956,1.3418e-10,1,0,False
ff,27,cell1_r100_0500,cell1,0.1,,0.5,0.0733102,1.79872,1.47339e-10,1,0,False
ff,27,cell1_r100_0550,cell1,0.1,,0.55,0.00652632,1.79663,2.70501e-10,1,0,False
ff,27,cell1_r100_0600,cell1,0.1,,0.6,-0.138967,-1.79067,1.28039e-10,1,1,True
ff,27,cell1_r100_0650,cell1,0.1,,0.65,-0.382288,-1.78258,8.19864e-11,1,1,True
ff,27,cell1_r100_0700,cell1,0.1,,0.7,-0.591455,-1.77148,5.89613e-11,1,1,True
ff,27,cell1_r100_0750,cell1,0.1,,0.75,-0.59325,-1.75789,5.9047e-11,1,1,True
ff,27,cell1_r100_0800,cell1,0.1,,0.8,-0.582354,-1.7425,6.02658e-11,1,1,True
ff,27,cell1_r100_0850,cell1,0.1,,0.85,-0.567078,-1.726,6.20329e-11,1,1,True
ff,27,cell1_r100_0900,cell1,0.1,,0.9,-0.547597,-1.70894,6.43815e-11,1,1,True
ff,27,cell1_r100_0950,cell1,0.1,,0.95,-0.523835,-1.69159,6.73942e-11,1,1,True
ff,27,cell1_r100_1000,cell1,0.1,,1.0,-0.496348,-1.67409,7.09504e-11,1,1,True
ff,27,cell1_r100_1050,cell1,0.1,,1.05,-0.465976,-1.65647,7.50151e-11,1,1,True
ff,27,cell1_r100_1100,cell1,0.1,,1.1,-0.433436,-1.63877,7.96444e-11,1,1,True
ff,27,cell1_r100_1150,cell1,0.1,,1.15,-0.399391,-1.62099,8.50947e-11,1,1,True
ff,27,cell1_r100_1200,cell1,0.1,,1.2,-0.364158,-1.60313,9.19928e-11,1,1,True
ff,27,cell0_r200_n100,cell0,0.2,,-0.1,0.212482,1.79999,1.05307e-10,0,0,True
ff,27,cell0_r200_0000,cell0,0.2,,0.0,0.212469,1.79999,1.05309e-10,0,0,True
ff,27,cell1_r200_0300,cell1,0.2,,0.3,0.212267,1.79998,1.05355e-10,1,0,False
ff,27,cell1_r200_0350,cell1,0.2,,0.35,0.211674,1.79995,1.05503e-10,1,0,False
ff,27,cell1_r200_0400,cell1,0.2,,0.4,0.209502,1.79986,1.06047e-10,1,0,False
ff,27,cell1_r200_0450,cell1,0.2,,0.45,0.201954,1.79956,1.07975e-10,1,0,False
ff,27,cell1_r200_0500,cell1,0.2,,0.5,0.177831,1.79873,1.14687e-10,1,0,False
ff,27,cell1_r200_0550,cell1,0.2,,0.55,0.11191,1.79663,1.41311e-10,1,0,False
ff,27,cell1_r200_0600,cell1,0.2,,0.6,-0.0288854,-1.79067,1.89035e-10,1,1,True
ff,27,cell1_r200_0650,cell1,0.2,,0.65,-0.262337,-1.78258,1.04085e-10,1,1,True
ff,27,cell1_r200_0700,cell1,0.2,,0.7,-0.480169,-1.77148,7.17864e-11,1,1,True
ff,27,cell1_r200_0750,cell1,0.2,,0.75,-0.48391,-1.75789,7.19616e-11,1,1,True
ff,27,cell1_r200_0800,cell1,0.2,,0.8,-0.472443,-1.7425,7.33072e-11,1,1,True
ff,27,cell1_r200_0850,cell1,0.2,,0.85,-0.455491,-1.726,7.52193e-11,1,1,True
ff,27,cell1_r200_0900,cell1,0.2,,0.9,-0.434166,-1.70894,7.77548e-11,1,1,True
ff,27,cell1_r200_0950,cell1,0.2,,0.95,-0.409005,-1.69159,8.10155e-11,1,1,True
ff,27,cell1_r200_1000,cell1,0.2,,1.0,-0.380629,-1.67408,8.52216e-11,1,1,True
ff,27,cell1_r200_1050,cell1,0.2,,1.05,-0.349689,-1.65647,9.07302e-11,1,1,True
ff,27,cell1_r200_1100,cell1,0.2,,1.1,-0.316751,-1.63877,9.66493e-11,1,1,True
ff,27,cell1_r200_1150,cell1,0.2,,1.15,-0.282382,-1.62099,1.0295e-10,1,1,True
ff,27,cell1_r200_1200,cell1,0.2,,1.2,-0.246916,-1.60313,1.0977e-10,1,1,True
ff,125,st_m100mv,stage,0.1,-100,,-0.128616,-1.79942,1.16277e-10,1,1,True
ff,125,st_m50mv,stage,0.1,-50,,-0.0650806,-1.79942,1.42437e-10,1,1,True
ff,125,st_m20mv,stage,0.1,-20,,-0.0261583,-1.79941,1.73698e-10,1,1,True
ff,125,st_m10mv,stage,0.1,-10,,-0.0130935,-1.79942,1.98428e-10,1,1,True
ff,125,st_m5mv,stage,0.1,-5,,-0.00654964,-1.79942,2.20567e-10,1,1,True
ff,125,st_m2mv,stage,0.1,-2,,-0.00262045,-1.79941,2.51965e-10,1,1,True
ff,125,st_m1mv,stage,0.1,-1,,-0.00131031,-1.79941,2.74278e-10,1,1,True
ff,125,st_p1mv,stage,0.1,1,,0.00131048,1.79941,2.74206e-10,0,0,True
ff,125,st_p2mv,stage,0.1,2,,0.00262111,1.79941,2.51851e-10,0,0,True
ff,125,st_p5mv,stage,0.1,5,,0.0065538,1.79942,2.2022e-10,0,0,True
ff,125,st_p10mv,stage,0.1,10,,0.0131101,1.79942,1.97824e-10,0,0,True
ff,125,st_p20mv,stage,0.1,20,,0.0262228,1.79941,1.72132e-10,0,0,True
ff,125,st_p50mv,stage,0.1,50,,0.0654133,1.79942,1.39054e-10,0,0,True
ff,125,st_p100mv,stage,0.1,100,,0.129138,1.79942,1.10534e-10,0,0,True
ff,125,cell0_r020_n100,cell0,0.02,,-0.1,0.0232903,1.79941,1.77204e-10,0,0,True
ff,125,cell0_r020_0000,cell0,0.02,,0.0,0.0232641,1.79941,1.77249e-10,0,0,True
ff,125,cell1_r020_0300,cell1,0.02,,0.3,0.0167565,1.79925,1.90564e-10,1,0,False
ff,125,cell1_r020_0350,cell1,0.02,,0.35,0.00639146,1.79901,2.26581e-10,1,0,False
ff,125,cell1_r020_0400,cell1,0.02,,0.4,-0.018741,-1.79779,1.8515e-10,1,1,True
ff,125,cell1_r020_0450,cell1,0.02,,0.45,-0.0751138,-1.79587,1.35191e-10,1,1,True
ff,125,cell1_r020_0500,cell1,0.02,,0.5,-0.187363,-1.79228,1.01304e-10,1,1,True
ff,125,cell1_r020_0550,cell1,0.02,,0.55,-0.372624,-1.78635,7.273e-11,1,1,True
ff,125,cell1_r020_0600,cell1,0.02,,0.6,-0.561547,-1.77768,5.1933e-11,1,1,True
ff,125,cell1_r020_0650,cell1,0.02,,0.65,-0.638814,-1.76628,4.20716e-11,1,1,True
ff,125,cell1_r020_0700,cell1,0.02,,0.7,-0.636064,-1.75251,4.2452e-11,1,1,True
ff,125,cell1_r020_0750,cell1,0.02,,0.75,-0.628092,-1.73693,4.35631e-11,1,1,True
ff,125,cell1_r020_0800,cell1,0.02,,0.8,-0.617017,-1.72012,4.51798e-11,1,1,True
ff,125,cell1_r020_0850,cell1,0.02,,0.85,-0.602816,-1.70253,4.73472e-11,1,1,True
ff,125,cell1_r020_0900,cell1,0.02,,0.9,-0.585559,-1.68448,5.00758e-11,1,1,True
ff,125,cell1_r020_0950,cell1,0.02,,0.95,-0.565569,-1.66611,5.23735e-11,1,1,True
ff,125,cell1_r020_1000,cell1,0.02,,1.0,-0.54324,-1.64753,5.50422e-11,1,1,True
ff,125,cell1_r020_1050,cell1,0.02,,1.05,-0.518995,-1.62879,5.81865e-11,1,1,True
ff,125,cell1_r020_1100,cell1,0.02,,1.1,-0.493063,-1.60994,6.16758e-11,1,1,True
ff,125,cell1_r020_1150,cell1,0.02,,1.15,-0.465439,-1.591,6.55865e-11,1,1,True
ff,125,cell1_r020_1200,cell1,0.02,,1.2,-0.436115,-1.57198,7.02135e-11,1,1,True
ff,125,cell0_r050_n100,cell0,0.05,,-0.1,0.0621109,1.79942,1.42163e-10,0,0,True
ff,125,cell0_r050_0000,cell0,0.05,,0.0,0.0620849,1.79942,1.42178e-10,0,0,True
ff,125,cell1_r050_0300,cell1,0.05,,0.3,0.0555687,1.79925,1.46719e-10,1,0,False
ff,125,cell1_r050_0350,cell1,0.05,,0.35,0.0451982,1.79901,1.54748e-10,1,0,False
ff,125,cell1_r050_0400,cell1,0.05,,0.4,0.0200781,1.79846,1.89206e-10,1,0,False
ff,125,cell1_r050_0450,cell1,0.05,,0.45,-0.0361797,-1.79587,1.61127e-10,1,1,True
ff,125,cell1_r050_0500,cell1,0.05,,0.5,-0.148196,-1.79229,1.11033e-10,1,1,True
ff,125,cell1_r050_0550,cell1,0.05,,0.55,-0.336109,-1.78635,7.79269e-11,1,1,True
ff,125,cell1_r050_0600,cell1,0.05,,0.6,-0.53893,-1.77768,5.45629e-11,1,1,True
ff,125,cell1_r050_0650,cell1,0.05,,0.65,-0.614119,-1.76628,4.57232e-11,1,1,True
ff,125,cell1_r050_0700,cell1,0.05,,0.7,-0.612272,-1.75251,4.59735e-11,1,1,True
ff,125,cell1_r050_0750,cell1,0.05,,0.75,-0.604535,-1.73693,4.70768e-11,1,1,True
ff,125,cell1_r050_0800,cell1,0.05,,0.8,-0.593531,-1.72012,4.87274e-11,1,1,True
ff,125,cell1_r050_0850,cell1,0.05,,0.85,-0.579294,-1.70253,5.0658e-11,1,1,True
ff,125,cell1_r050_0900,cell1,0.05,,0.9,-0.561927,-1.68448,5.25928e-11,1,1,True
ff,125,cell1_r050_0950,cell1,0.05,,0.95,-0.541778,-1.66611,5.49356e-11,1,1,True
ff,125,cell1_r050_1000,cell1,0.05,,1.0,-0.519289,-1.64753,5.77733e-11,1,1,True
ff,125,cell1_r050_1050,cell1,0.05,,1.05,-0.494768,-1.62879,6.09972e-11,1,1,True
ff,125,cell1_r050_1100,cell1,0.05,,1.1,-0.468299,-1.60994,6.46079e-11,1,1,True
ff,125,cell1_r050_1150,cell1,0.05,,1.15,-0.439924,-1.591,6.89478e-11,1,1,True
ff,125,cell1_r050_1200,cell1,0.05,,1.2,-0.409736,-1.57198,7.36577e-11,1,1,True
ff,125,cell0_r100_n100,cell0,0.1,,-0.1,0.125144,1.79942,1.15062e-10,0,0,True
ff,125,cell0_r100_0000,cell0,0.1,,0.0,0.125118,1.79942,1.15069e-10,0,0,True
ff,125,cell1_r100_0300,cell1,0.1,,0.3,0.118618,1.79925,1.17407e-10,1,0,False
ff,125,cell1_r100_0350,cell1,0.1,,0.35,0.108286,1.79901,1.21543e-10,1,0,False
ff,125,cell1_r100_0400,cell1,0.1,,0.4,0.0833003,1.79846,1.34643e-10,1,0,False
ff,125,cell1_r100_0450,cell1,0.1,,0.45,0.0275125,1.79727,1.84297e-10,1,0,False
ff,125,cell1_r100_0500,cell1,0.1,,0.5,-0.0833274,-1.79228,1.35204e-10,1,1,True
ff,125,cell1_r100_0550,cell1,0.1,,0.55,-0.271948,-1.78635,8.92821e-11,1,1,True
ff,125,cell1_r100_0600,cell1,0.1,,0.6,-0.497076,-1.77768,5.96025e-11,1,1,True
ff,125,cell1_r100_0650,cell1,0.1,,0.65,-0.570807,-1.76628,5.17534e-11,1,1,True
ff,125,cell1_r100_0700,cell1,0.1,,0.7,-0.571493,-1.75251,5.16282e-11,1,1,True
ff,125,cell1_r100_0750,cell1,0.1,,0.75,-0.5643,-1.73693,5.23225e-11,1,1,True
ff,125,cell1_r100_0800,cell1,0.1,,0.8,-0.553433,-1.72012,5.34356e-11,1,1,True
ff,125,cell1_r100_0850,cell1,0.1,,0.85,-0.539136,-1.70253,5.49815e-11,1,1,True
ff,125,cell1_r100_0900,cell1,0.1,,0.9,-0.521655,-1.68448,5.70369e-11,1,1,True
ff,125,cell1_r100_0950,cell1,0.1,,0.95,-0.501316,-1.66611,5.95543e-11,1,1,True
ff,125,cell1_r100_1000,cell1,0.1,,1.0,-0.478297,-1.64753,6.25225e-11,1,1,True
ff,125,cell1_r100_1050,cell1,0.1,,1.05,-0.452777,-1.62879,6.60394e-11,1,1,True
ff,125,cell1_r100_1100,cell1,0.1,,1.1,-0.424949,-1.60994,7.01945e-11,1,1,True
ff,125,cell1_r100_1150,cell1,0.1,,1.15,-0.39481,-1.591,7.47447e-11,1,1,True
ff,125,cell1_r100_1200,cell1,0.1,,1.2,-0.362378,-1.57198,7.97856e-11,1,1,True
ff,125,cell0_r200_n100,cell0,0.2,,-0.1,0.243404,1.79941,9.09867e-11,0,0,True
ff,125,cell0_r200_0000,cell0,0.2,,0.0,0.24338,1.79941,9.09903e-11,0,0,True
ff,125,cell1_r200_0300,cell1,0.2,,0.3,0.23704,1.79925,9.24929e-11,1,0,False
ff,125,cell1_r200_0350,cell1,0.2,,0.35,0.226958,1.79901,9.49081e-11,1,0,False
ff,125,cell1_r200_0400,cell1,0.2,,0.4,0.202556,1.79846,1.00887e-10,1,0,False
ff,125,cell1_r200_0450,cell1,0.2,,0.45,0.148211,1.79728,1.15922e-10,1,0,False
ff,125,cell1_r200_0500,cell1,0.2,,0.5,0.0412749,1.79491,1.797e-10,1,0,False
ff,125,cell1_r200_0550,cell1,0.2,,0.55,-0.141801,-1.78635,1.18912e-10,1,1,True
ff,125,cell1_r200_0600,cell1,0.2,,0.6,-0.393635,-1.77768,7.3205e-11,1,1,True
ff,125,cell1_r200_0650,cell1,0.2,,0.65,-0.486105,-1.76628,6.17868e-11,1,1,True
ff,125,cell1_r200_0700,cell1,0.2,,0.7,-0.486703,-1.75251,6.1573e-11,1,1,True
ff,125,cell1_r200_0750,cell1,0.2,,0.75,-0.480882,-1.73693,6.20748e-11,1,1,True
ff,125,cell1_r200_0800,cell1,0.2,,0.8,-0.470354,-1.72012,6.31487e-11,1,1,True
ff,125,cell1_r200_0850,cell1,0.2,,0.85,-0.455555,-1.70253,6.48065e-11,1,1,True
ff,125,cell1_r200_0900,cell1,0.2,,0.9,-0.436711,-1.68448,6.71678e-11,1,1,True
ff,125,cell1_r200_0950,cell1,0.2,,0.95,-0.414047,-1.66611,7.01552e-11,1,1,True
ff,125,cell1_r200_1000,cell1,0.2,,1.0,-0.387752,-1.64753,7.37393e-11,1,1,True
ff,125,cell1_r200_1050,cell1,0.2,,1.05,-0.357909,-1.62879,7.80048e-11,1,1,True
ff,125,cell1_r200_1100,cell1,0.2,,1.1,-0.324721,-1.60994,8.28358e-11,1,1,True
ff,125,cell1_r200_1150,cell1,0.2,,1.15,-0.288903,-1.591,8.93282e-11,1,1,True
ff,125,cell1_r200_1200,cell1,0.2,,1.2,-0.251236,-1.57198,9.6762e-11,1,1,True
sf,27,st_m100mv,stage,0.1,-100,,-0.110475,-1.8,1.62793e-10,1,1,True
sf,27,st_m50mv,stage,0.1,-50,,-0.0558403,-1.8,1.96141e-10,1,1,True
sf,27,st_m20mv,stage,0.1,-20,,-0.0224347,-1.8,2.40183e-10,1,1,True
sf,27,st_m10mv,stage,0.1,-10,,-0.011229,-1.8,2.72932e-10,1,1,True
sf,27,st_m5mv,stage,0.1,-5,,-0.00561698,-1.8,3.06381e-10,1,1,True
sf,27,st_m2mv,stage,0.1,-2,,-0.00224733,-1.79999,3.51759e-10,1,1,True
sf,27,st_m1mv,stage,0.1,-1,,-0.00112375,-1.8,3.86799e-10,1,1,True
sf,27,st_p1mv,stage,0.1,1,,0.00112391,1.8,3.8663e-10,0,0,True
sf,27,st_p2mv,stage,0.1,2,,0.00224799,1.79999,3.51458e-10,0,0,True
sf,27,st_p5mv,stage,0.1,5,,0.00562108,1.8,3.05619e-10,0,0,True
sf,27,st_p10mv,stage,0.1,10,,0.0112455,1.8,2.71027e-10,0,0,True
sf,27,st_p20mv,stage,0.1,20,,0.0225012,1.8,2.36899e-10,0,0,True
sf,27,st_p50mv,stage,0.1,50,,0.0562867,1.8,1.88418e-10,0,0,True
sf,27,st_p100mv,stage,0.1,100,,0.11254,1.8,1.48549e-10,0,0,True
sf,27,cell0_r020_n100,cell0,0.02,,-0.1,0.0215268,1.8,2.22705e-10,0,0,True
sf,27,cell0_r020_0000,cell0,0.02,,0.0,0.0215152,1.8,2.22734e-10,0,0,True
sf,27,cell1_r020_0300,cell1,0.02,,0.3,0.0208312,1.79996,2.244e-10,1,0,False
sf,27,cell1_r020_0350,cell1,0.02,,0.35,0.0187357,1.79985,2.29663e-10,1,0,False
sf,27,cell1_r020_0400,cell1,0.02,,0.4,0.0110308,1.79951,2.51433e-10,1,0,False
sf,27,cell1_r020_0450,cell1,0.02,,0.45,-0.0145122,-1.7983,2.68827e-10,1,1,True
sf,27,cell1_r020_0500,cell1,0.02,,0.5,-0.0857325,-1.79575,1.69081e-10,1,1,True
sf,27,cell1_r020_0550,cell1,0.02,,0.55,-0.24298,-1.79099,1.19147e-10,1,1,True
sf,27,cell1_r020_0600,cell1,0.02,,0.6,-0.504686,-1.78352,7.88027e-11,1,1,True
sf,27,cell1_r020_0650,cell1,0.02,,0.65,-0.711182,-1.77338,5.6282e-11,1,1,True
sf,27,cell1_r020_0700,cell1,0.02,,0.7,-0.717369,-1.761,5.5993e-11,1,1,True
sf,27,cell1_r020_0750,cell1,0.02,,0.75,-0.706032,-1.74697,5.7521e-11,1,1,True
sf,27,cell1_r020_0800,cell1,0.02,,0.8,-0.689985,-1.73187,5.97719e-11,1,1,True
sf,27,cell1_r020_0850,cell1,0.02,,0.85,-0.669783,-1.71614,6.28291e-11,1,1,True
sf,27,cell1_r020_0900,cell1,0.02,,0.9,-0.645725,-1.69998,6.64816e-11,1,1,True
sf,27,cell1_r020_0950,cell1,0.02,,0.95,-0.618407,-1.68352,7.06299e-11,1,1,True
sf,27,cell1_r020_1000,cell1,0.02,,1.0,-0.588487,-1.66681,7.53534e-11,1,1,True
sf,27,cell1_r020_1050,cell1,0.02,,1.05,-0.55662,-1.64989,8.07289e-11,1,1,True
sf,27,cell1_r020_1100,cell1,0.02,,1.1,-0.522944,-1.63278,8.71028e-11,1,1,True
sf,27,cell1_r020_1150,cell1,0.02,,1.15,-0.487696,-1.61551,9.44485e-11,1,1,True
sf,27,cell1_r020_1200,cell1,0.02,,1.2,-0.451109,-1.59806,1.02219e-10,1,1,True
sf,27,cell0_r050_n100,cell0,0.05,,-0.1,0.055556,1.8,1.82709e-10,0,0,True
sf,27,cell0_r050_0000,cell0,0.05,,0.0,0.0555446,1.8,1.8272e-10,0,0,True
sf,27,cell1_r050_0300,cell1,0.05,,0.3,0.0548606,1.79995,1.83429e-10,1,0,False
sf,27,cell1_r050_0350,cell1,0.05,,0.35,0.0527667,1.79985,1.85619e-10,1,0,False
sf,27,cell1_r050_0400,cell1,0.05,,0.4,0.0450729,1.79951,1.93907e-10,1,0,False
sf,27,cell1_r050_0450,cell1,0.05,,0.45,0.0196054,1.79856,2.36232e-10,1,0,False
sf,27,cell1_r050_0500,cell1,0.05,,0.5,-0.0511372,-1.79576,1.9942e-10,1,1,True
sf,27,cell1_r050_0550,cell1,0.05,,0.55,-0.20659,-1.79099,1.3131e-10,1,1,True
sf,27,cell1_r050_0600,cell1,0.05,,0.6,-0.467905,-1.78352,8.54237e-11,1,1,True
sf,27,cell1_r050_0650,cell1,0.05,,0.65,-0.676826,-1.77338,6.1017e-11,1,1,True
sf,27,cell1_r050_0700,cell1,0.05,,0.7,-0.684125,-1.761,6.06054e-11,1,1,True
sf,27,cell1_r050_0750,cell1,0.05,,0.75,-0.672886,-1.74697,6.22267e-11,1,1,True
sf,27,cell1_r050_0800,cell1,0.05,,0.8,-0.656592,-1.73187,6.46992e-11,1,1,True
sf,27,cell1_r050_0850,cell1,0.05,,0.85,-0.636104,-1.71614,6.77172e-11,1,1,True
sf,27,cell1_r050_0900,cell1,0.05,,0.9,-0.611815,-1.69998,7.13537e-11,1,1,True
sf,27,cell1_r050_0950,cell1,0.05,,0.95,-0.584329,-1.68352,7.56245e-11,1,1,True
sf,27,cell1_r050_1000,cell1,0.05,,1.0,-0.554447,-1.66681,8.05735e-11,1,1,True
sf,27,cell1_r050_1050,cell1,0.05,,1.05,-0.522421,-1.64989,8.64527e-11,1,1,True
sf,27,cell1_r050_1100,cell1,0.05,,1.1,-0.488292,-1.63278,9.33748e-11,1,1,True
sf,27,cell1_r050_1150,cell1,0.05,,1.15,-0.45279,-1.61551,1.00711e-10,1,1,True
sf,27,cell1_r050_1200,cell1,0.05,,1.2,-0.416028,-1.59806,1.08685e-10,1,1,True
sf,27,cell0_r100_n100,cell0,0.1,,-0.1,0.110584,1.8,1.51494e-10,0,0,True
sf,27,cell0_r100_0000,cell0,0.1,,0.0,0.110573,1.8,1.51498e-10,0,0,True
sf,27,cell1_r100_0300,cell1,0.1,,0.3,0.10989,1.79995,1.51847e-10,1,0,False
sf,27,cell1_r100_0350,cell1,0.1,,0.35,0.107802,1.79985,1.52937e-10,1,0,False
sf,27,cell1_r100_0400,cell1,0.1,,0.4,0.100138,1.79951,1.57128e-10,1,0,False
sf,27,cell1_r100_0450,cell1,0.1,,0.45,0.074819,1.79856,1.75464e-10,1,0,False
sf,27,cell1_r100_0500,cell1,0.1,,0.5,0.00489258,1.79626,3.25457e-10,1,0,False
sf,27,cell1_r100_0550,cell1,0.1,,0.55,-0.146996,-1.79098,1.53025e-10,1,1,True
sf,27,cell1_r100_0600,cell1,0.1,,0.6,-0.405644,-1.78352,9.73144e-11,1,1,True
sf,27,cell1_r100_0650,cell1,0.1,,0.65,-0.616525,-1.77338,6.95316e-11,1,1,True
sf,27,cell1_r100_0700,cell1,0.1,,0.7,-0.62629,-1.761,6.88511e-11,1,1,True
sf,27,cell1_r100_0750,cell1,0.1,,0.75,-0.615214,-1.74697,7.04356e-11,1,1,True
sf,27,cell1_r100_0800,cell1,0.1,,0.8,-0.598843,-1.73187,7.28034e-11,1,1,True
sf,27,cell1_r100_0850,cell1,0.1,,0.85,-0.578232,-1.71614,7.58982e-11,1,1,True
sf,27,cell1_r100_0900,cell1,0.1,,0.9,-0.554125,-1.69998,7.97393e-11,1,1,True
sf,27,cell1_r100_0950,cell1,0.1,,0.95,-0.526855,-1.68352,8.43715e-11,1,1,True
sf,27,cell1_r100_1000,cell1,0.1,,1.0,-0.496505,-1.66681,9.02244e-11,1,1,True
sf,27,cell1_r100_1050,cell1,0.1,,1.05,-0.463746,-1.64989,9.66252e-11,1,1,True
sf,27,cell1_r100_1100,cell1,0.1,,1.1,-0.429185,-1.63278,1.03558e-10,1,1,True
sf,27,cell1_r100_1150,cell1,0.1,,1.15,-0.393372,-1.61551,1.11235e-10,1,1,True
sf,27,cell1_r100_1200,cell1,0.1,,1.2,-0.356454,-1.59806,1.20135e-10,1,1,True
sf,27,cell0_r200_n100,cell0,0.2,,-0.1,0.215516,1.8,1.22768e-10,0,0,True
sf,27,cell0_r200_0000,cell0,0.2,,0.0,0.215505,1.8,1.22771e-10,0,0,True
sf,27,cell1_r200_0300,cell1,0.2,,0.3,0.214825,1.79996,1.23015e-10,1,0,False
sf,27,cell1_r200_0350,cell1,0.2,,0.35,0.212748,1.79985,1.23785e-10,1,0,False
sf,27,cell1_r200_0400,cell1,0.2,,0.4,0.205134,1.79951,1.26751e-10,1,0,False
sf,27,cell1_r200_0450,cell1,0.2,,0.45,0.180035,1.79856,1.36813e-10,1,0,False
sf,27,cell1_r200_0500,cell1,0.2,,0.5,0.111215,1.79626,1.69019e-10,1,0,False
sf,27,cell1_r200_0550,cell1,0.2,,0.55,-0.0343951,-1.79098,2.3223e-10,1,1,True
sf,27,cell1_r200_0600,cell1,0.2,,0.6,-0.280536,-1.78352,1.23323e-10,1,1,True
sf,27,cell1_r200_0650,cell1,0.2,,0.65,-0.505564,-1.77339,8.58972e-11,1,1,True
sf,27,cell1_r200_0700,cell1,0.2,,0.7,-0.508898,-1.761,8.59759e-11,1,1,True
sf,27,cell1_r200_0750,cell1,0.2,,0.75,-0.498129,-1.74697,8.777e-11,1,1,True
sf,27,cell1_r200_0800,cell1,0.2,,0.8,-0.481748,-1.73187,9.04618e-11,1,1,True
sf,27,cell1_r200_0850,cell1,0.2,,0.85,-0.460748,-1.71614,9.40067e-11,1,1,True
sf,27,cell1_r200_0900,cell1,0.2,,0.9,-0.435656,-1.69998,9.83907e-11,1,1,True
sf,27,cell1_r200_0950,cell1,0.2,,0.95,-0.407156,-1.68352,1.03586e-10,1,1,True
sf,27,cell1_r200_1000,cell1,0.2,,1.0,-0.375953,-1.66681,1.09626e-10,1,1,True
sf,27,cell1_r200_1050,cell1,0.2,,1.05,-0.342656,-1.64989,1.16701e-10,1,1,True
sf,27,cell1_r200_1100,cell1,0.2,,1.1,-0.307747,-1.63278,1.25289e-10,1,1,True
sf,27,cell1_r200_1150,cell1,0.2,,1.15,-0.271614,-1.6155,1.36084e-10,1,1,True
sf,27,cell1_r200_1200,cell1,0.2,,1.2,-0.234534,-1.59806,1.47462e-10,1,1,True
sf,125,st_m100mv,stage,0.1,-100,,-0.113827,-1.79996,1.44099e-10,1,1,True
sf,125,st_m50mv,stage,0.1,-50,,-0.0578341,-1.79996,1.70509e-10,1,1,True
sf,125,st_m20mv,stage,0.1,-20,,-0.0233303,-1.79997,2.08312e-10,1,1,True
sf,125,st_m10mv,stage,0.1,-10,,-0.0116935,-1.79996,2.36917e-10,1,1,True
sf,125,st_m5mv,stage,0.1,-5,,-0.00585331,-1.79996,2.64062e-10,1,1,True
sf,125,st_m2mv,stage,0.1,-2,,-0.00234281,-1.79997,3.0222e-10,1,1,True
sf,125,st_m1mv,stage,0.1,-1,,-0.00117165,-1.79996,3.3001e-10,1,1,True
sf,125,st_p1mv,stage,0.1,1,,0.00117212,1.79996,3.29898e-10,0,0,True
sf,125,st_p2mv,stage,0.1,2,,0.00234469,1.79996,3.02029e-10,0,0,True
sf,125,st_p5mv,stage,0.1,5,,0.00586506,1.79996,2.63585e-10,0,0,True
sf,125,st_p10mv,stage,0.1,10,,0.0117404,1.79996,2.35837e-10,0,0,True
sf,125,st_p20mv,stage,0.1,20,,0.0235154,1.79997,2.06415e-10,0,0,True
sf,125,st_p50mv,stage,0.1,50,,0.0588926,1.79996,1.65461e-10,0,0,True
sf,125,st_p100mv,stage,0.1,100,,0.117018,1.79996,1.33916e-10,0,0,True
sf,125,cell0_r020_n100,cell0,0.02,,-0.1,0.022341,1.79996,2.02769e-10,0,0,True
sf,125,cell0_r020_0000,cell0,0.02,,0.0,0.0223038,1.79996,2.02833e-10,0,0,True
sf,125,cell1_r020_0300,cell1,0.02,,0.3,0.00860824,1.79956,2.39061e-10,1,0,False
sf,125,cell1_r020_0350,cell1,0.02,,0.35,-0.0133713,-1.79845,2.37542e-10,1,1,True
sf,125,cell1_r020_0400,cell1,0.02,,0.4,-0.0643251,-1.79661,1.64386e-10,1,1,True
sf,125,cell1_r020_0450,cell1,0.02,,0.45,-0.168513,-1.79317,1.22732e-10,1,1,True
sf,125,cell1_r020_0500,cell1,0.02,,0.5,-0.350628,-1.78751,9.04083e-11,1,1,True
sf,125,cell1_r020_0550,cell1,0.02,,0.55,-0.570531,-1.77931,6.35501e-11,1,1,True
sf,125,cell1_r020_0600,cell1,0.02,,0.6,-0.657706,-1.7686,5.49353e-11,1,1,True
sf,125,cell1_r020_0650,cell1,0.02,,0.65,-0.651549,-1.75575,5.5618e-11,1,1,True
sf,125,cell1_r020_0700,cell1,0.02,,0.7,-0.641971,-1.74126,5.67224e-11,1,1,True
sf,125,cell1_r020_0750,cell1,0.02,,0.75,-0.6296,-1.72563,5.82345e-11,1,1,True
sf,125,cell1_r020_0800,cell1,0.02,,0.8,-0.614247,-1.70923,6.02039e-11,1,1,True
sf,125,cell1_r020_0850,cell1,0.02,,0.85,-0.596026,-1.6923,6.26494e-11,1,1,True
sf,125,cell1_r020_0900,cell1,0.02,,0.9,-0.575265,-1.67496,6.55913e-11,1,1,True
sf,125,cell1_r020_0950,cell1,0.02,,0.95,-0.552323,-1.65732,6.90485e-11,1,1,True
sf,125,cell1_r020_1000,cell1,0.02,,1.0,-0.527424,-1.63944,7.28909e-11,1,1,True
sf,125,cell1_r020_1050,cell1,0.02,,1.05,-0.500569,-1.62135,7.71561e-11,1,1,True
sf,125,cell1_r020_1100,cell1,0.02,,1.1,-0.471493,-1.60308,8.19231e-11,1,1,True
sf,125,cell1_r020_1150,cell1,0.02,,1.15,-0.439498,-1.58466,8.7876e-11,1,1,True
sf,125,cell1_r020_1200,cell1,0.02,,1.2,-0.404347,-1.56608,9.50659e-11,1,1,True
sf,125,cell0_r050_n100,cell0,0.05,,-0.1,0.0577346,1.79996,1.64756e-10,0,0,True
sf,125,cell0_r050_0000,cell0,0.05,,0.0,0.0576976,1.79996,1.64783e-10,0,0,True
sf,125,cell1_r050_0300,cell1,0.05,,0.3,0.0439855,1.79956,1.77702e-10,1,0,False
sf,125,cell1_r050_0350,cell1,0.05,,0.35,0.0220098,1.799,2.08613e-10,1,0,False
sf,125,cell1_r050_0400,cell1,0.05,,0.4,-0.028818,-1.79661,2.01513e-10,1,1,True
sf,125,cell1_r050_0450,cell1,0.05,,0.45,-0.13238,-1.79316,1.36388e-10,1,1,True
sf,125,cell1_r050_0500,cell1,0.05,,0.5,-0.313587,-1.78751,9.76067e-11,1,1,True
sf,125,cell1_r050_0550,cell1,0.05,,0.55,-0.545177,-1.77931,6.73772e-11,1,1,True
sf,125,cell1_r050_0600,cell1,0.05,,0.6,-0.631691,-1.7686,5.8292e-11,1,1,True
sf,125,cell1_r050_0650,cell1,0.05,,0.65,-0.625804,-1.75575,5.89635e-11,1,1,True
sf,125,cell1_r050_0700,cell1,0.05,,0.7,-0.616278,-1.74126,6.00912e-11,1,1,True
sf,125,cell1_r050_0750,cell1,0.05,,0.75,-0.603889,-1.72563,6.16462e-11,1,1,True
sf,125,cell1_r050_0800,cell1,0.05,,0.8,-0.588456,-1.70923,6.36843e-11,1,1,True
sf,125,cell1_r050_0850,cell1,0.05,,0.85,-0.570096,-1.6923,6.62593e-11,1,1,True
sf,125,cell1_r050_0900,cell1,0.05,,0.9,-0.549093,-1.67496,6.93403e-11,1,1,True
sf,125,cell1_r050_0950,cell1,0.05,,0.95,-0.525689,-1.65732,7.28633e-11,1,1,True
sf,125,cell1_r050_1000,cell1,0.05,,1.0,-0.499957,-1.63944,7.68444e-11,1,1,True
sf,125,cell1_r050_1050,cell1,0.05,,1.05,-0.471808,-1.62135,8.13519e-11,1,1,True
sf,125,cell1_r050_1100,cell1,0.05,,1.1,-0.440757,-1.60308,8.68359e-11,1,1,True
sf,125,cell1_r050_1150,cell1,0.05,,1.15,-0.406614,-1.58466,9.36613e-11,1,1,True
sf,125,cell1_r050_1200,cell1,0.05,,1.2,-0.370161,-1.56608,1.00928e-10,1,1,True
sf,125,cell0_r100_n100,cell0,0.1,,-0.1,0.114891,1.79996,1.37794e-10,0,0,True
sf,125,cell0_r100_0000,cell0,0.1,,0.0,0.114854,1.79996,1.37809e-10,0,0,True
sf,125,cell1_r100_0300,cell1,0.1,,0.3,0.101152,1.79956,1.44592e-10,1,0,False
sf,125,cell1_r100_0350,cell1,0.1,,0.35,0.0792368,1.79899,1.56525e-10,1,0,False
sf,125,cell1_r100_0400,cell1,0.1,,0.4,0.0287247,1.79776,2.06187e-10,1,0,False
sf,125,cell1_r100_0450,cell1,0.1,,0.45,-0.0735328,-1.79316,1.63636e-10,1,1,True
sf,125,cell1_r100_0500,cell1,0.1,,0.5,-0.252027,-1.78751,1.10252e-10,1,1,True
sf,125,cell1_r100_0550,cell1,0.1,,0.55,-0.496734,-1.77931,7.42774e-11,1,1,True
sf,125,cell1_r100_0600,cell1,0.1,,0.6,-0.586085,-1.7686,6.4409e-11,1,1,True
sf,125,cell1_r100_0650,cell1,0.1,,0.65,-0.581527,-1.75575,6.49726e-11,1,1,True
sf,125,cell1_r100_0700,cell1,0.1,,0.7,-0.572133,-1.74126,6.61373e-11,1,1,True
sf,125,cell1_r100_0750,cell1,0.1,,0.75,-0.559658,-1.72563,6.77697e-11,1,1,True
sf,125,cell1_r100_0800,cell1,0.1,,0.8,-0.543929,-1.70923,6.99193e-11,1,1,True
sf,125,cell1_r100_0850,cell1,0.1,,0.85,-0.524959,-1.6923,7.26053e-11,1,1,True
sf,125,cell1_r100_0900,cell1,0.1,,0.9,-0.502848,-1.67496,7.58363e-11,1,1,True
sf,125,cell1_r100_0950,cell1,0.1,,0.95,-0.477786,-1.65732,7.96365e-11,1,1,True
sf,125,cell1_r100_1000,cell1,0.1,,1.0,-0.449689,-1.63944,8.40683e-11,1,1,True
sf,125,cell1_r100_1050,cell1,0.1,,1.05,-0.418399,-1.62135,8.99542e-11,1,1,True
sf,125,cell1_r100_1100,cell1,0.1,,1.1,-0.384511,-1.60308,9.64731e-11,1,1,True
sf,125,cell1_r100_1150,cell1,0.1,,1.15,-0.348749,-1.58466,1.03355e-10,1,1,True
sf,125,cell1_r100_1200,cell1,0.1,,1.2,-0.311478,-1.56608,1.10863e-10,1,1,True
sf,125,cell0_r200_n100,cell0,0.2,,-0.1,0.2225,1.79996,1.10447e-10,0,0,True
sf,125,cell0_r200_0000,cell0,0.2,,0.0,0.222464,1.79996,1.10455e-10,0,0,True
sf,125,cell1_r200_0300,cell1,0.2,,0.3,0.20884,1.79957,1.14038e-10,1,0,False
sf,125,cell1_r200_0350,cell1,0.2,,0.35,0.187106,1.799,1.2037e-10,1,0,False
sf,125,cell1_r200_0400,cell1,0.2,,0.4,0.137261,1.79776,1.39736e-10,1,0,False
sf,125,cell1_r200_0450,cell1,0.2,,0.45,0.0375757,1.7953,2.10097e-10,1,0,False
sf,125,cell1_r200_0500,cell1,0.2,,0.5,-0.133369,-1.78751,1.45495e-10,1,1,True
sf,125,cell1_r200_0550,cell1,0.2,,0.55,-0.380264,-1.77931,9.23472e-11,1,1,True
sf,125,cell1_r200_0600,cell1,0.2,,0.6,-0.481356,-1.7686,7.88805e-11,1,1,True
sf,125,cell1_r200_0650,cell1,0.2,,0.65,-0.481687,-1.75575,7.89683e-11,1,1,True
sf,125,cell1_r200_0700,cell1,0.2,,0.7,-0.47362,-1.74126,7.99818e-11,1,1,True
sf,125,cell1_r200_0750,cell1,0.2,,0.75,-0.460525,-1.72563,8.16882e-11,1,1,True
sf,125,cell1_r200_0800,cell1,0.2,,0.8,-0.44285,-1.70923,8.41086e-11,1,1,True
sf,125,cell1_r200_0850,cell1,0.2,,0.85,-0.420762,-1.6923,8.76457e-11,1,1,True
sf,125,cell1_r200_0900,cell1,0.2,,0.9,-0.394771,-1.67496,9.20586e-11,1,1,True
sf,125,cell1_r200_0950,cell1,0.2,,0.95,-0.365609,-1.65732,9.71332e-11,1,1,True
sf,125,cell1_r200_1000,cell1,0.2,,1.0,-0.333984,-1.63944,1.02769e-10,1,1,True
sf,125,cell1_r200_1050,cell1,0.2,,1.05,-0.300465,-1.62135,1.08975e-10,1,1,True
sf,125,cell1_r200_1100,cell1,0.2,,1.1,-0.265427,-1.60308,1.1587e-10,1,1,True
sf,125,cell1_r200_1150,cell1,0.2,,1.15,-0.229262,-1.58466,1.23795e-10,1,1,True
sf,125,cell1_r200_1200,cell1,0.2,,1.2,-0.191841,-1.56608,1.34848e-10,1,1,True
fs,27,st_m100mv,stage,0.1,-100,,-0.108818,-1.79999,1.65062e-10,1,1,True
fs,27,st_m50mv,stage,0.1,-50,,-0.054889,-1.8,1.98945e-10,1,1,True
fs,27,st_m20mv,stage,0.1,-20,,-0.0220207,-1.79999,2.42533e-10,1,1,True
fs,27,st_m10mv,stage,0.1,-10,,-0.0110156,-1.79999,2.74642e-10,1,1,True
fs,27,st_m5mv,stage,0.1,-5,,-0.00550858,-1.8,3.0567e-10,1,1,True
fs,27,st_m2mv,stage,0.1,-2,,-0.00220354,-1.79999,3.49095e-10,1,1,True
fs,27,st_m1mv,stage,0.1,-1,,-0.00110178,-1.8,3.82508e-10,1,1,True
fs,27,st_p1mv,stage,0.1,1,,0.0011018,1.8,3.82414e-10,0,0,True
fs,27,st_p2mv,stage,0.1,2,,0.00220361,1.79999,3.48932e-10,0,0,True
fs,27,st_p5mv,stage,0.1,5,,0.00550898,1.8,3.05246e-10,0,0,True
fs,27,st_p10mv,stage,0.1,10,,0.0110172,1.79999,2.73615e-10,0,0,True
fs,27,st_p20mv,stage,0.1,20,,0.0220272,1.79999,2.40855e-10,0,0,True
fs,27,st_p50mv,stage,0.1,50,,0.0549317,1.8,1.95059e-10,0,0,True
fs,27,st_p100mv,stage,0.1,100,,0.109023,1.79999,1.57133e-10,0,0,True
fs,27,cell0_r020_n100,cell0,0.02,,-0.1,0.0204811,1.79999,2.47481e-10,0,0,True
fs,27,cell0_r020_0000,cell0,0.02,,0.0,0.0204638,1.79999,2.47518e-10,0,0,True
fs,27,cell1_r020_0300,cell1,0.02,,0.3,0.020439,1.79999,2.47566e-10,1,0,False
fs,27,cell1_r020_0350,cell1,0.02,,0.35,0.0204392,1.79999,2.47563e-10,1,0,False
fs,27,cell1_r020_0400,cell1,0.02,,0.4,0.020432,1.79999,2.47579e-10,1,0,False
fs,27,cell1_r020_0450,cell1,0.02,,0.45,0.0203829,1.79999,2.47698e-10,1,0,False
fs,27,cell1_r020_0500,cell1,0.02,,0.5,0.0201524,1.79998,2.48272e-10,1,0,False
fs,27,cell1_r020_0550,cell1,0.02,,0.55,0.0192034,1.79993,2.50717e-10,1,0,False
fs,27,cell1_r020_0600,cell1,0.02,,0.6,0.0155745,1.7998,2.62125e-10,1,0,False
fs,27,cell1_r020_0650,cell1,0.02,,0.65,0.00277347,1.79939,4.09328e-10,1,0,False
fs,27,cell1_r020_0700,cell1,0.02,,0.7,-0.0368671,-1.79737,2.12653e-10,1,1,True
fs,27,cell1_r020_0750,cell1,0.02,,0.75,-0.136853,-1.79388,1.50624e-10,1,1,True
fs,27,cell1_r020_0800,cell1,0.02,,0.8,-0.332767,-1.78787,1.00823e-10,1,1,True
fs,27,cell1_r020_0850,cell1,0.02,,0.85,-0.609957,-1.77907,6.12905e-11,1,1,True
fs,27,cell1_r020_0900,cell1,0.02,,0.9,-0.684379,-1.76775,5.294e-11,1,1,True
fs,27,cell1_r020_0950,cell1,0.02,,0.95,-0.675168,-1.75442,5.39383e-11,1,1,True
fs,27,cell1_r020_1000,cell1,0.02,,1.0,-0.663114,-1.73972,5.53035e-11,1,1,True
fs,27,cell1_r020_1050,cell1,0.02,,1.05,-0.648233,-1.72414,5.7039e-11,1,1,True
fs,27,cell1_r020_1100,cell1,0.02,,1.1,-0.630384,-1.70799,5.92317e-11,1,1,True
fs,27,cell1_r020_1150,cell1,0.02,,1.15,-0.609698,-1.69143,6.19295e-11,1,1,True
fs,27,cell1_r020_1200,cell1,0.02,,1.2,-0.58639,-1.67454,6.5165e-11,1,1,True
fs,27,cell0_r050_n100,cell0,0.05,,-0.1,0.0532997,1.8,1.99721e-10,0,0,True
fs,27,cell0_r050_0000,cell0,0.05,,0.0,0.0532826,1.8,1.99734e-10,0,0,True
fs,27,cell1_r050_0300,cell1,0.05,,0.3,0.0532582,1.8,1.99748e-10,1,0,False
fs,27,cell1_r050_0350,cell1,0.05,,0.35,0.0532584,1.8,1.99746e-10,1,0,False
fs,27,cell1_r050_0400,cell1,0.05,,0.4,0.0532511,1.8,1.99752e-10,1,0,False
fs,27,cell1_r050_0450,cell1,0.05,,0.45,0.053202,1.79999,1.99798e-10,1,0,False
fs,27,cell1_r050_0500,cell1,0.05,,0.5,0.0529718,1.79998,2.00023e-10,1,0,False
fs,27,cell1_r050_0550,cell1,0.05,,0.55,0.0520247,1.79994,2.00968e-10,1,0,False
fs,27,cell1_r050_0600,cell1,0.05,,0.6,0.0484048,1.7998,2.04801e-10,1,0,False
fs,27,cell1_r050_0650,cell1,0.05,,0.65,0.0356424,1.79939,2.23885e-10,1,0,False
fs,27,cell1_r050_0700,cell1,0.05,,0.7,-0.00382127,-1.79738,2.9373e-10,1,1,True
fs,27,cell1_r050_0750,cell1,0.05,,0.75,-0.10301,-1.79388,1.65859e-10,1,1,True
fs,27,cell1_r050_0800,cell1,0.05,,0.8,-0.297307,-1.78787,1.07552e-10,1,1,True
fs,27,cell1_r050_0850,cell1,0.05,,0.85,-0.576635,-1.77907,6.51628e-11,1,1,True
fs,27,cell1_r050_0900,cell1,0.05,,0.9,-0.659384,-1.76775,5.59051e-11,1,1,True
fs,27,cell1_r050_0950,cell1,0.05,,0.95,-0.649703,-1.75442,5.69804e-11,1,1,True
fs,27,cell1_r050_1000,cell1,0.05,,1.0,-0.637334,-1.73972,5.83743e-11,1,1,True
fs,27,cell1_r050_1050,cell1,0.05,,1.05,-0.622094,-1.72414,6.01717e-11,1,1,True
fs,27,cell1_r050_1100,cell1,0.05,,1.1,-0.603782,-1.70799,6.24702e-11,1,1,True
fs,27,cell1_r050_1150,cell1,0.05,,1.15,-0.582365,-1.69143,6.5325e-11,1,1,True
fs,27,cell1_r050_1200,cell1,0.05,,1.2,-0.557777,-1.67454,6.8665e-11,1,1,True
fs,27,cell0_r100_n100,cell0,0.1,,-0.1,0.107152,1.79999,1.6508e-10,0,0,True
fs,27,cell0_r100_0000,cell0,0.1,,0.0,0.107135,1.79999,1.65087e-10,0,0,True
fs,27,cell1_r100_0300,cell1,0.1,,0.3,0.107111,1.79999,1.65093e-10,1,0,False
fs,27,cell1_r100_0350,cell1,0.1,,0.35,0.107112,1.79999,1.65091e-10,1,0,False
fs,27,cell1_r100_0400,cell1,0.1,,0.4,0.107104,1.79999,1.65094e-10,1,0,False
fs,27,cell1_r100_0450,cell1,0.1,,0.45,0.107055,1.79999,1.65124e-10,1,0,False
fs,27,cell1_r100_0500,cell1,0.1,,0.5,0.106825,1.79998,1.65271e-10,1,0,False
fs,27,cell1_r100_0550,cell1,0.1,,0.55,0.105881,1.79993,1.65888e-10,1,0,False
fs,27,cell1_r100_0600,cell1,0.1,,0.6,0.102274,1.7998,1.68368e-10,1,0,False
fs,27,cell1_r100_0650,cell1,0.1,,0.65,0.08957,1.79939,1.77808e-10,1,0,False
fs,27,cell1_r100_0700,cell1,0.1,,0.7,0.0503758,1.79828,2.12017e-10,1,0,False
fs,27,cell1_r100_0750,cell1,0.1,,0.75,-0.0474695,-1.79389,2.03327e-10,1,1,True
fs,27,cell1_r100_0800,cell1,0.1,,0.8,-0.23795,-1.78787,1.22095e-10,1,1,True
fs,27,cell1_r100_0850,cell1,0.1,,0.85,-0.517971,-1.77907,7.18177e-11,1,1,True
fs,27,cell1_r100_0900,cell1,0.1,,0.9,-0.613979,-1.76775,6.1237e-11,1,1,True
fs,27,cell1_r100_0950,cell1,0.1,,0.95,-0.604565,-1.75442,6.23989e-11,1,1,True
fs,27,cell1_r100_1000,cell1,0.1,,1.0,-0.591676,-1.73972,6.3926e-11,1,1,True
fs,27,cell1_r100_1050,cell1,0.1,,1.05,-0.575444,-1.72414,6.58526e-11,1,1,True
fs,27,cell1_r100_1100,cell1,0.1,,1.1,-0.555461,-1.70799,6.82794e-11,1,1,True
fs,27,cell1_r100_1150,cell1,0.1,,1.15,-0.531542,-1.69143,7.12742e-11,1,1,True
fs,27,cell1_r100_1200,cell1,0.1,,1.2,-0.504056,-1.67454,7.48823e-11,1,1,True
fs,27,cell0_r200_n100,cell0,0.2,,-0.1,0.211264,1.8,1.32634e-10,0,0,True
fs,27,cell0_r200_0000,cell0,0.2,,0.0,0.211248,1.8,1.32638e-10,0,0,True
fs,27,cell1_r200_0300,cell1,0.2,,0.3,0.211225,1.8,1.32639e-10,1,0,False
fs,27,cell1_r200_0350,cell1,0.2,,0.35,0.211225,1.8,1.32638e-10,1,0,False
fs,27,cell1_r200_0400,cell1,0.2,,0.4,0.211218,1.79999,1.32639e-10,1,0,False
fs,27,cell1_r200_0450,cell1,0.2,,0.45,0.211168,1.79999,1.32655e-10,1,0,False
fs,27,cell1_r200_0500,cell1,0.2,,0.5,0.210939,1.79998,1.32732e-10,1,0,False
fs,27,cell1_r200_0550,cell1,0.2,,0.55,0.209998,1.79994,1.33053e-10,1,0,False
fs,27,cell1_r200_0600,cell1,0.2,,0.6,0.206406,1.7998,1.34286e-10,1,0,False
fs,27,cell1_r200_0650,cell1,0.2,,0.65,0.193765,1.79938,1.38636e-10,1,0,False
fs,27,cell1_r200_0700,cell1,0.2,,0.7,0.154881,1.79828,1.52804e-10,1,0,False
fs,27,cell1_r200_0750,cell1,0.2,,0.75,0.0588339,1.7958,2.19527e-10,1,0,False
fs,27,cell1_r200_0800,cell1,0.2,,0.8,-0.12278,-1.78786,1.58596e-10,1,1,True
fs,27,cell1_r200_0850,cell1,0.2,,0.85,-0.397021,-1.77908,8.83034e-11,1,1,True
fs,27,cell1_r200_0900,cell1,0.2,,0.9,-0.503035,-1.76775,7.38211e-11,1,1,True
fs,27,cell1_r200_0950,cell1,0.2,,0.95,-0.496125,-1.75442,7.49569e-11,1,1,True
fs,27,cell1_r200_1000,cell1,0.2,,1.0,-0.482351,-1.73972,7.6562e-11,1,1,True
fs,27,cell1_r200_1050,cell1,0.2,,1.05,-0.463999,-1.72414,7.8707e-11,1,1,True
fs,27,cell1_r200_1100,cell1,0.2,,1.1,-0.441629,-1.70799,8.1551e-11,1,1,True
fs,27,cell1_r200_1150,cell1,0.2,,1.15,-0.415805,-1.69143,8.5359e-11,1,1,True
fs,27,cell1_r200_1200,cell1,0.2,,1.2,-0.387203,-1.67454,9.00005e-11,1,1,True
fs,125,st_m100mv,stage,0.1,-100,,-0.11979,-1.79971,1.4332e-10,1,1,True
fs,125,st_m50mv,stage,0.1,-50,,-0.0604336,-1.7997,1.72261e-10,1,1,True
fs,125,st_m20mv,stage,0.1,-20,,-0.0242373,-1.79971,2.10408e-10,1,1,True
fs,125,st_m10mv,stage,0.1,-10,,-0.0121234,-1.79971,2.40188e-10,1,1,True
fs,125,st_m5mv,stage,0.1,-5,,-0.00606234,-1.7997,2.67119e-10,1,1,True
fs,125,st_m2mv,stage,0.1,-2,,-0.00242502,-1.79971,3.05104e-10,1,1,True
fs,125,st_m1mv,stage,0.1,-1,,-0.00121252,-1.79971,3.34327e-10,1,1,True
fs,125,st_p1mv,stage,0.1,1,,0.00121253,1.79971,3.34276e-10,0,0,True
fs,125,st_p2mv,stage,0.1,2,,0.00242505,1.79971,3.05013e-10,0,0,True
fs,125,st_p5mv,stage,0.1,5,,0.00606255,1.7997,2.66869e-10,0,0,True
fs,125,st_p10mv,stage,0.1,10,,0.0121243,1.79971,2.39705e-10,0,0,True
fs,125,st_p20mv,stage,0.1,20,,0.0242419,1.79971,2.09477e-10,0,0,True
fs,125,st_p50mv,stage,0.1,50,,0.0604913,1.7997,1.69583e-10,0,0,True
fs,125,st_p100mv,stage,0.1,100,,0.120343,1.79971,1.38676e-10,0,0,True
fs,125,cell0_r020_n100,cell0,0.02,,-0.1,0.0219355,1.79971,2.25692e-10,0,0,True
fs,125,cell0_r020_0000,cell0,0.02,,0.0,0.0219177,1.79971,2.25733e-10,0,0,True
fs,125,cell1_r020_0300,cell1,0.02,,0.3,0.0218211,1.7997,2.25983e-10,1,0,False
fs,125,cell1_r020_0350,cell1,0.02,,0.35,0.0216039,1.7997,2.26601e-10,1,0,False
fs,125,cell1_r020_0400,cell1,0.02,,0.4,0.0209593,1.79968,2.28464e-10,1,0,False
fs,125,cell1_r020_0450,cell1,0.02,,0.45,0.0191299,1.79963,2.33955e-10,1,0,False
fs,125,cell1_r020_0500,cell1,0.02,,0.5,0.0141255,1.79951,2.51474e-10,1,0,False
fs,125,cell1_r020_0550,cell1,0.02,,0.55,0.00102492,-1.79874,2.98967e-10,1,1,True
fs,125,cell1_r020_0600,cell1,0.02,,0.6,-0.0310799,-1.79747,1.97199e-10,1,1,True
fs,125,cell1_r020_0650,cell1,0.02,,0.65,-0.102213,-1.79492,1.48236e-10,1,1,True
fs,125,cell1_r020_0700,cell1,0.02,,0.7,-0.239131,-1.79043,1.08177e-10,1,1,True
fs,125,cell1_r020_0750,cell1,0.02,,0.75,-0.44315,-1.78349,7.35268e-11,1,1,True
fs,125,cell1_r020_0800,cell1,0.02,,0.8,-0.621717,-1.77396,5.08107e-11,1,1,True
fs,125,cell1_r020_0850,cell1,0.02,,0.85,-0.638531,-1.76206,4.80421e-11,1,1,True
fs,125,cell1_r020_0900,cell1,0.02,,0.9,-0.632738,-1.74825,4.8899e-11,1,1,True
fs,125,cell1_r020_0950,cell1,0.02,,0.95,-0.622699,-1.73306,5.03574e-11,1,1,True
fs,125,cell1_r020_1000,cell1,0.02,,1.0,-0.609567,-1.71691,5.18149e-11,1,1,True
fs,125,cell1_r020_1050,cell1,0.02,,1.05,-0.593521,-1.70009,5.3668e-11,1,1,True
fs,125,cell1_r020_1100,cell1,0.02,,1.1,-0.574744,-1.68277,5.59357e-11,1,1,True
fs,125,cell1_r020_1150,cell1,0.02,,1.15,-0.553553,-1.66506,5.86168e-11,1,1,True
fs,125,cell1_r020_1200,cell1,0.02,,1.2,-0.530335,-1.64704,6.16771e-11,1,1,True
fs,125,cell0_r050_n100,cell0,0.05,,-0.1,0.0580885,1.7997,1.79131e-10,0,0,True
fs,125,cell0_r050_0000,cell0,0.05,,0.0,0.0580712,1.7997,1.79143e-10,0,0,True
fs,125,cell1_r050_0300,cell1,0.05,,0.3,0.0579747,1.7997,1.79224e-10,1,0,False
fs,125,cell1_r050_0350,cell1,0.05,,0.35,0.0577579,1.79969,1.79437e-10,1,0,False
fs,125,cell1_r050_0400,cell1,0.05,,0.4,0.0571146,1.79968,1.80077e-10,1,0,False
fs,125,cell1_r050_0450,cell1,0.05,,0.45,0.0552898,1.79963,1.81915e-10,1,0,False
fs,125,cell1_r050_0500,cell1,0.05,,0.5,0.0502999,1.79951,1.871e-10,1,0,False
fs,125,cell1_r050_0550,cell1,0.05,,0.55,0.0372446,1.79923,2.02524e-10,1,0,False
fs,125,cell1_r050_0600,cell1,0.05,,0.6,0.00528167,-1.79746,3.46404e-10,1,1,True
fs,125,cell1_r050_0650,cell1,0.05,,0.65,-0.0654499,-1.79492,1.66694e-10,1,1,True
fs,125,cell1_r050_0700,cell1,0.05,,0.7,-0.201842,-1.79043,1.16818e-10,1,1,True
fs,125,cell1_r050_0750,cell1,0.05,,0.75,-0.41311,-1.78349,7.78552e-11,1,1,True
fs,125,cell1_r050_0800,cell1,0.05,,0.8,-0.598725,-1.77396,5.32421e-11,1,1,True
fs,125,cell1_r050_0850,cell1,0.05,,0.85,-0.614414,-1.76206,5.13834e-11,1,1,True
fs,125,cell1_r050_0900,cell1,0.05,,0.9,-0.608386,-1.74825,5.19601e-11,1,1,True
fs,125,cell1_r050_0950,cell1,0.05,,0.95,-0.598625,-1.73306,5.29927e-11,1,1,True
fs,125,cell1_r050_1000,cell1,0.05,,1.0,-0.585581,-1.71691,5.4433e-11,1,1,True
fs,125,cell1_r050_1050,cell1,0.05,,1.05,-0.569387,-1.70009,5.63151e-11,1,1,True
fs,125,cell1_r050_1100,cell1,0.05,,1.1,-0.550334,-1.68277,5.86366e-11,1,1,True
fs,125,cell1_r050_1150,cell1,0.05,,1.15,-0.528836,-1.66506,6.13815e-11,1,1,True
fs,125,cell1_r050_1200,cell1,0.05,,1.2,-0.505306,-1.64704,6.45494e-11,1,1,True
fs,125,cell0_r100_n100,cell0,0.1,,-0.1,0.116867,1.79971,1.46703e-10,0,0,True
fs,125,cell0_r100_0000,cell0,0.1,,0.0,0.11685,1.79971,1.46707e-10,0,0,True
fs,125,cell1_r100_0300,cell1,0.1,,0.3,0.116754,1.7997,1.46741e-10,1,0,False
fs,125,cell1_r100_0350,cell1,0.1,,0.35,0.116538,1.79969,1.46836e-10,1,0,False
fs,125,cell1_r100_0400,cell1,0.1,,0.4,0.115899,1.79968,1.47123e-10,1,0,False
fs,125,cell1_r100_0450,cell1,0.1,,0.45,0.114087,1.79963,1.47944e-10,1,0,False
fs,125,cell1_r100_0500,cell1,0.1,,0.5,0.109136,1.79951,1.50241e-10,1,0,False
fs,125,cell1_r100_0550,cell1,0.1,,0.55,0.0961922,1.79923,1.5672e-10,1,0,False
fs,125,cell1_r100_0600,cell1,0.1,,0.6,0.0645528,1.79857,1.79447e-10,1,0,False
fs,125,cell1_r100_0650,cell1,0.1,,0.65,-0.00526475,-1.79492,2.38719e-10,1,1,True
fs,125,cell1_r100_0700,cell1,0.1,,0.7,-0.139845,-1.79043,1.36298e-10,1,1,True
fs,125,cell1_r100_0750,cell1,0.1,,0.75,-0.357125,-1.78349,8.67844e-11,1,1,True
fs,125,cell1_r100_0800,cell1,0.1,,0.8,-0.557642,-1.77396,5.77404e-11,1,1,True
fs,125,cell1_r100_0850,cell1,0.1,,0.85,-0.573888,-1.76206,5.57919e-11,1,1,True
fs,125,cell1_r100_0900,cell1,0.1,,0.9,-0.567591,-1.74825,5.64433e-11,1,1,True
fs,125,cell1_r100_0950,cell1,0.1,,0.95,-0.557728,-1.73306,5.74968e-11,1,1,True
fs,125,cell1_r100_1000,cell1,0.1,,1.0,-0.544421,-1.71691,5.89812e-11,1,1,True
fs,125,cell1_r100_1050,cell1,0.1,,1.05,-0.527838,-1.70009,6.0933e-11,1,1,True
fs,125,cell1_r100_1100,cell1,0.1,,1.1,-0.50833,-1.68277,6.33697e-11,1,1,True
fs,125,cell1_r100_1150,cell1,0.1,,1.15,-0.48633,-1.66506,6.63529e-11,1,1,True
fs,125,cell1_r100_1200,cell1,0.1,,1.2,-0.462244,-1.64703,6.98399e-11,1,1,True
fs,125,cell0_r200_n100,cell0,0.2,,-0.1,0.227968,1.79971,1.13896e-10,0,0,True
fs,125,cell0_r200_0000,cell0,0.2,,0.0,0.227952,1.79971,1.13898e-10,0,0,True
fs,125,cell1_r200_0300,cell1,0.2,,0.3,0.227859,1.7997,1.13915e-10,1,0,False
fs,125,cell1_r200_0350,cell1,0.2,,0.35,0.22765,1.7997,1.13969e-10,1,0,False
fs,125,cell1_r200_0400,cell1,0.2,,0.4,0.227033,1.79968,1.14132e-10,1,0,False
fs,125,cell1_r200_0450,cell1,0.2,,0.45,0.225284,1.79963,1.14598e-10,1,0,False
fs,125,cell1_r200_0500,cell1,0.2,,0.5,0.220503,1.79952,1.15902e-10,1,0,False
fs,125,cell1_r200_0550,cell1,0.2,,0.55,0.207967,1.79923,1.19536e-10,1,0,False
fs,125,cell1_r200_0600,cell1,0.2,,0.6,0.177211,1.79857,1.30198e-10,1,0,False
fs,125,cell1_r200_0650,cell1,0.2,,0.65,0.10945,1.79719,1.58291e-10,1,0,False
fs,125,cell1_r200_0700,cell1,0.2,,0.7,-0.0198966,-1.79043,2.04797e-10,1,1,True
fs,125,cell1_r200_0750,cell1,0.2,,0.75,-0.233045,-1.78349,1.10553e-10,1,1,True
fs,125,cell1_r200_0800,cell1,0.2,,0.8,-0.467065,-1.77396,6.88856e-11,1,1,True
fs,125,cell1_r200_0850,cell1,0.2,,0.85,-0.486836,-1.76206,6.60992e-11,1,1,True
fs,125,cell1_r200_0900,cell1,0.2,,0.9,-0.481049,-1.74825,6.6722e-11,1,1,True
fs,125,cell1_r200_0950,cell1,0.2,,0.95,-0.471132,-1.73306,6.78338e-11,1,1,True
fs,125,cell1_r200_1000,cell1,0.2,,1.0,-0.457347,-1.71691,6.94582e-11,1,1,True
fs,125,cell1_r200_1050,cell1,0.2,,1.05,-0.439955,-1.70009,7.16679e-11,1,1,True
fs,125,cell1_r200_1100,cell1,0.2,,1.1,-0.419312,-1.68277,7.43709e-11,1,1,True
fs,125,cell1_r200_1150,cell1,0.2,,1.15,-0.395775,-1.66506,7.76851e-11,1,1,True
fs,125,cell1_r200_1200,cell1,0.2,,1.2,-0.369549,-1.64703,8.16127e-11,1,1,True
