variant_id,class,corner,temp_c,age,PASS,complete,separation_ok,latency_ok,read_disturb_ok,worst_case_separation_v,stored1_highest_rbl_v,stored1_worst_sel_row,stored1_worst_pattern_rows3210,stored0_lowest_rbl_v,latency_stored1_max_s,n_latency_missing_stored1,read_disturb_sel_abs_max_v,read_disturb_unsel_abs_max_v,v_sn1_after_write_min_v,v_sn1_preread_min_v,v_sn1_at_sense_min_v
phase2_baseline,phase2_committed,tt,-40,fresh,True,True,True,True,True,0.6477059000000001,0.2510849,0,1111,0.8987908,7.428302e-10,0,0.06430857,0.05992859,0.9593929,0.9593867,
phase2_baseline,phase2_committed,tt,-40,refresh_bound,True,True,True,True,True,0.6331718000000001,0.2656189,0,1111,0.8987907,7.822542e-10,0,0.06449356,0.06013572,0.9593929,0.9555626,
phase2_baseline,phase2_committed,tt,27,fresh,True,True,True,True,True,0.6505377,0.248271,0,1111,0.8988087,2.533985e-10,0,0.05719923,0.05259554,1.027961,1.027955,
phase2_baseline,phase2_committed,tt,27,refresh_bound,True,True,True,True,True,0.6515173,0.2472906,0,1111,0.8988079,2.600514e-10,0,0.05751695,0.05288206,1.027961,1.023783,
phase2_baseline,phase2_committed,tt,125,fresh,True,True,True,True,True,0.6016887,0.2972888,0,1111,0.8989775,1.515775e-10,0,0.04796779,0.04166903,1.123083,1.122995,
phase2_baseline,phase2_committed,tt,125,refresh_bound,True,True,True,True,True,0.6180421,0.2807632,0,1111,0.8988053,1.763424e-10,0,0.05185285,0.04579444,1.123083,1.069094,
phase2_baseline,phase2_committed,ss,-40,fresh,True,True,True,True,True,0.12124210000000002,0.7776732,0,0001,0.8989153,7.919014e-09,0,0.01679018,0.01678688,0.8962619,0.8962562,
phase2_baseline,phase2_committed,ss,-40,refresh_bound,True,True,True,True,True,0.11341200000000007,0.7855032,0,0001,0.8989152,8.553945e-09,0,0.01581301,0.01580999,0.8962619,0.8927654,
phase2_baseline,phase2_committed,ss,27,fresh,True,True,True,True,True,0.6075793,0.2913478,0,1111,0.8989271,9.41117e-10,0,0.06294579,0.05816343,0.9605081,0.960502,
phase2_baseline,phase2_committed,ss,27,refresh_bound,True,True,True,True,True,0.5906602999999999,0.3082666,0,1111,0.8989269,9.854185e-10,0,0.06299105,0.05831964,0.9605081,0.956747,
phase2_baseline,phase2_committed,ss,125,fresh,True,True,True,True,True,0.6465473,0.2524706,0,1111,0.8990179,2.738797e-10,0,0.05558158,0.0501941,1.048223,1.04817,
phase2_baseline,phase2_committed,ss,125,refresh_bound,True,True,True,True,True,0.6539946,0.2449118,0,1111,0.8989064,3.312182e-10,0,0.05761878,0.05224535,1.048223,1.015536,
phase2_baseline,phase2_committed,ff,-40,fresh,True,True,True,True,True,0.6455918,0.2530569,0,1111,0.8986487,2.196193e-10,0,0.05788482,0.05395106,1.015698,1.015691,
phase2_baseline,phase2_committed,ff,-40,refresh_bound,True,True,True,True,True,0.6466917999999999,0.2519567,0,1111,0.8986485,2.257872e-10,0,0.05821249,0.05426124,1.015698,1.011559,
phase2_baseline,phase2_committed,ff,27,fresh,True,True,True,True,True,0.6044288,0.2942584,0,1111,0.8986872,1.440159e-10,0,0.04927697,0.0444348,1.08821,1.088201,
phase2_baseline,phase2_committed,ff,27,refresh_bound,True,True,True,True,True,0.6061904,0.2924898,0,1111,0.8986802,1.459398e-10,0,0.04972313,0.04484798,1.08821,1.082998,
phase2_baseline,phase2_committed,ff,125,fresh,True,True,True,True,True,0.5400325,0.3589614,0,1111,0.8989939,1.178751e-10,0,0.05339821,0.03072538,1.187364,1.187063,
phase2_baseline,phase2_committed,ff,125,refresh_bound,True,True,True,True,True,0.6009832,0.2977069,0,1111,0.8986901,1.645128e-10,0,0.05199322,0.04572748,1.187364,1.013964,
phase2_baseline,phase2_committed,sf,-40,fresh,True,True,True,True,True,0.629144,0.2695554,0,1111,0.8986994,1.54036e-10,0,0.05164014,0.04735799,1.054565,1.054558,
phase2_baseline,phase2_committed,sf,-40,refresh_bound,True,True,True,True,True,0.6304105,0.2682886,0,1111,0.8986991,1.56328e-10,0,0.05198007,0.0476919,1.054565,1.050152,
phase2_baseline,phase2_committed,sf,27,fresh,True,True,True,True,True,0.5832521,0.3155106,0,1111,0.8987627,1.268374e-10,0,0.0432869,0.03828991,1.123369,1.123359,
phase2_baseline,phase2_committed,sf,27,refresh_bound,True,True,True,True,True,0.585688,0.3130542,0,1111,0.8987422,1.281108e-10,0,0.04378564,0.03880131,1.123369,1.117045,
phase2_baseline,phase2_committed,sf,125,fresh,True,True,True,True,True,0.5154935,0.383636,0,1111,0.8991295,1.128169e-10,0,0.06725193,0.02509793,1.216843,1.216376,
phase2_baseline,phase2_committed,sf,125,refresh_bound,True,True,True,True,True,0.6150456,0.2837164,0,1111,0.898762,1.762651e-10,0,0.05441389,0.04808268,1.216843,0.955504,
phase2_baseline,phase2_committed,fs,-40,fresh,False,True,False,False,True,0.018379499999999993,0.8804908,0,0001,0.8988703,,32,0.002901308,0.002909642,0.8636825,0.8636772,
phase2_baseline,phase2_committed,fs,-40,refresh_bound,False,True,False,False,True,0.016728799999999988,0.8821414,0,0001,0.8988702,,32,0.00264803,0.00265613,0.8636825,0.8603854,
phase2_baseline,phase2_committed,fs,27,fresh,True,True,True,True,True,0.2856812000000001,0.6132013,0,0001,0.8988825,2.777742e-09,0,0.0367503,0.03674245,0.9323276,0.9323218,
phase2_baseline,phase2_committed,fs,27,refresh_bound,True,True,True,True,True,0.2723213,0.626561,0,0001,0.8988823,2.956532e-09,0,0.03521641,0.03520895,0.9323276,0.9287515,
phase2_baseline,phase2_committed,fs,125,fresh,True,True,True,True,True,0.6542836000000001,0.2446928,0,1111,0.8989764,4.101697e-10,0,0.0610161,0.05516448,1.027288,1.027235,
phase2_baseline,phase2_committed,fs,125,refresh_bound,True,True,True,True,True,0.6591528,0.2397133,0,1111,0.8988661,5.410519e-10,0,0.06310651,0.05710078,1.027288,0.9944499,
baseline,reproduction,fs,-40,fresh,False,True,False,False,True,0.018379499999999993,0.8804908,0,0001,0.8988703,,32,0.002901308,0.002909642,0.8636825,0.8636772,0.7138203
baseline,reproduction,fs,-40,refresh_bound,False,True,False,False,True,0.016728799999999988,0.8821414,0,0001,0.8988702,,32,0.00264803,0.00265613,0.8636825,0.8603854,0.7108415
baseline,reproduction,ss,-40,fresh,True,True,True,True,True,0.12124210000000002,0.7776732,0,0001,0.8989153,7.919014e-09,0,0.01679018,0.01678688,0.8962619,0.8962562,0.7361126
baseline,reproduction,ss,-40,refresh_bound,True,True,True,True,True,0.11341200000000007,0.7855032,0,0001,0.8989152,8.553945e-09,0,0.01581301,0.01580999,0.8962619,0.8927654,0.7334929
attr_vwl_2p0,attribution:write_drive,fs,-40,fresh,True,True,True,True,True,0.4311671,0.4677072,0,0001,0.8988743,1.494792e-09,0,0.05214156,0.05202625,1.023768,1.023762,0.8304591
attr_vwl_2p0,attribution:write_drive,ss,-40,fresh,True,True,True,True,True,0.6787295999999999,0.2201891,0,1111,0.8989187,5.350352e-10,0,0.06019727,0.05580178,1.057128,1.057121,0.8309074
attr_vwl_2p2,attribution:write_drive,fs,-40,fresh,True,True,True,True,True,0.6584438,0.2404338,0,1111,0.8988776,2.426591e-10,0,0.05528293,0.05146902,1.184125,1.184117,0.9303948
attr_vwl_2p2,attribution:write_drive,ss,-40,fresh,True,True,True,True,True,0.6466706,0.2522494,0,1111,0.89892,1.712713e-10,0,0.0498447,0.04567255,1.218338,1.21833,0.9519454
attr_vwl_2p4,attribution:write_drive,fs,-40,fresh,True,True,True,True,True,0.6120812,0.2867961,0,1111,0.8988773,1.330371e-10,0,0.04445034,0.0402588,1.343871,1.343862,1.060609
attr_vwl_2p4,attribution:write_drive,ss,-40,fresh,True,True,True,True,True,0.5855049,0.3134125,0,1111,0.8989174,1.21435e-10,0,0.03914155,0.0345191,1.379017,1.379008,1.080573
attr_twpulse_40n,attribution:write_timing,fs,-40,fresh,False,True,False,False,True,0.030007899999999976,0.8688624,0,0001,0.8988703,,32,0.004657077,0.004666975,0.8813998,0.8813943,0.7295906
attr_twpulse_40n,attribution:write_timing,ss,-40,fresh,True,True,True,True,True,0.1650119,0.7339034,0,0001,0.8989153,5.499167e-09,0,0.02211269,0.02207189,0.9133878,0.913382,0.7485302
attr_twpulse_100n,attribution:write_timing,fs,-40,fresh,False,True,False,False,True,0.05361579999999999,0.8452544,0,0001,0.8988702,1.974346e-08,0,0.008090564,0.008103414,0.9040019,0.9039963,0.7489158
attr_twpulse_100n,attribution:write_timing,ss,-40,fresh,True,True,True,True,True,0.23265860000000005,0.6662566,0,0001,0.8989152,3.586369e-09,0,0.02974496,0.02976386,0.9348619,0.934856,0.7630827
attr_wr_lvt,attribution:write_device,fs,-40,fresh,True,True,True,True,True,0.20649220000000001,0.692323,0,0001,0.8988152,4.113814e-09,0,0.02825683,0.02825659,0.9771671,0.9771607,0.797795
attr_wr_lvt,attribution:write_device,ss,-40,fresh,True,True,True,True,True,0.5404200000000001,0.3584437,0,1111,0.8988637,1.053945e-09,0,0.06365649,0.06010785,1.013839,1.013833,0.8038756
attr_rd_w_0p84,attribution:read_sizing,fs,-40,fresh,False,True,False,False,True,0.02908339999999998,0.8677042,0,0001,0.8967876,,32,0.007046328,0.007059686,0.88739,0.8873856,0.6472832
attr_rd_w_0p84,attribution:read_sizing,ss,-40,fresh,True,True,True,True,True,0.1280966,0.768801,0,0001,0.8968976,7.103863e-09,0,0.02705673,0.02704482,0.9192462,0.9192416,0.6636224
attr_rd_w_1p68,attribution:read_sizing,fs,-40,fresh,False,True,False,False,True,0.01232410000000006,0.8800931,0,0001,0.8924172,,32,0.004154281,0.004168677,0.9120194,0.9120161,0.5756235
attr_rd_w_1p68,attribution:read_sizing,ss,-40,fresh,False,True,False,False,True,0.04567920000000003,0.8469668,0,0001,0.892646,,32,0.01483423,0.01481333,0.9437346,0.9437312,0.6007483
attr_rd_lvt,attribution:read_device,fs,-40,fresh,True,True,True,True,True,0.10255449999999999,0.7965018,0,0001,0.8990563,9.611518e-09,0,0.01425678,0.0142445,0.8580234,0.8580178,0.6949868
attr_rd_lvt,attribution:read_device,ss,-40,fresh,True,True,True,True,True,0.3954883,0.5036081,0,0001,0.8990964,1.676887e-09,0,0.05020773,0.05013452,0.8904728,0.8904669,0.7036318
attr_rwl_m0p2,attribution:read_drive,fs,-40,fresh,True,True,True,True,True,0.8724582200000001,0.02628908,0,1111,0.8987473,4.435447e-10,0,0.07587593,0.07199102,0.8636825,0.8636772,0.6150365
attr_rwl_m0p2,attribution:read_drive,ss,-40,fresh,True,True,True,True,True,0.86347463,0.03532227,0,1111,0.8987969,2.391373e-10,0,0.07028408,0.06625958,0.8962619,0.8962562,0.6215255
attr_rwl_m0p4,attribution:read_drive,fs,-40,fresh,True,True,True,True,True,1.0151884,-0.1165585,0,1111,0.8986299,1.249668e-10,0,0.07625032,0.07253676,0.8636825,0.8636772,0.5342354
attr_rwl_m0p4,attribution:read_drive,ss,-40,fresh,True,True,True,True,True,0.98929047,-0.09060767,0,1111,0.8986828,1.162191e-10,0,0.07026746,0.06643463,0.8962619,0.8962562,0.552688
attr_crbl_5f,attribution:bitline_load,fs,-40,fresh,False,True,False,False,True,0.03190929999999992,0.8660771,0,0001,0.8979864,,32,0.004926181,0.004934645,0.8636825,0.8636772,0.7127373
attr_crbl_5f,attribution:bitline_load,ss,-40,fresh,True,True,True,True,True,0.19358019999999998,0.7044772,0,0001,0.8980574,4.441714e-09,0,0.02507714,0.02507527,0.8962619,0.8962562,0.7308612
attr_crbl_20f,attribution:bitline_load,fs,-40,fresh,False,True,False,False,True,0.009945300000000046,0.8894531,0,0001,0.8993984,,32,0.001595788,0.001604034,0.8636825,0.8636772,0.7144935
attr_crbl_20f,attribution:bitline_load,ss,-40,fresh,False,True,False,False,True,0.06951790000000002,0.8299061,0,0001,0.899424,1.487396e-08,0,0.01017619,0.01017203,0.8962619,0.8962562,0.7398523
attr_crbl_40f,attribution:bitline_load,fs,-40,fresh,False,True,False,False,True,0.005185800000000018,0.8945033,0,0001,0.8996891,,32,0.0008434103,0.000851606,0.8636825,0.8636772,0.7148728
attr_crbl_40f,attribution:bitline_load,ss,-40,fresh,False,True,False,False,True,0.0375605,0.8621423,0,0001,0.8997028,,32,0.00567093,0.00571367,0.8962619,0.8962562,0.7421811
attr_tsense_5n,attribution:sense_time,fs,-40,fresh,False,True,False,False,True,0.009189400000000014,0.8896826,0,0001,0.898872,,32,0.002901308,0.002909642,0.8636825,0.8636772,0.7145126
attr_tsense_5n,attribution:sense_time,ss,-40,fresh,False,True,False,False,True,0.06502889999999995,0.8338881,0,0001,0.898917,7.919014e-09,0,0.01679018,0.01678688,0.8962619,0.8962562,0.7401391
attr_tsense_15n,attribution:sense_time,fs,-40,fresh,False,True,False,False,True,0.02729360000000003,0.871575,0,0001,0.8988686,,32,0.002901308,0.002909642,0.8636825,0.8636772,0.7131485
attr_tsense_15n,attribution:sense_time,ss,-40,fresh,True,True,True,True,True,0.16964709999999994,0.7292665,0,0001,0.8989136,7.919014e-09,0,0.01679018,0.01678688,0.8962619,0.8962562,0.7326399
attr_tsense_19n,attribution:sense_time,fs,-40,fresh,False,True,False,False,True,0.0342365,0.8646308,0,0001,0.8988673,,32,0.002901308,0.002909642,0.8636825,0.8636772,0.7126251
attr_tsense_19n,attribution:sense_time,ss,-40,fresh,True,True,True,True,True,0.2039554,0.6949569,0,0001,0.8989123,7.919014e-09,0,0.01679018,0.01678688,0.8962619,0.8962562,0.7301754
attr_force_sn1_0p8,attribution:forced_level,fs,-40,fresh,False,True,False,False,True,0.0026089999999999725,0.8962318,0,0001,0.8988408,,32,0.0004330146,0.0004387945,0.7999388,0.7999339,0.6543727
attr_force_sn1_0p8,attribution:forced_level,ss,-40,fresh,False,True,False,False,True,0.011218600000000079,0.8876683,0,0001,0.8988869,,32,0.001760699,0.001767439,0.7999376,0.7999326,0.6546848
attr_force_sn1_0p9,attribution:forced_level,fs,-40,fresh,False,True,False,False,True,0.04846270000000008,0.850378,0,0001,0.8988407,,32,0.007325413,0.00733765,0.8999306,0.899925,0.7455101
attr_force_sn1_0p9,attribution:forced_level,ss,-40,fresh,True,True,True,True,True,0.12983840000000002,0.7690484,0,0001,0.8988868,7.310615e-09,0,0.01783572,0.01783214,0.8999292,0.8999236,0.7388307
attr_force_sn1_1p0,attribution:forced_level,fs,-40,fresh,True,True,True,True,True,0.32307510000000006,0.5757656,0,0001,0.8988407,2.28039e-09,0,0.03988207,0.03987903,0.9999223,0.999916,0.81687
attr_force_sn1_1p0,attribution:forced_level,ss,-40,fresh,True,True,True,True,True,0.5117161,0.3871707,0,1111,0.8988868,1.169963e-09,0,0.05986402,0.05753466,0.9999208,0.9999144,0.8013031
attr_force_sn1_1p1,attribution:forced_level,fs,-40,fresh,True,True,True,True,True,0.6769531,0.2218875,0,1111,0.8988406,5.121838e-10,0,0.06094554,0.05682748,1.099914,1.099907,0.8704253
attr_force_sn1_1p1,attribution:forced_level,ss,-40,fresh,True,True,True,True,True,0.6716286,0.2272581,0,1111,0.8988867,3.450674e-10,0,0.05750668,0.05331109,1.099912,1.099905,0.8551275
attr_force_sn1_1p2,attribution:forced_level,fs,-40,fresh,True,True,True,True,True,0.6548569,0.2439837,0,1111,0.8988406,2.197878e-10,0,0.05428702,0.05040349,1.199906,1.199898,0.9434067
attr_force_sn1_1p2,attribution:forced_level,ss,-40,fresh,True,True,True,True,True,0.6516999,0.2471868,0,1111,0.8988867,1.837781e-10,0,0.05108853,0.04690447,1.199904,1.199896,0.9369992
attr_force_sn1_1p4,attribution:forced_level,fs,-40,fresh,True,True,True,True,True,0.5898003999999999,0.3090407,0,1111,0.8988411,1.214326e-10,0,0.04038825,0.03615649,1.399889,1.39988,1.105602
attr_force_sn1_1p4,attribution:forced_level,ss,-40,fresh,True,True,True,True,True,0.5760075,0.3228798,0,1111,0.8988873,1.185964e-10,0,0.03767698,0.03301746,1.399887,1.399878,1.097155
attr_force_sn1_1p8,attribution:forced_level,fs,-40,fresh,True,True,True,True,True,0.38583670000000003,0.5130045,0,1111,0.8988412,9.251297e-11,0,0.00760207,0.014236,1.799866,1.799856,1.428709
attr_force_sn1_1p8,attribution:forced_level,ss,-40,fresh,True,True,True,True,True,0.36587539999999996,0.5330119,0,1111,0.8988873,9.246475e-11,0,0.01378391,0.02056076,1.79987,1.799859,1.421326
nc_write_disabled,negative_control,fs,-40,fresh,False,True,False,False,True,-0.9779180615290001,0.9779191,0,0001,1.038471e-06,,32,0.00760228,0.014236,1.310913e-06,1.46278e-06,-0.1272867
nc_write_disabled,negative_control,tt,27,fresh,False,True,False,False,True,-1.1686346281659998,1.16864,3,1000,5.371834e-06,,32,0.04388508,0.05191108,1.364653e-05,2.388151e-05,-0.1334521
rem_vwl_2p0,remedy:write_wordline_boost,tt,-40,fresh,True,True,True,True,True,0.6447358000000001,0.2540571,0,1111,0.8987929,1.850376e-10,0,0.05354495,0.04940178,1.119428,1.119421,0.850837
rem_vwl_2p0,remedy:write_wordline_boost,tt,-40,refresh_bound,True,True,True,True,True,0.6458543999999999,0.2529383,0,1111,0.8987927,1.888796e-10,0,0.05382286,0.04972435,1.119428,1.114915,0.8471758
rem_vwl_2p0,remedy:write_wordline_boost,tt,27,fresh,True,True,True,True,True,0.6036665,0.2951416,0,1111,0.8988081,1.395306e-10,0,0.04597097,0.04106116,1.186634,1.186626,0.8965587
rem_vwl_2p0,remedy:write_wordline_boost,tt,27,refresh_bound,True,True,True,True,True,0.6054029000000001,0.2934045,0,1111,0.8988074,1.409463e-10,0,0.04634544,0.0414299,1.186634,1.181771,0.8926145
rem_vwl_2p0,remedy:write_wordline_boost,tt,125,fresh,True,True,True,True,True,0.5397849,0.3591879,0,1111,0.8989728,1.189636e-10,0,0.03470929,0.02823308,1.280757,1.280662,0.9606828
rem_vwl_2p0,remedy:write_wordline_boost,tt,125,refresh_bound,True,True,True,True,True,0.5643839,0.3344212,0,1111,0.8988051,1.271274e-10,0,0.03976116,0.03344758,1.280757,1.222777,0.913453
rem_vwl_2p0,remedy:write_wordline_boost,ss,-40,fresh,True,True,True,True,True,0.6787295999999999,0.2201891,0,1111,0.8989187,5.350352e-10,0,0.06019727,0.05580178,1.057128,1.057121,0.8309074
rem_vwl_2p0,remedy:write_wordline_boost,ss,-40,refresh_bound,True,True,True,True,True,0.679104,0.2198146,0,1111,0.8989186,5.63588e-10,0,0.06045784,0.05602229,1.057128,1.052957,0.8288736
rem_vwl_2p0,remedy:write_wordline_boost,ss,27,fresh,True,True,True,True,True,0.6500264,0.2489028,0,1111,0.8989292,2.357615e-10,0,0.05330388,0.04883868,1.12032,1.120313,0.8637273
rem_vwl_2p0,remedy:write_wordline_boost,ss,27,refresh_bound,True,True,True,True,True,0.6511046,0.2478244,0,1111,0.898929,2.413719e-10,0,0.05358703,0.04912495,1.12032,1.115888,0.8600722
rem_vwl_2p0,remedy:write_wordline_boost,ss,125,fresh,True,True,True,True,True,0.5986901,0.3003429,0,1111,0.899033,1.570429e-10,0,0.04508781,0.03941042,1.206582,1.206527,0.9225809
rem_vwl_2p0,remedy:write_wordline_boost,ss,125,refresh_bound,True,True,True,True,True,0.6103223,0.2885879,0,1111,0.8989102,1.702225e-10,0,0.04731666,0.04180393,1.206582,1.172875,0.8949863
rem_vwl_2p0,remedy:write_wordline_boost,ff,-40,fresh,True,True,True,True,True,0.5945866000000001,0.3040613,0,1111,0.8986479,1.244026e-10,0,0.04536724,0.04142631,1.176173,1.176165,0.8792914
rem_vwl_2p0,remedy:write_wordline_boost,ff,-40,refresh_bound,True,True,True,True,True,0.5964308,0.3022169,0,1111,0.8986477,1.254906e-10,0,0.04576012,0.04181914,1.176173,1.171343,0.8753987
rem_vwl_2p0,remedy:write_wordline_boost,ff,27,fresh,True,True,True,True,True,0.5403985,0.3582798,0,1111,0.8986783,1.12291e-10,0,0.0360941,0.03113665,1.247223,1.247213,0.9275653
rem_vwl_2p0,remedy:write_wordline_boost,ff,27,refresh_bound,True,True,True,True,True,0.5431170999999999,0.3555567,0,1111,0.8986738,1.129256e-10,0,0.03662497,0.03165717,1.247223,1.241184,0.9227017
rem_vwl_2p0,remedy:write_wordline_boost,ff,125,fresh,True,True,True,True,True,0.46576919999999994,0.43319,0,1111,0.8989592,1.047908e-10,0,0.05037241,0.01386658,1.344592,1.344254,0.9953404
rem_vwl_2p0,remedy:write_wordline_boost,ff,125,refresh_bound,True,True,True,True,True,0.5551093,0.3435805,0,1111,0.8986898,1.233831e-10,0,0.04039761,0.03420531,1.344592,1.149564,0.8353251
rem_vwl_2p0,remedy:write_wordline_boost,sf,-40,fresh,True,True,True,True,True,0.5694607,0.3292331,0,1111,0.8986938,1.140412e-10,0,0.03919373,0.03473548,1.214847,1.214839,0.8971185
rem_vwl_2p0,remedy:write_wordline_boost,sf,-40,refresh_bound,True,True,True,True,True,0.5717068,0.3269868,0,1111,0.8986936,1.146579e-10,0,0.03959808,0.03515178,1.214847,1.209733,0.8930781
rem_vwl_2p0,remedy:write_wordline_boost,sf,27,fresh,True,True,True,True,True,0.5126532,0.3860918,0,1111,0.898745,1.078145e-10,0,0.02935279,0.02424539,1.28395,1.283938,0.9439134
rem_vwl_2p0,remedy:write_wordline_boost,sf,27,refresh_bound,True,True,True,True,True,0.516106,0.382627,0,1111,0.898733,1.083398e-10,0,0.03006665,0.02494079,1.28395,1.276679,0.9380975
rem_vwl_2p0,remedy:write_wordline_boost,sf,125,fresh,True,True,True,True,True,0.43474330000000005,0.4643651,0,1111,0.8991084,1.030902e-10,0,0.06722633,0.01560741,1.376661,1.376148,1.009314
rem_vwl_2p0,remedy:write_wordline_boost,sf,125,refresh_bound,True,True,True,True,True,0.5713418,0.327423,0,1111,0.8987648,1.302889e-10,0,0.04368493,0.03741332,1.376661,1.086105,0.7721152
rem_vwl_2p0,remedy:write_wordline_boost,fs,-40,fresh,True,True,True,True,True,0.4311671,0.4677072,0,0001,0.8988743,1.494792e-09,0,0.05214156,0.05202625,1.023768,1.023762,0.8304591
rem_vwl_2p0,remedy:write_wordline_boost,fs,-40,refresh_bound,True,True,True,True,True,0.41253359999999994,0.4863406,0,0001,0.8988742,1.60091e-09,0,0.04988838,0.04985984,1.023768,1.019813,0.8282698
rem_vwl_2p0,remedy:write_wordline_boost,fs,27,fresh,True,True,True,True,True,0.6640691000000001,0.234817,0,1111,0.8988861,3.6475e-10,0,0.05911579,0.05454776,1.090915,1.090908,0.8432982
rem_vwl_2p0,remedy:write_wordline_boost,fs,27,refresh_bound,True,True,True,True,True,0.6649589,0.233927,0,1111,0.8988859,3.782476e-10,0,0.05940163,0.05481206,1.090915,1.086684,0.8397751
rem_vwl_2p0,remedy:write_wordline_boost,fs,125,fresh,True,True,True,True,True,0.6197107,0.2792874,0,1111,0.8989981,1.778496e-10,0,0.05034601,0.04461485,1.183874,1.183818,0.9084637
rem_vwl_2p0,remedy:write_wordline_boost,fs,125,refresh_bound,True,True,True,True,True,0.6288855,0.2699846,0,1111,0.8988701,2.003712e-10,0,0.0527782,0.04703948,1.183874,1.149842,0.8800866
rem_rwl_m0p2,remedy:read_wordline_underdrive,tt,-40,fresh,True,True,True,True,True,0.8225366199999999,0.07612328,0,1111,0.8986599,1.379161e-10,0,0.0648247,0.06078622,0.9593929,0.9593867,0.6518184
rem_rwl_m0p2,remedy:read_wordline_underdrive,tt,-40,refresh_bound,True,True,True,True,True,0.82373704,0.07492276,0,1111,0.8986598,1.39136e-10,0,0.06507618,0.06104966,0.9593929,0.9555626,0.6487251
rem_rwl_m0p2,remedy:read_wordline_underdrive,tt,27,fresh,True,True,True,True,True,0.7750455999999999,0.123643,0,1111,0.8986886,1.204582e-10,0,0.05752439,0.05277255,1.027961,1.027955,0.6984916
rem_rwl_m0p2,remedy:read_wordline_underdrive,tt,27,refresh_bound,True,True,True,True,True,0.7767146,0.121973,0,1111,0.8986876,1.210637e-10,0,0.05781606,0.05307043,1.027961,1.023783,0.6951338
rem_rwl_m0p2,remedy:read_wordline_underdrive,tt,125,fresh,True,True,True,True,True,0.7079966,0.1909387,0,1111,0.8989353,1.103752e-10,0,0.04812535,0.04176022,1.123083,1.122995,0.7622315
rem_rwl_m0p2,remedy:read_wordline_underdrive,tt,125,refresh_bound,True,True,True,True,True,0.7319864,0.1667322,0,1111,0.8987186,1.148089e-10,0,0.05216377,0.04591805,1.123083,1.069094,0.7188256
rem_rwl_m0p2,remedy:read_wordline_underdrive,ss,-40,fresh,True,True,True,True,True,0.86347463,0.03532227,0,1111,0.8987969,2.391373e-10,0,0.07028408,0.06625958,0.8962619,0.8962562,0.6215255
rem_rwl_m0p2,remedy:read_wordline_underdrive,ss,-40,refresh_bound,True,True,True,True,True,0.8641036599999999,0.03469314,0,1111,0.8987968,2.445042e-10,0,0.07042391,0.06646394,0.8962619,0.8927654,0.6186868
rem_rwl_m0p2,remedy:read_wordline_underdrive,ss,27,fresh,True,True,True,True,True,0.82721629,0.07159611,0,1111,0.8988124,1.634656e-10,0,0.06381881,0.05926298,0.9605081,0.960502,0.6662948
rem_rwl_m0p2,remedy:read_wordline_underdrive,ss,27,refresh_bound,True,True,True,True,True,0.82834666,0.07046554,0,1111,0.8988122,1.65227e-10,0,0.06405245,0.05949531,0.9605081,0.956747,0.6632222
rem_rwl_m0p2,remedy:read_wordline_underdrive,ss,125,fresh,True,True,True,True,True,0.7684522,0.1304997,0,1111,0.8989519,1.330019e-10,0,0.05612117,0.05042183,1.048223,1.04817,0.7258735
rem_rwl_m0p2,remedy:read_wordline_underdrive,ss,125,refresh_bound,True,True,True,True,True,0.7809681,0.1178534,0,1111,0.8988215,1.393336e-10,0,0.05826304,0.05256141,1.048223,1.015536,0.6993682
rem_rwl_m0p2,remedy:read_wordline_underdrive,ff,-40,fresh,True,True,True,True,True,0.7650017,0.1335025,0,1111,0.8985042,1.106196e-10,0,0.05784513,0.05409361,1.015698,1.015691,0.6785948
rem_rwl_m0p2,remedy:read_wordline_underdrive,ff,-40,refresh_bound,True,True,True,True,True,0.7667793,0.1317246,0,1111,0.8985039,1.110693e-10,0,0.05820442,0.05440583,1.015698,1.011559,0.6752353
rem_rwl_m0p2,remedy:read_wordline_underdrive,ff,27,fresh,True,True,True,True,True,0.7075697999999999,0.1909996,0,1111,0.8985694,1.047519e-10,0,0.04905968,0.04449792,1.08821,1.088201,0.7277044
rem_rwl_m0p2,remedy:read_wordline_underdrive,ff,27,refresh_bound,True,True,True,True,True,0.7100354999999999,0.1885242,0,1111,0.8985597,1.050747e-10,0,0.04973583,0.0449136,1.08821,1.082998,0.7235097
rem_rwl_m0p2,remedy:read_wordline_underdrive,ff,125,fresh,True,True,True,True,True,0.6323722,0.266584,0,1111,0.8989562,1.004968e-10,0,0.06602835,0.03076625,1.187364,1.187063,0.7944451
rem_rwl_m0p2,remedy:read_wordline_underdrive,ff,125,refresh_bound,True,True,True,True,True,0.7149599,0.183507,0,1111,0.8984669,1.101242e-10,0,0.05202202,0.04582294,1.187364,1.013964,0.6545799
rem_rwl_m0p2,remedy:read_wordline_underdrive,sf,-40,fresh,True,True,True,True,True,0.7371292,0.1614347,0,1111,0.8985639,1.0587e-10,0,0.0514888,0.04742032,1.054565,1.054558,0.6958744
rem_rwl_m0p2,remedy:read_wordline_underdrive,sf,-40,refresh_bound,True,True,True,True,True,0.7391907999999999,0.1593727,0,1111,0.8985635,1.06176e-10,0,0.05181472,0.04775758,1.054565,1.050152,0.692404
rem_rwl_m0p2,remedy:read_wordline_underdrive,sf,27,fresh,True,True,True,True,True,0.6801733,0.2184984,0,1111,0.8986717,1.026022e-10,0,0.04339524,0.03835324,1.123369,1.123359,0.7416651
rem_rwl_m0p2,remedy:read_wordline_underdrive,sf,27,refresh_bound,True,True,True,True,True,0.6832159,0.2154271,0,1111,0.898643,1.028975e-10,0,0.04391758,0.03886803,1.123369,1.117045,0.7366731
rem_rwl_m0p2,remedy:read_wordline_underdrive,sf,125,fresh,True,True,True,True,True,0.6042127,0.2948413,0,1111,0.899054,9.920336e-11,0,0.08164891,0.02511453,1.216843,1.216376,0.8039617
rem_rwl_m0p2,remedy:read_wordline_underdrive,sf,125,refresh_bound,True,True,True,True,True,0.7299150000000001,0.1684332,0,1111,0.8983482,1.140372e-10,0,0.05436298,0.04818316,1.216843,0.955504,0.5950397
rem_rwl_m0p2,remedy:read_wordline_underdrive,fs,-40,fresh,True,True,True,True,True,0.8724582200000001,0.02628908,0,1111,0.8987473,4.435447e-10,0,0.07587593,0.07199102,0.8636825,0.8636772,0.6150365
rem_rwl_m0p2,remedy:read_wordline_underdrive,fs,-40,refresh_bound,True,True,True,True,True,0.86937118,0.02937602,0,1111,0.8987472,4.592489e-10,0,0.07607087,0.07216504,0.8636825,0.8603854,0.6133958
rem_rwl_m0p2,remedy:read_wordline_underdrive,fs,27,fresh,True,True,True,True,True,0.8451014499999999,0.05366265,0,1111,0.8987641,2.036902e-10,0,0.06993942,0.06515745,0.9323276,0.9323218,0.6479694
rem_rwl_m0p2,remedy:read_wordline_underdrive,fs,27,refresh_bound,True,True,True,True,True,0.84598675,0.05277725,0,1111,0.898764,2.071767e-10,0,0.07017229,0.06537807,0.9323276,0.9287515,0.6449726
rem_rwl_m0p2,remedy:read_wordline_underdrive,fs,125,fresh,True,True,True,True,True,0.7940617999999999,0.1048491,0,1111,0.8989109,1.411687e-10,0,0.06187152,0.05566394,1.027288,1.027235,0.713817
rem_rwl_m0p2,remedy:read_wordline_underdrive,fs,125,refresh_bound,True,True,True,True,True,0.80460837,0.09417353,0,1111,0.8987819,1.509167e-10,0,0.06411447,0.05783027,1.027288,0.9944499,0.6867247
rem_wr_lvt,remedy:write_device_lvt,tt,-40,fresh,True,True,True,True,True,0.6516981000000001,0.247046,0,1111,0.8987441,2.46435e-10,0,0.05885338,0.0546447,1.076272,1.076265,0.8068673
rem_wr_lvt,remedy:write_device_lvt,tt,-40,refresh_bound,True,True,True,True,True,0.6527031000000001,0.2460408,0,1111,0.8987439,2.541578e-10,0,0.05917857,0.05497055,1.076272,1.071771,0.803154
rem_wr_lvt,remedy:write_device_lvt,tt,27,fresh,True,True,True,True,True,0.6114486,0.2873392,0,1111,0.8987878,1.5212e-10,0,0.05025309,0.04507728,1.15767,1.157659,0.8639141
rem_wr_lvt,remedy:write_device_lvt,tt,27,refresh_bound,True,True,True,True,True,0.6137176,0.2850569,0,1111,0.8987745,1.551092e-10,0,0.0508374,0.04562269,1.15767,1.150666,0.8582106
rem_wr_lvt,remedy:write_device_lvt,tt,125,fresh,True,True,True,True,True,0.5422297,0.3568796,0,1111,0.8991093,1.21357e-10,0,0.05924613,0.0318873,1.269509,1.268984,0.9408513
rem_wr_lvt,remedy:write_device_lvt,tt,125,refresh_bound,True,True,True,True,True,0.6363125000000001,0.2624525,0,1111,0.898765,2.793341e-10,0,0.0619211,0.05582416,1.269509,0.975854,0.6995812
rem_wr_lvt,remedy:write_device_lvt,ss,-40,fresh,True,True,True,True,True,0.5404200000000001,0.3584437,0,1111,0.8988637,1.053945e-09,0,0.06365649,0.06010785,1.013839,1.013833,0.8038756
rem_wr_lvt,remedy:write_device_lvt,ss,-40,refresh_bound,True,True,True,True,True,0.5203055999999999,0.378558,0,1111,0.8988636,1.123629e-09,0,0.06275667,0.05988713,1.013839,1.009682,0.8017039
rem_wr_lvt,remedy:write_device_lvt,ss,27,fresh,True,True,True,True,True,0.6545646999999999,0.2443209,0,1111,0.8988856,2.995797e-10,0,0.05794679,0.05323379,1.087362,1.087355,0.8274499
rem_wr_lvt,remedy:write_device_lvt,ss,27,refresh_bound,True,True,True,True,True,0.6556021,0.243282,0,1111,0.8988841,3.089649e-10,0,0.0582444,0.0535458,1.087362,1.082697,0.8235898
rem_wr_lvt,remedy:write_device_lvt,ss,125,fresh,True,True,True,True,True,0.6021677000000001,0.2968395,0,1111,0.8990072,1.663439e-10,0,0.04840051,0.04262657,1.190366,1.190236,0.8995041
rem_wr_lvt,remedy:write_device_lvt,ss,125,refresh_bound,True,True,True,True,True,0.6268008,0.2720646,0,1111,0.8988654,2.12507e-10,0,0.05399197,0.04834945,1.190366,1.111371,0.8347869
rem_wr_lvt,remedy:write_device_lvt,ff,-40,fresh,True,True,True,True,True,0.6067982999999999,0.2918131,0,1111,0.8986114,1.371376e-10,0,0.05039242,0.04626532,1.13699,1.136982,0.8393033
rem_wr_lvt,remedy:write_device_lvt,ff,-40,refresh_bound,True,True,True,True,True,0.6084653,0.2901452,0,1111,0.8986105,1.388227e-10,0,0.05080182,0.04667442,1.13699,1.132083,0.8353385
rem_wr_lvt,remedy:write_device_lvt,ff,27,fresh,True,True,True,True,True,0.5483172000000001,0.3504211,0,1111,0.8987383,1.155056e-10,0,0.03937819,0.03428831,1.22654,1.226507,0.9019605
rem_wr_lvt,remedy:write_device_lvt,ff,27,refresh_bound,True,True,True,True,True,0.5572032,0.3414488,0,1111,0.898652,1.182666e-10,0,0.04117908,0.03615087,1.22654,1.205764,0.8852916
rem_wr_lvt,remedy:write_device_lvt,ff,125,fresh,False,True,True,True,False,0.46305559999999996,0.4361862,0,1111,0.8992418,1.05641e-10,0,0.1000868,0.03450046,1.336791,1.334736,0.9759921
rem_wr_lvt,remedy:write_device_lvt,ff,125,refresh_bound,False,True,False,False,True,0.0022868000000000333,0.8964401,0,0001,0.8987269,,32,0.02875939,0.004225984,1.336791,0.3924056,0.2303628
rem_wr_lvt,remedy:write_device_lvt,sf,-40,fresh,True,True,True,True,True,0.5849757,0.3136932,0,1111,0.8986689,1.207012e-10,0,0.04382828,0.03933365,1.17506,1.175051,0.8573657
rem_wr_lvt,remedy:write_device_lvt,sf,-40,refresh_bound,True,True,True,True,True,0.5871388,0.3115284,0,1111,0.8986672,1.216373e-10,0,0.04426753,0.03977823,1.17506,1.169692,0.8531271
rem_wr_lvt,remedy:write_device_lvt,sf,27,fresh,True,True,True,True,True,0.5242213,0.3746255,0,1111,0.8988468,1.104916e-10,0,0.0333101,0.02793496,1.25713,1.257062,0.9135278
rem_wr_lvt,remedy:write_device_lvt,sf,27,refresh_bound,True,True,True,True,True,0.5429903,0.3557207,0,1111,0.898711,1.144675e-10,0,0.0371894,0.03180129,1.25713,1.215462,0.8804259
rem_wr_lvt,remedy:write_device_lvt,sf,125,fresh,False,True,True,True,False,0.4415501,0.4578172,0,1111,0.8993673,1.050376e-10,0,0.112898,0.04710239,1.341097,1.337435,0.9644984
rem_wr_lvt,remedy:write_device_lvt,sf,125,refresh_bound,False,True,False,False,True,0.00012459999999991922,0.8987338,0,0001,0.8988584,,32,0.03919452,0.003373077,1.341097,0.06274812,-0.07497408
rem_wr_lvt,remedy:write_device_lvt,fs,-40,fresh,True,True,True,True,True,0.20649220000000001,0.692323,0,0001,0.8988152,4.113814e-09,0,0.02825683,0.02825659,0.9771671,0.9771607,0.797795
rem_wr_lvt,remedy:write_device_lvt,fs,-40,refresh_bound,True,True,True,True,True,0.19347950000000003,0.7053356,0,0001,0.8988151,4.467162e-09,0,0.02671337,0.02671291,0.9771671,0.9732392,0.7952285
rem_wr_lvt,remedy:write_device_lvt,fs,27,fresh,True,True,True,True,True,0.6669407,0.231896,0,1111,0.8988367,5.281441e-10,0,0.06412527,0.05911002,1.05869,1.058683,0.8163133
rem_wr_lvt,remedy:write_device_lvt,fs,27,refresh_bound,True,True,True,True,True,0.6676436,0.2311921,0,1111,0.8988357,5.535365e-10,0,0.06442375,0.05937003,1.05869,1.054295,0.8143097
rem_wr_lvt,remedy:write_device_lvt,fs,125,fresh,True,True,True,True,True,0.6195745,0.2793915,0,1111,0.898966,1.893733e-10,0,0.05367982,0.04764376,1.17367,1.173558,0.8899072
rem_wr_lvt,remedy:write_device_lvt,fs,125,refresh_bound,True,True,True,True,True,0.6358368,0.2629844,0,1111,0.8988212,2.569165e-10,0,0.05864397,0.05261528,1.17367,1.10548,0.8329841
rem_rd_lvt,remedy:read_device_lvt,tt,-40,fresh,True,True,True,True,True,0.6751963,0.2237962,0,1111,0.8989925,2.517559e-10,0,0.06837859,0.0635309,0.9534484,0.953442,0.6973097
rem_rd_lvt,remedy:read_device_lvt,tt,27,fresh,True,True,True,True,True,0.6416189999999999,0.2574002,0,1111,0.8990192,1.578633e-10,0,0.06270686,0.05654199,1.023624,1.023617,0.7441792
rem_rd_lvt,remedy:read_device_lvt,tt,125,fresh,True,True,True,True,True,0.5755416,0.3237059,0,1111,0.8992475,1.259165e-10,0,0.0498125,0.04166988,1.12217,1.122081,0.8125123
rem_rd_lvt,remedy:read_device_lvt,ss,-40,fresh,True,True,True,True,True,0.3954883,0.5036081,0,0001,0.8990964,1.676887e-09,0,0.05020773,0.05013452,0.8904728,0.8904669,0.7036318
rem_rd_lvt,remedy:read_device_lvt,ss,27,fresh,True,True,True,True,True,0.6710949,0.2280173,0,1111,0.8991122,3.904808e-10,0,0.06876448,0.06286837,0.9553995,0.9553932,0.7106846
rem_rd_lvt,remedy:read_device_lvt,ss,125,fresh,True,True,True,True,True,0.6302763,0.2689817,0,1111,0.899258,1.895197e-10,0,0.06219798,0.05454463,1.045343,1.045289,0.7714071
rem_rd_lvt,remedy:read_device_lvt,ff,-40,fresh,True,True,True,True,True,0.6519548,0.2469166,0,1111,0.8988714,1.351408e-10,0,0.06403104,0.05893121,1.009431,1.009424,0.7192924
rem_rd_lvt,remedy:read_device_lvt,ff,27,fresh,True,True,True,True,True,0.5993816999999999,0.2995433,0,1111,0.898925,1.169432e-10,0,0.05502577,0.04841963,1.085111,1.085103,0.7702578
rem_rd_lvt,remedy:read_device_lvt,ff,125,fresh,True,True,True,True,True,0.5155244000000001,0.3837837,0,1111,0.8993081,1.073492e-10,0,0.05450208,0.02565067,1.187696,1.187395,0.8442189
rem_rd_lvt,remedy:read_device_lvt,sf,-40,fresh,True,True,True,True,True,0.6033743,0.2955448,0,1111,0.8989191,1.18438e-10,0,0.05502322,0.04994734,1.049577,1.049569,0.748217
rem_rd_lvt,remedy:read_device_lvt,sf,27,fresh,True,True,True,True,True,0.547432,0.3515633,0,1111,0.8989953,1.106449e-10,0,0.04493818,0.03851668,1.122039,1.122029,0.7976804
rem_rd_lvt,remedy:read_device_lvt,sf,125,fresh,True,True,True,True,True,0.4649417,0.4345023,0,1111,0.899444,1.054393e-10,0,0.06839044,0.0157492,1.217604,1.217143,0.8677339
rem_rd_lvt,remedy:read_device_lvt,fs,-40,fresh,True,True,True,True,True,0.10255449999999999,0.7965018,0,0001,0.8990563,9.611518e-09,0,0.01425678,0.0142445,0.8580234,0.8580178,0.6949868
rem_rd_lvt,remedy:read_device_lvt,fs,27,fresh,True,True,True,True,True,0.612868,0.286205,0,1111,0.899073,9.145834e-10,0,0.07464579,0.0680096,0.9272878,0.9272818,0.7131567
rem_rd_lvt,remedy:read_device_lvt,fs,125,fresh,True,True,True,True,True,0.6430333,0.256181,0,1111,0.8992143,2.403563e-10,0,0.06775286,0.05983397,1.024261,1.024206,0.7541859
