run_id,timestamp_utc,repo_git_sha,pdk_open_pdks_commit,ngspice_version,corner,temp_c,model,w_um,l_um,vds_v,vsb_v,i_crit_a,vth_cc_v,status,reason
20261005T135626Z,2026-10-05T13:56:26+00:00,2b7fee1,c6d73a35f524070e85faff4a6a9eef49553ebc2b,** ngspice-46 : Circuit level simulation program,tt,-40,sky130_fd_pr__nfet_01v8,0.42,0.15,0.1,0.0,2.800000e-07,0.747997,ok,
20261005T135626Z,2026-10-05T13:56:26+00:00,2b7fee1,c6d73a35f524070e85faff4a6a9eef49553ebc2b,** ngspice-46 : Circuit level simulation program,tt,-40,sky130_fd_pr__nfet_01v8,0.42,0.15,0.1,0.9,2.800000e-07,0.886468,ok,
20261005T135626Z,2026-10-05T13:56:26+00:00,2b7fee1,c6d73a35f524070e85faff4a6a9eef49553ebc2b,** ngspice-46 : Circuit level simulation program,tt,-40,sky130_fd_pr__nfet_01v8_lvt,0.42,0.15,0.1,0.0,2.800000e-07,0.655896,ok,
20261005T135626Z,2026-10-05T13:56:26+00:00,2b7fee1,c6d73a35f524070e85faff4a6a9eef49553ebc2b,** ngspice-46 : Circuit level simulation program,tt,-40,sky130_fd_pr__nfet_01v8_lvt,0.42,0.15,0.1,0.9,2.800000e-07,0.744722,ok,
20261005T135626Z,2026-10-05T13:56:26+00:00,2b7fee1,c6d73a35f524070e85faff4a6a9eef49553ebc2b,** ngspice-46 : Circuit level simulation program,tt,27,sky130_fd_pr__nfet_01v8,0.42,0.15,0.1,0.0,2.800000e-07,0.686805,ok,
20261005T135626Z,2026-10-05T13:56:26+00:00,2b7fee1,c6d73a35f524070e85faff4a6a9eef49553ebc2b,** ngspice-46 : Circuit level simulation program,tt,27,sky130_fd_pr__nfet_01v8,0.42,0.15,0.1,0.9,2.800000e-07,0.826785,ok,
20261005T135626Z,2026-10-05T13:56:26+00:00,2b7fee1,c6d73a35f524070e85faff4a6a9eef49553ebc2b,** ngspice-46 : Circuit level simulation program,tt,27,sky130_fd_pr__nfet_01v8_lvt,0.42,0.15,0.1,0.0,2.800000e-07,0.603456,ok,
20261005T135626Z,2026-10-05T13:56:26+00:00,2b7fee1,c6d73a35f524070e85faff4a6a9eef49553ebc2b,** ngspice-46 : Circuit level simulation program,tt,27,sky130_fd_pr__nfet_01v8_lvt,0.42,0.15,0.1,0.9,2.800000e-07,0.692556,ok,
20261005T135626Z,2026-10-05T13:56:26+00:00,2b7fee1,c6d73a35f524070e85faff4a6a9eef49553ebc2b,** ngspice-46 : Circuit level simulation program,tt,125,sky130_fd_pr__nfet_01v8,0.42,0.15,0.1,0.0,2.800000e-07,0.609016,ok,
20261005T135626Z,2026-10-05T13:56:26+00:00,2b7fee1,c6d73a35f524070e85faff4a6a9eef49553ebc2b,** ngspice-46 : Circuit level simulation program,tt,125,sky130_fd_pr__nfet_01v8,0.42,0.15,0.1,0.9,2.800000e-07,0.752892,ok,
20261005T135626Z,2026-10-05T13:56:26+00:00,2b7fee1,c6d73a35f524070e85faff4a6a9eef49553ebc2b,** ngspice-46 : Circuit level simulation program,tt,125,sky130_fd_pr__nfet_01v8_lvt,0.42,0.15,0.1,0.0,2.800000e-07,0.530570,ok,
20261005T135626Z,2026-10-05T13:56:26+00:00,2b7fee1,c6d73a35f524070e85faff4a6a9eef49553ebc2b,** ngspice-46 : Circuit level simulation program,tt,125,sky130_fd_pr__nfet_01v8_lvt,0.42,0.15,0.1,0.9,2.800000e-07,0.619679,ok,
20261005T135626Z,2026-10-05T13:56:26+00:00,2b7fee1,c6d73a35f524070e85faff4a6a9eef49553ebc2b,** ngspice-46 : Circuit level simulation program,ss,-40,sky130_fd_pr__nfet_01v8,0.42,0.15,0.1,0.0,2.800000e-07,0.823246,ok,
20261005T135626Z,2026-10-05T13:56:26+00:00,2b7fee1,c6d73a35f524070e85faff4a6a9eef49553ebc2b,** ngspice-46 : Circuit level simulation program,ss,-40,sky130_fd_pr__nfet_01v8,0.42,0.15,0.1,0.9,2.800000e-07,0.969246,ok,
20261005T135626Z,2026-10-05T13:56:26+00:00,2b7fee1,c6d73a35f524070e85faff4a6a9eef49553ebc2b,** ngspice-46 : Circuit level simulation program,ss,-40,sky130_fd_pr__nfet_01v8_lvt,0.42,0.15,0.1,0.0,2.800000e-07,0.728811,ok,
20261005T135626Z,2026-10-05T13:56:26+00:00,2b7fee1,c6d73a35f524070e85faff4a6a9eef49553ebc2b,** ngspice-46 : Circuit level simulation program,ss,-40,sky130_fd_pr__nfet_01v8_lvt,0.42,0.15,0.1,0.9,2.800000e-07,0.824042,ok,
20261005T135626Z,2026-10-05T13:56:26+00:00,2b7fee1,c6d73a35f524070e85faff4a6a9eef49553ebc2b,** ngspice-46 : Circuit level simulation program,ss,27,sky130_fd_pr__nfet_01v8,0.42,0.15,0.1,0.0,2.800000e-07,0.759836,ok,
20261005T135626Z,2026-10-05T13:56:26+00:00,2b7fee1,c6d73a35f524070e85faff4a6a9eef49553ebc2b,** ngspice-46 : Circuit level simulation program,ss,27,sky130_fd_pr__nfet_01v8,0.42,0.15,0.1,0.9,2.800000e-07,0.909435,ok,
20261005T135626Z,2026-10-05T13:56:26+00:00,2b7fee1,c6d73a35f524070e85faff4a6a9eef49553ebc2b,** ngspice-46 : Circuit level simulation program,ss,27,sky130_fd_pr__nfet_01v8_lvt,0.42,0.15,0.1,0.0,2.800000e-07,0.678212,ok,
20261005T135626Z,2026-10-05T13:56:26+00:00,2b7fee1,c6d73a35f524070e85faff4a6a9eef49553ebc2b,** ngspice-46 : Circuit level simulation program,ss,27,sky130_fd_pr__nfet_01v8_lvt,0.42,0.15,0.1,0.9,2.800000e-07,0.775726,ok,
20261005T135626Z,2026-10-05T13:56:26+00:00,2b7fee1,c6d73a35f524070e85faff4a6a9eef49553ebc2b,** ngspice-46 : Circuit level simulation program,ss,125,sky130_fd_pr__nfet_01v8,0.42,0.15,0.1,0.0,2.800000e-07,0.681462,ok,
20261005T135626Z,2026-10-05T13:56:26+00:00,2b7fee1,c6d73a35f524070e85faff4a6a9eef49553ebc2b,** ngspice-46 : Circuit level simulation program,ss,125,sky130_fd_pr__nfet_01v8,0.42,0.15,0.1,0.9,2.800000e-07,0.835696,ok,
20261005T135626Z,2026-10-05T13:56:26+00:00,2b7fee1,c6d73a35f524070e85faff4a6a9eef49553ebc2b,** ngspice-46 : Circuit level simulation program,ss,125,sky130_fd_pr__nfet_01v8_lvt,0.42,0.15,0.1,0.0,2.800000e-07,0.608275,ok,
20261005T135626Z,2026-10-05T13:56:26+00:00,2b7fee1,c6d73a35f524070e85faff4a6a9eef49553ebc2b,** ngspice-46 : Circuit level simulation program,ss,125,sky130_fd_pr__nfet_01v8_lvt,0.42,0.15,0.1,0.9,2.800000e-07,0.708951,ok,
20261005T135626Z,2026-10-05T13:56:26+00:00,2b7fee1,c6d73a35f524070e85faff4a6a9eef49553ebc2b,** ngspice-46 : Circuit level simulation program,ff,-40,sky130_fd_pr__nfet_01v8,0.42,0.15,0.1,0.0,2.800000e-07,0.694132,ok,
20261005T135626Z,2026-10-05T13:56:26+00:00,2b7fee1,c6d73a35f524070e85faff4a6a9eef49553ebc2b,** ngspice-46 : Circuit level simulation program,ff,-40,sky130_fd_pr__nfet_01v8,0.42,0.15,0.1,0.9,2.800000e-07,0.819953,ok,
20261005T135626Z,2026-10-05T13:56:26+00:00,2b7fee1,c6d73a35f524070e85faff4a6a9eef49553ebc2b,** ngspice-46 : Circuit level simulation program,ff,-40,sky130_fd_pr__nfet_01v8_lvt,0.42,0.15,0.1,0.0,2.800000e-07,0.584931,ok,
20261005T135626Z,2026-10-05T13:56:26+00:00,2b7fee1,c6d73a35f524070e85faff4a6a9eef49553ebc2b,** ngspice-46 : Circuit level simulation program,ff,-40,sky130_fd_pr__nfet_01v8_lvt,0.42,0.15,0.1,0.9,2.800000e-07,0.665524,ok,
20261005T135626Z,2026-10-05T13:56:26+00:00,2b7fee1,c6d73a35f524070e85faff4a6a9eef49553ebc2b,** ngspice-46 : Circuit level simulation program,ff,27,sky130_fd_pr__nfet_01v8,0.42,0.15,0.1,0.0,2.800000e-07,0.634265,ok,
20261005T135626Z,2026-10-05T13:56:26+00:00,2b7fee1,c6d73a35f524070e85faff4a6a9eef49553ebc2b,** ngspice-46 : Circuit level simulation program,ff,27,sky130_fd_pr__nfet_01v8,0.42,0.15,0.1,0.9,2.800000e-07,0.761081,ok,
20261005T135626Z,2026-10-05T13:56:26+00:00,2b7fee1,c6d73a35f524070e85faff4a6a9eef49553ebc2b,** ngspice-46 : Circuit level simulation program,ff,27,sky130_fd_pr__nfet_01v8_lvt,0.42,0.15,0.1,0.0,2.800000e-07,0.531269,ok,
20261005T135626Z,2026-10-05T13:56:26+00:00,2b7fee1,c6d73a35f524070e85faff4a6a9eef49553ebc2b,** ngspice-46 : Circuit level simulation program,ff,27,sky130_fd_pr__nfet_01v8_lvt,0.42,0.15,0.1,0.9,2.800000e-07,0.610329,ok,
20261005T135626Z,2026-10-05T13:56:26+00:00,2b7fee1,c6d73a35f524070e85faff4a6a9eef49553ebc2b,** ngspice-46 : Circuit level simulation program,ff,125,sky130_fd_pr__nfet_01v8,0.42,0.15,0.1,0.0,2.800000e-07,0.555617,ok,
20261005T135626Z,2026-10-05T13:56:26+00:00,2b7fee1,c6d73a35f524070e85faff4a6a9eef49553ebc2b,** ngspice-46 : Circuit level simulation program,ff,125,sky130_fd_pr__nfet_01v8,0.42,0.15,0.1,0.9,2.800000e-07,0.686416,ok,
20261005T135626Z,2026-10-05T13:56:26+00:00,2b7fee1,c6d73a35f524070e85faff4a6a9eef49553ebc2b,** ngspice-46 : Circuit level simulation program,ff,125,sky130_fd_pr__nfet_01v8_lvt,0.42,0.15,0.1,0.0,2.800000e-07,0.456871,ok,
20261005T135626Z,2026-10-05T13:56:26+00:00,2b7fee1,c6d73a35f524070e85faff4a6a9eef49553ebc2b,** ngspice-46 : Circuit level simulation program,ff,125,sky130_fd_pr__nfet_01v8_lvt,0.42,0.15,0.1,0.9,2.800000e-07,0.533437,ok,
20261005T135626Z,2026-10-05T13:56:26+00:00,2b7fee1,c6d73a35f524070e85faff4a6a9eef49553ebc2b,** ngspice-46 : Circuit level simulation program,sf,-40,sky130_fd_pr__nfet_01v8,0.42,0.15,0.1,0.0,2.800000e-07,0.634120,ok,
20261005T135626Z,2026-10-05T13:56:26+00:00,2b7fee1,c6d73a35f524070e85faff4a6a9eef49553ebc2b,** ngspice-46 : Circuit level simulation program,sf,-40,sky130_fd_pr__nfet_01v8,0.42,0.15,0.1,0.9,2.800000e-07,0.771980,ok,
20261005T135626Z,2026-10-05T13:56:26+00:00,2b7fee1,c6d73a35f524070e85faff4a6a9eef49553ebc2b,** ngspice-46 : Circuit level simulation program,sf,-40,sky130_fd_pr__nfet_01v8_lvt,0.42,0.15,0.1,0.0,2.800000e-07,0.545051,ok,
20261005T135626Z,2026-10-05T13:56:26+00:00,2b7fee1,c6d73a35f524070e85faff4a6a9eef49553ebc2b,** ngspice-46 : Circuit level simulation program,sf,-40,sky130_fd_pr__nfet_01v8_lvt,0.42,0.15,0.1,0.9,2.800000e-07,0.633054,ok,
20261005T135626Z,2026-10-05T13:56:26+00:00,2b7fee1,c6d73a35f524070e85faff4a6a9eef49553ebc2b,** ngspice-46 : Circuit level simulation program,sf,27,sky130_fd_pr__nfet_01v8,0.42,0.15,0.1,0.0,2.800000e-07,0.572818,ok,
20261005T135626Z,2026-10-05T13:56:26+00:00,2b7fee1,c6d73a35f524070e85faff4a6a9eef49553ebc2b,** ngspice-46 : Circuit level simulation program,sf,27,sky130_fd_pr__nfet_01v8,0.42,0.15,0.1,0.9,2.800000e-07,0.712080,ok,
20261005T135626Z,2026-10-05T13:56:26+00:00,2b7fee1,c6d73a35f524070e85faff4a6a9eef49553ebc2b,** ngspice-46 : Circuit level simulation program,sf,27,sky130_fd_pr__nfet_01v8_lvt,0.42,0.15,0.1,0.0,2.800000e-07,0.493951,ok,
20261005T135626Z,2026-10-05T13:56:26+00:00,2b7fee1,c6d73a35f524070e85faff4a6a9eef49553ebc2b,** ngspice-46 : Circuit level simulation program,sf,27,sky130_fd_pr__nfet_01v8_lvt,0.42,0.15,0.1,0.9,2.800000e-07,0.582026,ok,
20261005T135626Z,2026-10-05T13:56:26+00:00,2b7fee1,c6d73a35f524070e85faff4a6a9eef49553ebc2b,** ngspice-46 : Circuit level simulation program,sf,125,sky130_fd_pr__nfet_01v8,0.42,0.15,0.1,0.0,2.800000e-07,0.494883,ok,
20261005T135626Z,2026-10-05T13:56:26+00:00,2b7fee1,c6d73a35f524070e85faff4a6a9eef49553ebc2b,** ngspice-46 : Circuit level simulation program,sf,125,sky130_fd_pr__nfet_01v8,0.42,0.15,0.1,0.9,2.800000e-07,0.637892,ok,
20261005T135626Z,2026-10-05T13:56:26+00:00,2b7fee1,c6d73a35f524070e85faff4a6a9eef49553ebc2b,** ngspice-46 : Circuit level simulation program,sf,125,sky130_fd_pr__nfet_01v8_lvt,0.42,0.15,0.1,0.0,2.800000e-07,0.423462,ok,
20261005T135626Z,2026-10-05T13:56:26+00:00,2b7fee1,c6d73a35f524070e85faff4a6a9eef49553ebc2b,** ngspice-46 : Circuit level simulation program,sf,125,sky130_fd_pr__nfet_01v8_lvt,0.42,0.15,0.1,0.9,2.800000e-07,0.511331,ok,
20261005T135626Z,2026-10-05T13:56:26+00:00,2b7fee1,c6d73a35f524070e85faff4a6a9eef49553ebc2b,** ngspice-46 : Circuit level simulation program,fs,-40,sky130_fd_pr__nfet_01v8,0.42,0.15,0.1,0.0,2.800000e-07,0.862484,ok,
20261005T135626Z,2026-10-05T13:56:26+00:00,2b7fee1,c6d73a35f524070e85faff4a6a9eef49553ebc2b,** ngspice-46 : Circuit level simulation program,fs,-40,sky130_fd_pr__nfet_01v8,0.42,0.15,0.1,0.9,2.800000e-07,1.001460,ok,
20261005T135626Z,2026-10-05T13:56:26+00:00,2b7fee1,c6d73a35f524070e85faff4a6a9eef49553ebc2b,** ngspice-46 : Circuit level simulation program,fs,-40,sky130_fd_pr__nfet_01v8_lvt,0.42,0.15,0.1,0.0,2.800000e-07,0.767610,ok,
20261005T135626Z,2026-10-05T13:56:26+00:00,2b7fee1,c6d73a35f524070e85faff4a6a9eef49553ebc2b,** ngspice-46 : Circuit level simulation program,fs,-40,sky130_fd_pr__nfet_01v8_lvt,0.42,0.15,0.1,0.9,2.800000e-07,0.857324,ok,
20261005T135626Z,2026-10-05T13:56:26+00:00,2b7fee1,c6d73a35f524070e85faff4a6a9eef49553ebc2b,** ngspice-46 : Circuit level simulation program,fs,27,sky130_fd_pr__nfet_01v8,0.42,0.15,0.1,0.0,2.800000e-07,0.801519,ok,
20261005T135626Z,2026-10-05T13:56:26+00:00,2b7fee1,c6d73a35f524070e85faff4a6a9eef49553ebc2b,** ngspice-46 : Circuit level simulation program,fs,27,sky130_fd_pr__nfet_01v8,0.42,0.15,0.1,0.9,2.800000e-07,0.942104,ok,
20261005T135626Z,2026-10-05T13:56:26+00:00,2b7fee1,c6d73a35f524070e85faff4a6a9eef49553ebc2b,** ngspice-46 : Circuit level simulation program,fs,27,sky130_fd_pr__nfet_01v8_lvt,0.42,0.15,0.1,0.0,2.800000e-07,0.713977,ok,
20261005T135626Z,2026-10-05T13:56:26+00:00,2b7fee1,c6d73a35f524070e85faff4a6a9eef49553ebc2b,** ngspice-46 : Circuit level simulation program,fs,27,sky130_fd_pr__nfet_01v8_lvt,0.42,0.15,0.1,0.9,2.800000e-07,0.804229,ok,
20261005T135626Z,2026-10-05T13:56:26+00:00,2b7fee1,c6d73a35f524070e85faff4a6a9eef49553ebc2b,** ngspice-46 : Circuit level simulation program,fs,125,sky130_fd_pr__nfet_01v8,0.42,0.15,0.1,0.0,2.800000e-07,0.724105,ok,
20261005T135626Z,2026-10-05T13:56:26+00:00,2b7fee1,c6d73a35f524070e85faff4a6a9eef49553ebc2b,** ngspice-46 : Circuit level simulation program,fs,125,sky130_fd_pr__nfet_01v8,0.42,0.15,0.1,0.9,2.800000e-07,0.868691,ok,
20261005T135626Z,2026-10-05T13:56:26+00:00,2b7fee1,c6d73a35f524070e85faff4a6a9eef49553ebc2b,** ngspice-46 : Circuit level simulation program,fs,125,sky130_fd_pr__nfet_01v8_lvt,0.42,0.15,0.1,0.0,2.800000e-07,0.638789,ok,
20261005T135626Z,2026-10-05T13:56:26+00:00,2b7fee1,c6d73a35f524070e85faff4a6a9eef49553ebc2b,** ngspice-46 : Circuit level simulation program,fs,125,sky130_fd_pr__nfet_01v8_lvt,0.42,0.15,0.1,0.9,2.800000e-07,0.729382,ok,
