corner,temp_c,family,cell,cls,stored,pre_v,min_during_wl_v,max_during_wl_v,post_v,shift_v,erosion_v,frac_delta_v,flagged
tt,27,hs_p1,00,half_selected_row0,0,0.0202602,-1.67345e-08,1.67249e-08,-0.133735,-0.1539952,-0.1539952,-0.17110577777777777,False
tt,27,hs_p1,01,target_cell,0,0.0327865,1.04955,1.18307,0.979193,0.9464064999999999,0.9464064999999999,1.0515627777777776,True
tt,27,hs_p1,02,half_selected_row0,1,1.0535,1.24105,1.24515,1.05773,0.004229999999999956,-0.004229999999999956,-0.004699999999999951,False
tt,27,hs_p1,03,half_selected_row0,0,0.032884,-2.65922e-08,2.65806e-08,-0.129739,-0.162623,-0.162623,-0.1806922222222222,False
tt,27,hs_p1,10,neighbor_column,1,1.03306,,,1.03306,0.0,-0.0,-0.0,False
tt,27,hs_p1,11,shared_wbl_column,1,1.04723,,,1.04723,0.0,-0.0,-0.0,False
tt,27,hs_p1,12,neighbor_column,1,1.06315,,,1.06315,0.0,-0.0,-0.0,False
tt,27,hs_p1,13,neighbor_column,1,1.04739,,,1.04739,0.0,-0.0,-0.0,False
tt,27,hs_p1,20,neighbor_column,0,0.0289523,,,0.0289523,0.0,0.0,0.0,False
tt,27,hs_p1,21,shared_wbl_column,0,0.0414291,,,0.0414291,0.0,0.0,0.0,False
tt,27,hs_p1,22,neighbor_column,0,0.0554557,,,0.0554558,1.0000000000287557e-07,1.0000000000287557e-07,1.1111111111430618e-07,False
tt,27,hs_p1,23,neighbor_column,0,0.0415515,,,0.0415514,-9.999999999593667e-08,-9.999999999593667e-08,-1.111111111065963e-07,False
tt,27,hs_p1,30,neighbor_column,1,1.01527,,,1.01527,0.0,-0.0,-0.0,False
tt,27,hs_p1,31,shared_wbl_column,1,1.02977,,,1.02977,0.0,-0.0,-0.0,False
tt,27,hs_p1,32,neighbor_column,1,1.046,,,1.046,0.0,-0.0,-0.0,False
tt,27,hs_p1,33,neighbor_column,1,1.02987,,,1.02987,0.0,-0.0,-0.0,False
tt,27,hs_p0,00,half_selected_row0,1,1.03931,1.22801,1.23421,1.0457,0.006390000000000118,-0.006390000000000118,-0.0071000000000001305,False
tt,27,hs_p0,01,target_cell,1,1.0535,-6.31575e-07,6.31846e-07,-0.119758,-1.1732580000000001,1.1732580000000001,1.3036200000000002,True
tt,27,hs_p0,02,half_selected_row0,0,0.0327865,-3.07293e-07,3.07283e-07,-0.133359,-0.1661455,-0.1661455,-0.1846061111111111,False
tt,27,hs_p0,03,half_selected_row0,1,1.05368,1.23292,1.23824,1.05917,0.005489999999999995,-0.005489999999999995,-0.006099999999999994,False
tt,27,hs_p0,10,neighbor_column,1,1.04901,,,1.04901,0.0,-0.0,-0.0,False
tt,27,hs_p0,11,shared_wbl_column,1,1.06315,,,1.06315,0.0,-0.0,-0.0,False
tt,27,hs_p0,12,neighbor_column,1,1.04723,,,1.04723,0.0,-0.0,-0.0,False
tt,27,hs_p0,13,neighbor_column,1,1.06337,,,1.06337,0.0,-0.0,-0.0,False
tt,27,hs_p0,20,neighbor_column,0,0.0429823,,,0.0429825,1.9999999999881224e-07,1.9999999999881224e-07,2.222222222209025e-07,False
tt,27,hs_p0,21,shared_wbl_column,0,0.0554557,,,0.0554557,0.0,0.0,0.0,False
tt,27,hs_p0,22,neighbor_column,0,0.0414291,,,0.041429,-1.0000000000287557e-07,-1.0000000000287557e-07,-1.1111111111430618e-07,False
tt,27,hs_p0,23,neighbor_column,0,0.0556199,,,0.05562,1.0000000000287557e-07,1.0000000000287557e-07,1.1111111111430618e-07,False
tt,27,hs_p0,30,neighbor_column,1,1.03153,,,1.03153,0.0,-0.0,-0.0,False
tt,27,hs_p0,31,shared_wbl_column,1,1.046,,,1.046,0.0,-0.0,-0.0,False
tt,27,hs_p0,32,neighbor_column,1,1.02977,,,1.02977,0.0,-0.0,-0.0,False
tt,27,hs_p0,33,neighbor_column,1,1.04615,,,1.04615,0.0,-0.0,-0.0,False
tt,125,hs_p1,00,half_selected_row0,0,0.0198494,-2.09614e-08,2.09861e-08,-0.131863,-0.1517124,-0.1517124,-0.16856933333333332,False
tt,125,hs_p1,01,target_cell,0,0.0322038,1.111,1.27916,1.07527,1.0430662,1.0430662,1.1589624444444444,True
tt,125,hs_p1,02,half_selected_row0,1,1.05317,1.2446,1.29263,1.10462,0.051449999999999996,-0.051449999999999996,-0.05716666666666666,False
tt,125,hs_p1,03,half_selected_row0,0,0.0322982,-1.99377e-08,2.00187e-08,-0.128237,-0.1605352,-0.1605352,-0.17837244444444442,False
tt,125,hs_p1,10,neighbor_column,1,1.03283,,,1.03239,-0.00043999999999999595,0.00043999999999999595,0.0004888888888888844,False
tt,125,hs_p1,11,shared_wbl_column,1,1.04693,,,1.04659,-0.00034000000000000696,0.00034000000000000696,0.0003777777777777855,False
tt,125,hs_p1,12,neighbor_column,1,1.06277,,,1.06248,-0.00028999999999990145,0.00028999999999990145,0.0003222222222221127,False
tt,125,hs_p1,13,neighbor_column,1,1.04708,,,1.04664,-0.00043999999999999595,0.00043999999999999595,0.0004888888888888844,False
tt,125,hs_p1,20,neighbor_column,0,0.0284225,,,0.0282845,-0.00013799999999999923,-0.00013799999999999923,-0.00015333333333333247,False
tt,125,hs_p1,21,shared_wbl_column,0,0.040745,,,0.0406033,-0.00014170000000000155,-0.00014170000000000155,-0.00015744444444444616,False
tt,125,hs_p1,22,neighbor_column,0,0.0546855,,,0.054559,-0.00012649999999999467,-0.00012649999999999467,-0.00014055555555554964,False
tt,125,hs_p1,23,neighbor_column,0,0.0408638,,,0.0406874,-0.00017640000000000017,-0.00017640000000000017,-0.00019600000000000018,False
tt,125,hs_p1,30,neighbor_column,1,1.01513,,,1.01469,-0.00043999999999999595,0.00043999999999999595,0.0004888888888888844,False
tt,125,hs_p1,31,shared_wbl_column,1,1.02955,,,1.02921,-0.00034000000000000696,0.00034000000000000696,0.0003777777777777855,False
tt,125,hs_p1,32,neighbor_column,1,1.04571,,,1.04541,-0.00029999999999996696,0.00029999999999996696,0.0003333333333332966,False
tt,125,hs_p1,33,neighbor_column,1,1.02965,,,1.02921,-0.00043999999999999595,0.00043999999999999595,0.0004888888888888844,False
tt,125,hs_p0,00,half_selected_row0,1,1.03906,1.2327,1.28967,1.10056,0.06149999999999989,-0.06149999999999989,-0.0683333333333332,False
tt,125,hs_p0,01,target_cell,1,1.05317,-6.65082e-07,6.64557e-07,-0.11756,-1.1707299999999998,1.1707299999999998,1.300811111111111,True
tt,125,hs_p0,02,half_selected_row0,0,0.0322038,-3.84919e-07,3.84695e-07,-0.131505,-0.16370880000000002,-0.16370880000000002,-0.18189866666666668,False
tt,125,hs_p0,03,half_selected_row0,1,1.05335,1.23716,1.2907,1.11099,0.057639999999999914,-0.057639999999999914,-0.06404444444444435,False
tt,125,hs_p0,10,neighbor_column,1,1.04871,,,1.04841,-0.00029999999999996696,0.00029999999999996696,0.0003333333333332966,False
tt,125,hs_p0,11,shared_wbl_column,1,1.06277,,,1.06238,-0.00038999999999989043,0.00038999999999989043,0.00043333333333321156,False
tt,125,hs_p0,12,neighbor_column,1,1.04693,,,1.04648,-0.0004499999999998394,0.0004499999999998394,0.0004999999999998216,False
tt,125,hs_p0,13,neighbor_column,1,1.06298,,,1.06269,-0.0002900000000001235,0.0002900000000001235,0.00032222222222235943,False
tt,125,hs_p0,20,neighbor_column,0,0.0423754,,,0.0422951,-8.029999999999843e-05,-8.029999999999843e-05,-8.922222222222048e-05,False
tt,125,hs_p0,21,shared_wbl_column,0,0.0546856,,,0.0545252,-0.00016039999999999804,-0.00016039999999999804,-0.00017822222222222005,False
tt,125,hs_p0,22,neighbor_column,0,0.0407449,,,0.0405693,-0.00017559999999999798,-0.00017559999999999798,-0.00019511111111110885,False
tt,125,hs_p0,23,neighbor_column,0,0.0548453,,,0.054718,-0.00012729999999999686,-0.00012729999999999686,-0.00014144444444444095,False
tt,125,hs_p0,30,neighbor_column,1,1.03132,,,1.03102,-0.00029999999999996696,0.00029999999999996696,0.0003333333333332966,False
tt,125,hs_p0,31,shared_wbl_column,1,1.04571,,,1.04531,-0.00039999999999995595,0.00039999999999995595,0.00044444444444439546,False
tt,125,hs_p0,32,neighbor_column,1,1.02955,,,1.02911,-0.00043999999999999595,0.00043999999999999595,0.0004888888888888844,False
tt,125,hs_p0,33,neighbor_column,1,1.04586,,,1.04556,-0.00029999999999996696,0.00029999999999996696,0.0003333333333332966,False
ss,27,hs_p1,00,half_selected_row0,0,0.0194796,-4.03654e-08,4.03666e-08,-0.139426,-0.15890559999999998,-0.15890559999999998,-0.17656177777777776,False
ss,27,hs_p1,01,target_cell,0,0.031521,0.974003,1.10647,0.914775,0.883254,0.883254,0.9813933333333333,True
ss,27,hs_p1,02,half_selected_row0,1,1.052,1.22815,1.2285,1.05235,0.00034999999999985043,-0.00034999999999985043,-0.0003888888888887227,False
ss,27,hs_p1,03,half_selected_row0,0,0.031611,-5.11538e-08,5.11543e-08,-0.135205,-0.166816,-0.166816,-0.1853511111111111,False
ss,27,hs_p1,10,neighbor_column,1,1.03213,,,1.03213,0.0,-0.0,-0.0,False
ss,27,hs_p1,11,shared_wbl_column,1,1.04592,,,1.04592,0.0,-0.0,-0.0,False
ss,27,hs_p1,12,neighbor_column,1,1.0614,,,1.0614,0.0,-0.0,-0.0,False
ss,27,hs_p1,13,neighbor_column,1,1.04607,,,1.04607,0.0,-0.0,-0.0,False
ss,27,hs_p1,20,neighbor_column,0,0.027842,,,0.027842,0.0,0.0,0.0,False
ss,27,hs_p1,21,shared_wbl_column,0,0.0398381,,,0.0398381,0.0,0.0,0.0,False
ss,27,hs_p1,22,neighbor_column,0,0.0533223,,,0.0533222,-1.0000000000287557e-07,-1.0000000000287557e-07,-1.1111111111430618e-07,False
ss,27,hs_p1,23,neighbor_column,0,0.0399511,,,0.0399511,0.0,0.0,0.0,False
ss,27,hs_p1,30,neighbor_column,1,1.01483,,,1.01483,0.0,-0.0,-0.0,False
ss,27,hs_p1,31,shared_wbl_column,1,1.02892,,,1.02892,0.0,-0.0,-0.0,False
ss,27,hs_p1,32,neighbor_column,1,1.04469,,,1.04469,0.0,-0.0,-0.0,False
ss,27,hs_p1,33,neighbor_column,1,1.02902,,,1.02902,0.0,-0.0,-0.0,False
ss,27,hs_p0,00,half_selected_row0,1,1.0382,1.21523,1.21578,1.03877,0.0005699999999999594,-0.0005699999999999594,-0.0006333333333332882,False
ss,27,hs_p0,01,target_cell,1,1.052,-6.6515e-07,6.65112e-07,-0.126051,-1.178051,1.178051,1.3089455555555556,True
ss,27,hs_p0,02,half_selected_row0,0,0.031521,-3.51348e-07,3.51326e-07,-0.139046,-0.170567,-0.170567,-0.18951888888888888,False
ss,27,hs_p0,03,half_selected_row0,1,1.05217,1.2201,1.22057,1.05265,0.00048000000000003595,-0.00048000000000003595,-0.0005333333333333733,False
ss,27,hs_p0,10,neighbor_column,1,1.04764,,,1.04764,0.0,-0.0,-0.0,False
ss,27,hs_p0,11,shared_wbl_column,1,1.0614,,,1.0614,0.0,-0.0,-0.0,False
ss,27,hs_p0,12,neighbor_column,1,1.04592,,,1.04592,0.0,-0.0,-0.0,False
ss,27,hs_p0,13,neighbor_column,1,1.0616,,,1.0616,0.0,-0.0,-0.0,False
ss,27,hs_p0,20,neighbor_column,0,0.0413231,,,0.0413231,0.0,0.0,0.0,False
ss,27,hs_p0,21,shared_wbl_column,0,0.0533224,,,0.0533223,-9.999999999593667e-08,-9.999999999593667e-08,-1.111111111065963e-07,False
ss,27,hs_p0,22,neighbor_column,0,0.039838,,,0.039838,0.0,0.0,0.0,False
ss,27,hs_p0,23,neighbor_column,0,0.053474,,,0.053474,0.0,0.0,0.0,False
ss,27,hs_p0,30,neighbor_column,1,1.03063,,,1.03063,0.0,-0.0,-0.0,False
ss,27,hs_p0,31,shared_wbl_column,1,1.04469,,,1.04469,0.0,-0.0,-0.0,False
ss,27,hs_p0,32,neighbor_column,1,1.02892,,,1.02892,0.0,-0.0,-0.0,False
ss,27,hs_p0,33,neighbor_column,1,1.04484,,,1.04484,0.0,-0.0,-0.0,False
ss,125,hs_p1,00,half_selected_row0,0,0.0191531,-7.56841e-08,7.5701e-08,-0.140772,-0.15992510000000001,-0.15992510000000001,-0.17769455555555558,False
ss,125,hs_p1,01,target_cell,0,0.0310307,1.04096,1.19586,1.00282,0.9717893000000001,0.9717893000000001,1.079765888888889,True
ss,125,hs_p1,02,half_selected_row0,1,1.05173,1.2293,1.2414,1.06422,0.01248999999999989,-0.01248999999999989,-0.013877777777777656,False
ss,125,hs_p1,03,half_selected_row0,0,0.0311181,-5.01992e-08,5.02052e-08,-0.136864,-0.16798210000000002,-0.16798210000000002,-0.1866467777777778,False
ss,125,hs_p1,10,neighbor_column,1,1.03196,,,1.03166,-0.00029999999999996696,0.00029999999999996696,0.0003333333333332966,False
ss,125,hs_p1,11,shared_wbl_column,1,1.04568,,,1.04539,-0.00028999999999990145,0.00028999999999990145,0.0003222222222221127,False
ss,125,hs_p1,12,neighbor_column,1,1.06109,,,1.06081,-0.000280000000000058,0.000280000000000058,0.00031111111111117553,False
ss,125,hs_p1,13,neighbor_column,1,1.04583,,,1.04553,-0.00029999999999996696,0.00029999999999996696,0.0003333333333332966,False
ss,125,hs_p1,20,neighbor_column,0,0.0274029,,,0.0272883,-0.00011459999999999942,-0.00011459999999999942,-0.00012733333333333268,False
ss,125,hs_p1,21,shared_wbl_column,0,0.0392447,,,0.0390823,-0.00016240000000000004,-0.00016240000000000004,-0.0001804444444444445,False
ss,125,hs_p1,22,neighbor_column,0,0.0525835,,,0.0524132,-0.00017029999999999823,-0.00017029999999999823,-0.00018922222222222024,False
ss,125,hs_p1,23,neighbor_column,0,0.0393546,,,0.0392077,-0.00014690000000000536,-0.00014690000000000536,-0.00016322222222222817,False
ss,125,hs_p1,30,neighbor_column,1,1.01473,,,1.01443,-0.00029999999999996696,0.00029999999999996696,0.0003333333333332966,False
ss,125,hs_p1,31,shared_wbl_column,1,1.02876,,,1.02846,-0.00029999999999996696,0.00029999999999996696,0.0003333333333332966,False
ss,125,hs_p1,32,neighbor_column,1,1.04445,,,1.04416,-0.0002900000000001235,0.0002900000000001235,0.00032222222222235943,False
ss,125,hs_p1,33,neighbor_column,1,1.02885,,,1.02855,-0.00029999999999996696,0.00029999999999996696,0.0003333333333332966,False
ss,125,hs_p0,00,half_selected_row0,1,1.03799,1.2168,1.23306,1.05486,0.01686999999999994,-0.01686999999999994,-0.01874444444444438,False
ss,125,hs_p0,01,target_cell,1,1.05173,-3.19457e-07,3.19437e-07,-0.127801,-1.179531,1.179531,1.3105900000000001,True
ss,125,hs_p0,02,half_selected_row0,0,0.0310307,-4.17221e-07,4.17173e-07,-0.14041,-0.1714407,-0.1714407,-0.19048966666666667,False
ss,125,hs_p0,03,half_selected_row0,1,1.0519,1.2215,1.23609,1.06701,0.015109999999999957,-0.015109999999999957,-0.01678888888888884,False
ss,125,hs_p0,10,neighbor_column,1,1.0474,,,1.04711,-0.0002900000000001235,0.0002900000000001235,0.00032222222222235943,False
ss,125,hs_p0,11,shared_wbl_column,1,1.06109,,,1.0608,-0.0002900000000001235,0.0002900000000001235,0.00032222222222235943,False
ss,125,hs_p0,12,neighbor_column,1,1.04568,,,1.04539,-0.00028999999999990145,0.00028999999999990145,0.0003222222222221127,False
ss,125,hs_p0,13,neighbor_column,1,1.06129,,,1.061,-0.0002900000000001235,0.0002900000000001235,0.00032222222222235943,False
ss,125,hs_p0,20,neighbor_column,0,0.0407397,,,0.0405937,-0.00014599999999999336,-0.00014599999999999336,-0.00016222222222221484,False
ss,125,hs_p0,21,shared_wbl_column,0,0.0525836,,,0.0524295,-0.00015410000000000423,-0.00015410000000000423,-0.00017122222222222693,False
ss,125,hs_p0,22,neighbor_column,0,0.0392446,,,0.0390984,-0.0001461999999999991,-0.0001461999999999991,-0.00016244444444444344,False
ss,125,hs_p0,23,neighbor_column,0,0.0527313,,,0.0525603,-0.00017100000000000448,-0.00017100000000000448,-0.00019000000000000497,False
ss,125,hs_p0,30,neighbor_column,1,1.03046,,,1.03016,-0.00029999999999996696,0.00029999999999996696,0.0003333333333332966,False
ss,125,hs_p0,31,shared_wbl_column,1,1.04445,,,1.04416,-0.0002900000000001235,0.0002900000000001235,0.00032222222222235943,False
ss,125,hs_p0,32,neighbor_column,1,1.02876,,,1.02846,-0.00029999999999996696,0.00029999999999996696,0.0003333333333332966,False
ss,125,hs_p0,33,neighbor_column,1,1.0446,,,1.04431,-0.00028999999999990145,0.00028999999999990145,0.0003222222222221127,False
ff,27,hs_p1,00,half_selected_row0,0,0.0211152,-2.43154e-08,2.43095e-08,-0.13061,-0.1517252,-0.1517252,-0.16858355555555557,False
ff,27,hs_p1,01,target_cell,0,0.0341731,1.11566,1.25203,1.03623,1.0020569,1.0020569,1.1133965555555554,True
ff,27,hs_p1,02,half_selected_row0,1,1.05504,1.25505,1.27528,1.07622,0.021179999999999977,-0.021179999999999977,-0.023533333333333305,False
ff,27,hs_p1,03,half_selected_row0,0,0.0342791,-1.86945e-08,1.86984e-08,-0.126741,-0.1610201,-0.1610201,-0.17891122222222222,False
ff,27,hs_p1,10,neighbor_column,1,1.03401,,,1.034,-1.0000000000065512e-05,1.0000000000065512e-05,1.1111111111183902e-05,False
ff,27,hs_p1,11,shared_wbl_column,1,1.04858,,,1.04858,0.0,-0.0,-0.0,False
ff,27,hs_p1,12,neighbor_column,1,1.06495,,,1.06495,0.0,-0.0,-0.0,False
ff,27,hs_p1,13,neighbor_column,1,1.04875,,,1.04874,-1.0000000000065512e-05,1.0000000000065512e-05,1.1111111111183902e-05,False
ff,27,hs_p1,20,neighbor_column,0,0.0301682,,,0.0301678,-3.999999999976245e-07,-3.999999999976245e-07,-4.44444444441805e-07,False
ff,27,hs_p1,21,shared_wbl_column,0,0.0431714,,,0.0431723,8.999999999981245e-07,8.999999999981245e-07,9.99999999997916e-07,False
ff,27,hs_p1,22,neighbor_column,0,0.0577926,,,0.0577941,1.5000000000015001e-06,1.5000000000015001e-06,1.6666666666683334e-06,False
ff,27,hs_p1,23,neighbor_column,0,0.0433045,,,0.043304,-5.000000000005e-07,-5.000000000005e-07,-5.555555555561112e-07,False
ff,27,hs_p1,30,neighbor_column,1,1.01572,,,1.01571,-1.0000000000065512e-05,1.0000000000065512e-05,1.1111111111183902e-05,False
ff,27,hs_p1,31,shared_wbl_column,1,1.03064,,,1.03064,0.0,-0.0,-0.0,False
ff,27,hs_p1,32,neighbor_column,1,1.04734,,,1.04734,0.0,-0.0,-0.0,False
ff,27,hs_p1,33,neighbor_column,1,1.03075,,,1.03074,-1.0000000000065512e-05,1.0000000000065512e-05,1.1111111111183902e-05,False
ff,27,hs_p0,00,half_selected_row0,1,1.04045,1.24214,1.26931,1.06905,0.02859999999999996,-0.02859999999999996,-0.03177777777777773,False
ff,27,hs_p0,01,target_cell,1,1.05504,-2.29568e-07,2.2916e-07,-0.115897,-1.170937,1.170937,1.3010411111111109,True
ff,27,hs_p0,02,half_selected_row0,0,0.0341732,-3.11486e-07,3.10961e-07,-0.130217,-0.1643902,-0.1643902,-0.18265577777777775,False
ff,27,hs_p0,03,half_selected_row0,1,1.05523,1.24699,1.2714,1.08088,0.025650000000000173,-0.025650000000000173,-0.028500000000000192,False
ff,27,hs_p0,10,neighbor_column,1,1.05041,,,1.05041,0.0,-0.0,-0.0,False
ff,27,hs_p0,11,shared_wbl_column,1,1.06495,,,1.06495,0.0,-0.0,-0.0,False
ff,27,hs_p0,12,neighbor_column,1,1.04858,,,1.04858,0.0,-0.0,-0.0,False
ff,27,hs_p0,13,neighbor_column,1,1.06518,,,1.06518,0.0,-0.0,-0.0,False
ff,27,hs_p0,20,neighbor_column,0,0.0448009,,,0.0448032,2.300000000003688e-06,2.300000000003688e-06,2.5555555555596533e-06,False
ff,27,hs_p0,21,shared_wbl_column,0,0.0577925,,,0.0577926,1.0000000000287557e-07,1.0000000000287557e-07,1.1111111111430618e-07,False
ff,27,hs_p0,22,neighbor_column,0,0.0431715,,,0.043171,-5.000000000005e-07,-5.000000000005e-07,-5.555555555561112e-07,False
ff,27,hs_p0,23,neighbor_column,0,0.0579711,,,0.0579726,1.5000000000015001e-06,1.5000000000015001e-06,1.6666666666683334e-06,False
ff,27,hs_p0,30,neighbor_column,1,1.03245,,,1.03245,0.0,-0.0,-0.0,False
ff,27,hs_p0,31,shared_wbl_column,1,1.04734,,,1.04733,-9.999999999843467e-06,9.999999999843467e-06,1.1111111110937185e-05,False
ff,27,hs_p0,32,neighbor_column,1,1.03064,,,1.03064,0.0,-0.0,-0.0,False
ff,27,hs_p0,33,neighbor_column,1,1.04751,,,1.04751,0.0,-0.0,-0.0,False
ff,125,hs_p1,00,half_selected_row0,0,0.0206184,-6.00606e-08,5.99551e-08,-0.127022,-0.1476404,-0.1476404,-0.16404488888888888,False
ff,125,hs_p1,01,target_cell,0,0.0334947,1.18282,1.35223,1.13887,1.1053753,1.1053753,1.2281947777777777,True
ff,125,hs_p1,02,half_selected_row0,1,1.05464,1.26463,1.35621,1.15882,0.10417999999999994,-0.10417999999999994,-0.11575555555555549,False
ff,125,hs_p1,03,half_selected_row0,0,0.0335972,-6.92626e-08,6.91304e-08,-0.123594,-0.1571912,-0.1571912,-0.1746568888888889,False
ff,125,hs_p1,10,neighbor_column,1,1.03362,,,1.03237,-0.0012499999999999734,0.0012499999999999734,0.0013888888888888592,False
ff,125,hs_p1,11,shared_wbl_column,1,1.0481,,,1.04749,-0.0006099999999999994,0.0006099999999999994,0.0006777777777777771,False
ff,125,hs_p1,12,neighbor_column,1,1.06448,,,1.06418,-0.000300000000000189,0.000300000000000189,0.00033333333333354333,False
ff,125,hs_p1,13,neighbor_column,1,1.04826,,,1.04699,-0.0012699999999998823,0.0012699999999998823,0.0014111111111109803,False
ff,125,hs_p1,20,neighbor_column,0,0.0295449,,,0.0293266,-0.00021829999999999766,-0.00021829999999999766,-0.00024255555555555296,False
ff,125,hs_p1,21,shared_wbl_column,0,0.0423928,,,0.0424473,5.4499999999998994e-05,5.4499999999998994e-05,6.055555555555443e-05,False
ff,125,hs_p1,22,neighbor_column,0,0.0570397,,,0.0572442,0.0002045000000000033,0.0002045000000000033,0.00022722222222222588,False
ff,125,hs_p1,23,neighbor_column,0,0.0425219,,,0.0422433,-0.00027860000000000384,-0.00027860000000000384,-0.0003095555555555598,False
ff,125,hs_p1,30,neighbor_column,1,1.01545,,,1.01418,-0.0012699999999998823,0.0012699999999998823,0.0014111111111109803,False
ff,125,hs_p1,31,shared_wbl_column,1,1.03027,,,1.02966,-0.0006099999999999994,0.0006099999999999994,0.0006777777777777771,False
ff,125,hs_p1,32,neighbor_column,1,1.04699,,,1.04668,-0.00031000000000003247,0.00031000000000003247,0.0003444444444444805,False
ff,125,hs_p1,33,neighbor_column,1,1.03038,,,1.0291,-0.0012800000000001699,0.0012800000000001699,0.001422222222222411,False
ff,125,hs_p0,00,half_selected_row0,1,1.04015,1.25453,1.35546,1.15694,0.11679000000000017,-0.11679000000000017,-0.12976666666666686,False
ff,125,hs_p0,01,target_cell,1,1.05464,-7.42983e-07,7.44392e-07,-0.109062,-1.163702,1.163702,1.2930022222222222,True
ff,125,hs_p0,02,half_selected_row0,0,0.0334947,-5.3543e-07,5.36667e-07,-0.126632,-0.1601267,-0.1601267,-0.17791855555555555,False
ff,125,hs_p0,03,half_selected_row0,1,1.05483,1.25826,1.35571,1.16684,0.11201000000000016,-0.11201000000000016,-0.12445555555555574,False
ff,125,hs_p0,10,neighbor_column,1,1.05005,,,1.04975,-0.00029999999999996696,0.00029999999999996696,0.0003333333333332966,False
ff,125,hs_p0,11,shared_wbl_column,1,1.06448,,,1.06352,-0.0009600000000000719,0.0009600000000000719,0.0010666666666667465,False
ff,125,hs_p0,12,neighbor_column,1,1.0481,,,1.04683,-0.0012700000000001044,0.0012700000000001044,0.001411111111111227,False
ff,125,hs_p0,13,neighbor_column,1,1.06471,,,1.0644,-0.00031000000000003247,0.00031000000000003247,0.0003444444444444805,False
ff,125,hs_p0,20,neighbor_column,0,0.0442344,,,0.0446149,0.0003804999999999989,0.0003804999999999989,0.00042277777777777653,False
ff,125,hs_p0,21,shared_wbl_column,0,0.0570397,,,0.0569142,-0.0001255000000000006,-0.0001255000000000006,-0.00013944444444444513,False
ff,125,hs_p0,22,neighbor_column,0,0.0423928,,,0.0421155,-0.00027730000000000116,-0.00027730000000000116,-0.0003081111111111124,False
ff,125,hs_p0,23,neighbor_column,0,0.0572133,,,0.0574164,0.00020309999999999773,0.00020309999999999773,0.00022566666666666414,False
ff,125,hs_p0,30,neighbor_column,1,1.03221,,,1.0319,-0.00031000000000003247,0.00031000000000003247,0.0003444444444444805,False
ff,125,hs_p0,31,shared_wbl_column,1,1.04699,,,1.04602,-0.0009700000000001374,0.0009700000000001374,0.0010777777777779304,False
ff,125,hs_p0,32,neighbor_column,1,1.03027,,,1.02899,-0.0012799999999999478,0.0012799999999999478,0.0014222222222221642,False
ff,125,hs_p0,33,neighbor_column,1,1.04715,,,1.04684,-0.00031000000000003247,0.00031000000000003247,0.0003444444444444805,False
sf,27,hs_p1,00,half_selected_row0,0,0.021853,-7.40787e-08,7.41387e-08,-0.133374,-0.155227,-0.155227,-0.17247444444444446,False
sf,27,hs_p1,01,target_cell,0,0.0353709,1.15425,1.28526,1.06928,1.0339091,1.0339091,1.148787888888889,True
sf,27,hs_p1,02,half_selected_row0,1,1.05668,1.25848,1.29578,1.09691,0.04022999999999999,-0.04022999999999999,-0.04469999999999998,False
sf,27,hs_p1,03,half_selected_row0,0,0.0354845,-7.4811e-08,7.48877e-08,-0.129548,-0.1650325,-0.1650325,-0.18336944444444445,False
sf,27,hs_p1,10,neighbor_column,1,1.03502,,,1.03501,-1.0000000000065512e-05,1.0000000000065512e-05,1.1111111111183902e-05,False
sf,27,hs_p1,11,shared_wbl_column,1,1.05002,,,1.05001,-9.999999999843467e-06,9.999999999843467e-06,1.1111111110937185e-05,False
sf,27,hs_p1,12,neighbor_column,1,1.06687,,,1.06687,0.0,-0.0,-0.0,False
sf,27,hs_p1,13,neighbor_column,1,1.0502,,,1.05018,-2.0000000000131024e-05,2.0000000000131024e-05,2.2222222222367805e-05,False
sf,27,hs_p1,20,neighbor_column,0,0.0312176,,,0.0312164,-1.2000000000032818e-06,-1.2000000000032818e-06,-1.3333333333369797e-06,False
sf,27,hs_p1,21,shared_wbl_column,0,0.0446769,,,0.0446782,1.300000000002688e-06,1.300000000002688e-06,1.444444444447431e-06,False
sf,27,hs_p1,22,neighbor_column,0,0.0598124,,,0.0598148,2.3999999999996247e-06,2.3999999999996247e-06,2.6666666666662497e-06,False
sf,27,hs_p1,23,neighbor_column,0,0.0448195,,,0.044818,-1.5000000000015001e-06,-1.5000000000015001e-06,-1.6666666666683334e-06,False
sf,27,hs_p1,30,neighbor_column,1,1.0162,,,1.01619,-1.0000000000065512e-05,1.0000000000065512e-05,1.1111111111183902e-05,False
sf,27,hs_p1,31,shared_wbl_column,1,1.03157,,,1.03156,-1.0000000000065512e-05,1.0000000000065512e-05,1.1111111111183902e-05,False
sf,27,hs_p1,32,neighbor_column,1,1.04877,,,1.04877,0.0,-0.0,-0.0,False
sf,27,hs_p1,33,neighbor_column,1,1.03168,,,1.03167,-9.999999999843467e-06,9.999999999843467e-06,1.1111111110937185e-05,False
sf,27,hs_p0,00,half_selected_row0,1,1.04167,1.24601,1.29276,1.09266,0.05098999999999987,-0.05098999999999987,-0.05665555555555541,False
sf,27,hs_p0,01,target_cell,1,1.05668,-4.6198e-07,4.61254e-07,-0.117974,-1.174654,1.174654,1.3051711111111113,True
sf,27,hs_p0,02,half_selected_row0,0,0.0353709,-3.1936e-07,3.18736e-07,-0.132879,-0.1682499,-0.1682499,-0.18694433333333335,False
sf,27,hs_p0,03,half_selected_row0,1,1.05689,1.25067,1.29378,1.10371,0.04681999999999986,-0.04681999999999986,-0.05202222222222207,False
sf,27,hs_p0,10,neighbor_column,1,1.05191,,,1.05191,0.0,-0.0,-0.0,False
sf,27,hs_p0,11,shared_wbl_column,1,1.06687,,,1.06686,-1.0000000000065512e-05,1.0000000000065512e-05,1.1111111111183902e-05,False
sf,27,hs_p0,12,neighbor_column,1,1.05002,,,1.05001,-9.999999999843467e-06,9.999999999843467e-06,1.1111111110937185e-05,False
sf,27,hs_p0,13,neighbor_column,1,1.06711,,,1.06711,0.0,-0.0,-0.0,False
sf,27,hs_p0,20,neighbor_column,0,0.0463699,,,0.0463739,4.000000000004e-06,4.000000000004e-06,4.444444444448889e-06,False
sf,27,hs_p0,21,shared_wbl_column,0,0.0598123,,,0.0598121,-1.9999999999881224e-07,-1.9999999999881224e-07,-2.222222222209025e-07,False
sf,27,hs_p0,22,neighbor_column,0,0.044677,,,0.0446755,-1.5000000000015001e-06,-1.5000000000015001e-06,-1.6666666666683334e-06,False
sf,27,hs_p0,23,neighbor_column,0,0.0600035,,,0.060006,2.4999999999955613e-06,2.4999999999955613e-06,2.777777777772846e-06,False
sf,27,hs_p0,30,neighbor_column,1,1.03344,,,1.03344,0.0,-0.0,-0.0,False
sf,27,hs_p0,31,shared_wbl_column,1,1.04877,,,1.04876,-1.0000000000065512e-05,1.0000000000065512e-05,1.1111111111183902e-05,False
sf,27,hs_p0,32,neighbor_column,1,1.03157,,,1.03156,-1.0000000000065512e-05,1.0000000000065512e-05,1.1111111111183902e-05,False
sf,27,hs_p0,33,neighbor_column,1,1.04895,,,1.04895,0.0,-0.0,-0.0,False
sf,125,hs_p1,00,half_selected_row0,0,0.0212681,-1.03312e-07,1.03857e-07,-0.124724,-0.1459921,-0.1459921,-0.16221344444444447,False
sf,125,hs_p1,01,target_cell,0,0.0345835,1.22082,1.37961,1.16832,1.1337365,1.1337365,1.259707222222222,True
sf,125,hs_p1,02,half_selected_row0,1,1.0562,1.27525,1.38173,1.18669,0.13049,-0.13049,-0.1449888888888889,False
sf,125,hs_p1,03,half_selected_row0,0,0.034693,-1.12292e-07,1.12863e-07,-0.121565,-0.156258,-0.156258,-0.17362,False
sf,125,hs_p1,10,neighbor_column,1,1.03449,,,1.03259,-0.0019000000000000128,0.0019000000000000128,0.0021111111111111252,False
sf,125,hs_p1,11,shared_wbl_column,1,1.04937,,,1.04856,-0.0008099999999999774,0.0008099999999999774,0.0008999999999999748,False
sf,125,hs_p1,12,neighbor_column,1,1.0663,,,1.06599,-0.00031000000000003247,0.00031000000000003247,0.0003444444444444805,False
sf,125,hs_p1,13,neighbor_column,1,1.04955,,,1.04762,-0.0019299999999999873,0.0019299999999999873,0.00214444444444443,False
sf,125,hs_p1,20,neighbor_column,0,0.0304913,,,0.0301462,-0.0003450999999999975,-0.0003450999999999975,-0.00038344444444444163,False
sf,125,hs_p1,21,shared_wbl_column,0,0.043782,,,0.0438863,0.00010430000000000161,0.00010430000000000161,0.00011588888888889067,False
sf,125,hs_p1,22,neighbor_column,0,0.0589981,,,0.0593444,0.0003463000000000008,0.0003463000000000008,0.00038477777777777864,False
sf,125,hs_p1,23,neighbor_column,0,0.04392,,,0.0434821,-0.000437899999999998,-0.000437899999999998,-0.00048655555555555334,False
sf,125,hs_p1,30,neighbor_column,1,1.01581,,,1.01389,-0.0019200000000001438,0.0019200000000001438,0.002133333333333493,False
sf,125,hs_p1,31,shared_wbl_column,1,1.03106,,,1.03024,-0.0008200000000000429,0.0008200000000000429,0.0009111111111111587,False
sf,125,hs_p1,32,neighbor_column,1,1.04835,,,1.04803,-0.00031999999999987594,0.00031999999999987594,0.0003555555555554177,False
sf,125,hs_p1,33,neighbor_column,1,1.03117,,,1.02923,-0.0019399999999998307,0.0019399999999998307,0.0021555555555553673,False
sf,125,hs_p0,00,half_selected_row0,1,1.04131,1.26711,1.38142,1.18525,0.14393999999999996,-0.14393999999999996,-0.1599333333333333,False
sf,125,hs_p0,01,target_cell,1,1.0562,-5.55267e-07,5.54647e-07,-0.104512,-1.160712,1.160712,1.28968,True
sf,125,hs_p0,02,half_selected_row0,0,0.0345835,-4.15193e-07,4.14694e-07,-0.124346,-0.1589295,-0.1589295,-0.17658833333333332,False
sf,125,hs_p0,03,half_selected_row0,1,1.0564,1.27007,1.38152,1.19521,0.1388100000000001,-0.1388100000000001,-0.15423333333333344,False
sf,125,hs_p0,10,neighbor_column,1,1.05147,,,1.05116,-0.00030999999999981043,0.00030999999999981043,0.0003444444444442338,False
sf,125,hs_p0,11,shared_wbl_column,1,1.0663,,,1.06489,-0.0014100000000001334,0.0014100000000001334,0.0015666666666668148,False
sf,125,hs_p0,12,neighbor_column,1,1.04937,,,1.04745,-0.0019199999999999218,0.0019199999999999218,0.0021333333333332463,False
sf,125,hs_p0,13,neighbor_column,1,1.06654,,,1.06623,-0.00031000000000003247,0.00031000000000003247,0.0003444444444444805,False
sf,125,hs_p0,20,neighbor_column,0,0.0457681,,,0.0463679,0.0005997999999999976,0.0005997999999999976,0.0006664444444444417,False
sf,125,hs_p0,21,shared_wbl_column,0,0.0589982,,,0.0588093,-0.0001888999999999988,-0.0001888999999999988,-0.00020988888888888755,False
sf,125,hs_p0,22,neighbor_column,0,0.043782,,,0.0433463,-0.00043570000000000414,-0.00043570000000000414,-0.0004841111111111157,False
sf,125,hs_p0,23,neighbor_column,0,0.0591838,,,0.0595281,0.0003442999999999988,0.0003442999999999988,0.00038255555555555417,False
sf,125,hs_p0,30,neighbor_column,1,1.03315,,,1.03283,-0.000320000000000098,0.000320000000000098,0.0003555555555556644,False
sf,125,hs_p0,31,shared_wbl_column,1,1.04835,,,1.04693,-0.0014199999999999768,0.0014199999999999768,0.001577777777777752,False
sf,125,hs_p0,32,neighbor_column,1,1.03106,,,1.02913,-0.0019299999999999873,0.0019299999999999873,0.00214444444444443,False
sf,125,hs_p0,33,neighbor_column,1,1.04853,,,1.04821,-0.00031999999999987594,0.00031999999999987594,0.0003555555555554177,False
fs,27,hs_p1,00,half_selected_row0,0,0.0189257,-5.69073e-08,5.69101e-08,-0.136529,-0.1554547,-0.1554547,-0.17272744444444443,False
fs,27,hs_p1,01,target_cell,0,0.0306308,0.948169,1.08053,0.888311,0.8576802,0.8576802,0.952978,True
fs,27,hs_p1,02,half_selected_row0,1,1.05079,1.22806,1.22827,1.051,0.00021000000000004349,-0.00021000000000004349,-0.00023333333333338163,False
fs,27,hs_p1,03,half_selected_row0,0,0.0307158,-6.91257e-08,6.91255e-08,-0.13229,-0.16300579999999998,-0.16300579999999998,-0.18111755555555553,False
fs,27,hs_p1,10,neighbor_column,1,1.03139,,,1.03139,0.0,-0.0,-0.0,False
fs,27,hs_p1,11,shared_wbl_column,1,1.04486,,,1.04486,0.0,-0.0,-0.0,False
fs,27,hs_p1,12,neighbor_column,1,1.05998,,,1.05998,0.0,-0.0,-0.0,False
fs,27,hs_p1,13,neighbor_column,1,1.045,,,1.045,0.0,-0.0,-0.0,False
fs,27,hs_p1,20,neighbor_column,0,0.027059,,,0.027059,0.0,0.0,0.0,False
fs,27,hs_p1,21,shared_wbl_column,0,0.0387224,,,0.0387223,-9.999999999593667e-08,-9.999999999593667e-08,-1.111111111065963e-07,False
fs,27,hs_p1,22,neighbor_column,0,0.0518318,,,0.0518317,-9.999999999593667e-08,-9.999999999593667e-08,-1.111111111065963e-07,False
fs,27,hs_p1,23,neighbor_column,0,0.0388293,,,0.0388293,0.0,0.0,0.0,False
fs,27,hs_p1,30,neighbor_column,1,1.01448,,,1.01448,0.0,-0.0,-0.0,False
fs,27,hs_p1,31,shared_wbl_column,1,1.02824,,,1.02824,0.0,-0.0,-0.0,False
fs,27,hs_p1,32,neighbor_column,1,1.04364,,,1.04364,0.0,-0.0,-0.0,False
fs,27,hs_p1,33,neighbor_column,1,1.02833,,,1.02833,0.0,-0.0,-0.0,False
fs,27,hs_p0,00,half_selected_row0,1,1.03731,1.21542,1.21574,1.03764,0.00032999999999994145,-0.00032999999999994145,-0.0003666666666666016,False
fs,27,hs_p0,01,target_cell,1,1.05079,-7.05818e-07,7.05847e-07,-0.12351,-1.1743,1.1743,1.3047777777777776,True
fs,27,hs_p0,02,half_selected_row0,0,0.0306308,-3.78707e-07,3.78714e-07,-0.13614,-0.1667708,-0.1667708,-0.18530088888888888,False
fs,27,hs_p0,03,half_selected_row0,1,1.05095,1.22018,1.22046,1.05123,0.000280000000000058,-0.000280000000000058,-0.00031111111111117553,False
fs,27,hs_p0,10,neighbor_column,1,1.04654,,,1.04654,0.0,-0.0,-0.0,False
fs,27,hs_p0,11,shared_wbl_column,1,1.05998,,,1.05998,0.0,-0.0,-0.0,False
fs,27,hs_p0,12,neighbor_column,1,1.04486,,,1.04486,0.0,-0.0,-0.0,False
fs,27,hs_p0,13,neighbor_column,1,1.06017,,,1.06017,0.0,-0.0,-0.0,False
fs,27,hs_p0,20,neighbor_column,0,0.0401645,,,0.0401645,0.0,0.0,0.0,False
fs,27,hs_p0,21,shared_wbl_column,0,0.0518317,,,0.0518317,0.0,0.0,0.0,False
fs,27,hs_p0,22,neighbor_column,0,0.0387224,,,0.0387224,0.0,0.0,0.0,False
fs,27,hs_p0,23,neighbor_column,0,0.0519753,,,0.0519753,0.0,0.0,0.0,False
fs,27,hs_p0,30,neighbor_column,1,1.02991,,,1.02991,0.0,-0.0,-0.0,False
fs,27,hs_p0,31,shared_wbl_column,1,1.04364,,,1.04364,0.0,-0.0,-0.0,False
fs,27,hs_p0,32,neighbor_column,1,1.02824,,,1.02824,0.0,-0.0,-0.0,False
fs,27,hs_p0,33,neighbor_column,1,1.04378,,,1.04378,0.0,-0.0,-0.0,False
fs,125,hs_p1,00,half_selected_row0,0,0.0185918,-8.98974e-08,8.99333e-08,-0.136392,-0.1549838,-0.1549838,-0.17220422222222223,False
fs,125,hs_p1,01,target_cell,0,0.0301343,1.00997,1.17728,0.983522,0.9533877000000001,0.9533877000000001,1.0593196666666667,True
fs,125,hs_p1,02,half_selected_row0,1,1.05052,1.22899,1.23811,1.05984,0.009319999999999995,-0.009319999999999995,-0.01035555555555555,False
fs,125,hs_p1,03,half_selected_row0,0,0.0302168,-1.03931e-07,1.03934e-07,-0.132473,-0.1626898,-0.1626898,-0.18076644444444442,False
fs,125,hs_p1,10,neighbor_column,1,1.03121,,,1.03092,-0.00028999999999990145,0.00028999999999990145,0.0003222222222221127,False
fs,125,hs_p1,11,shared_wbl_column,1,1.04462,,,1.04433,-0.0002900000000001235,0.0002900000000001235,0.00032222222222235943,False
fs,125,hs_p1,12,neighbor_column,1,1.05967,,,1.05939,-0.00027999999999983594,0.00027999999999983594,0.0003111111111109288,False
fs,125,hs_p1,13,neighbor_column,1,1.04476,,,1.04446,-0.00029999999999996696,0.00029999999999996696,0.0003333333333332966,False
fs,125,hs_p1,20,neighbor_column,0,0.026613,,,0.0265034,-0.00010960000000000136,-0.00010960000000000136,-0.00012177777777777928,False
fs,125,hs_p1,21,shared_wbl_column,0,0.0381244,,,0.0379712,-0.0001532000000000061,-0.0001532000000000061,-0.00017022222222222902,False
fs,125,hs_p1,22,neighbor_column,0,0.0511046,,,0.0509452,-0.00015939999999999704,-0.00015939999999999704,-0.00017711111111110781,False
fs,125,hs_p1,23,neighbor_column,0,0.0382283,,,0.0380873,-0.00014100000000000223,-0.00014100000000000223,-0.00015666666666666916,False
fs,125,hs_p1,30,neighbor_column,1,1.01438,,,1.01408,-0.00029999999999996696,0.00029999999999996696,0.0003333333333332966,False
fs,125,hs_p1,31,shared_wbl_column,1,1.02807,,,1.02778,-0.0002900000000001235,0.0002900000000001235,0.00032222222222235943,False
fs,125,hs_p1,32,neighbor_column,1,1.0434,,,1.04311,-0.0002900000000001235,0.0002900000000001235,0.00032222222222235943,False
fs,125,hs_p1,33,neighbor_column,1,1.02816,,,1.02786,-0.00029999999999996696,0.00029999999999996696,0.0003333333333332966,False
fs,125,hs_p0,00,half_selected_row0,1,1.0371,1.21668,1.22885,1.04959,0.012490000000000112,-0.012490000000000112,-0.013877777777777902,False
fs,125,hs_p0,01,target_cell,1,1.05052,-4.67377e-07,4.67726e-07,-0.123686,-1.1742059999999999,1.1742059999999999,1.3046733333333331,True
fs,125,hs_p0,02,half_selected_row0,0,0.0301343,-4.32929e-07,4.33266e-07,-0.136022,-0.1661563,-0.1661563,-0.18461811111111112,False
fs,125,hs_p0,03,half_selected_row0,1,1.05068,1.22132,1.23225,1.0619,0.011220000000000008,-0.011220000000000008,-0.012466666666666675,False
fs,125,hs_p0,10,neighbor_column,1,1.04629,,,1.04601,-0.00027999999999983594,0.00027999999999983594,0.0003111111111109288,False
fs,125,hs_p0,11,shared_wbl_column,1,1.05967,,,1.05938,-0.00028999999999990145,0.00028999999999990145,0.0003222222222221127,False
fs,125,hs_p0,12,neighbor_column,1,1.04462,,,1.04432,-0.000300000000000189,0.000300000000000189,0.00033333333333354333,False
fs,125,hs_p0,13,neighbor_column,1,1.05986,,,1.05958,-0.000280000000000058,0.000280000000000058,0.00031111111111117553,False
fs,125,hs_p0,20,neighbor_column,0,0.0395904,,,0.0394558,-0.0001345999999999986,-0.0001345999999999986,-0.000149555555555554,False
fs,125,hs_p0,21,shared_wbl_column,0,0.0511046,,,0.050958,-0.00014659999999999673,-0.00014659999999999673,-0.00016288888888888524,False
fs,125,hs_p0,22,neighbor_column,0,0.0381244,,,0.0379841,-0.00014030000000000292,-0.00014030000000000292,-0.00015588888888889212,False
fs,125,hs_p0,23,neighbor_column,0,0.0512443,,,0.0510842,-0.00016009999999999636,-0.00016009999999999636,-0.00017788888888888485,False
fs,125,hs_p0,30,neighbor_column,1,1.02973,,,1.02944,-0.0002900000000001235,0.0002900000000001235,0.00032222222222235943,False
fs,125,hs_p0,31,shared_wbl_column,1,1.0434,,,1.04311,-0.0002900000000001235,0.0002900000000001235,0.00032222222222235943,False
fs,125,hs_p0,32,neighbor_column,1,1.02807,,,1.02777,-0.00029999999999996696,0.00029999999999996696,0.0003333333333332966,False
fs,125,hs_p0,33,neighbor_column,1,1.04354,,,1.04325,-0.00028999999999990145,0.00028999999999990145,0.0003222222222221127,False
