process,temp_c,pattern,row0_bits,t_start_s,t_end_s,duration_s,e_active_net_J,e_active_gross_J,e_active_rec_J,e_idle_net_J,e_idle_gross_J,e_idle_rec_J,e_row_incr_J,p_idle_net_W,p_idle_gross_W,idle_at_gmin_floor,identity_ok,dc_check_ok,status,fail_reasons,min_read_margin_v,min_restore_ratio_1,max_sn_end_0_v,sn_end_row0,sn_ref_row0,unselected_max_dv_vs_idle_v,unselected_max_dv_vs_start_v,sn_stored_delta_active_J,sn_stored_delta_idle_J,e_active_net_fine_J,e_active_net_conv_rel,e_idle_net_fine_J,e_idle_net_conv_rel,e_row_incr_fine_J,e_row_incr_conv_rel,status_main,status_fine,converged_1pct,idle_converged_1pct
tt,27,zero,0000,5e-09,3.3999999999999993e-08,2.8999999999999995e-08,6.9260048e-17,1.315039294e-14,1.3081133589999999e-14,3.0625170000000002e-21,3.0625170000000002e-21,0.0,6.9256985483e-17,1.0560403448275865e-13,1.0560403448275865e-13,True,True,True,restored,,0.077878,,0.0314647,0.0153414|0.0276362|0.0276346|0.0314647,1.38017|1.39344|1.39344|1.40341,6.82253362e-09,6.822550354e-09,8.332142602466596e-19,-2.810275511102499e-42,6.2528041e-17,0.09719899414450303,3.069397e-21,0.0022414826104279876,6.2524971603e-17,0.0972033915864336,restored,restored,False,True
tt,27,one,1111,5e-09,3.3999999999999993e-08,2.8999999999999995e-08,8.6109788e-13,8.9509678e-13,3.3997876e-14,4.954998e-21,4.954998e-21,0.0,8.61097875045002e-13,1.7086200000000003e-13,1.7086200000000003e-13,True,True,True,restored,,0.560099,0.9576791264844187,,1.32176|1.33527|1.33527|1.34512,1.38017|1.39344|1.39344|1.40341,0.0,0.0,1.1750796656831307e-15,0.0,8.596893899999999e-13,0.0016356909391067695,4.95926e-21,0.000859402410843506,8.596893850407399e-13,0.001635690953468511,restored,restored,True,True
tt,27,checker,1010,5e-09,3.3999999999999993e-08,2.8999999999999995e-08,2.11171598301e-13,2.345875801e-13,2.34161223e-14,4.004286e-21,4.004286e-21,0.0,2.11171594296714e-13,1.3807882758620692e-13,1.3807882758620692e-13,True,True,True,restored,,0.07785999999999993,0.9629973119253425,0.0314655,1.3291|0.0195747|1.34255|0.0314655,1.38017|1.39344|1.39344|1.40341,3.2977101969070003e-06,3.297710148832e-06,5.903171758659399e-16,2.7176495565179903e-41,2.1050124414e-13,0.003174452276695246,4.008647e-21,0.0010878982359883488,2.10501240131353e-13,0.0031744523575414157,restored,restored,True,True
tt,27,inv_checker,0101,5e-09,3.3999999999999993e-08,2.8999999999999995e-08,2.10593829337e-13,2.3429551e-13,2.3702089e-14,4.005168e-21,4.005168e-21,0.0,2.1059382533183198e-13,1.3810924137931038e-13,1.3810924137931038e-13,True,True,True,restored,,0.07785999999999993,0.9634788724308186,0.0195731,0.00727014|1.34255|0.0195731|1.35242,1.38017|1.39344|1.39344|1.40341,3.361760143695e-06,3.361760136342e-06,6.089607960208191e-16,3.5794887119626715e-41,2.099530037e-13,0.0030429459353935534,4.009102e-21,0.0009812671266533268,2.0995299969089801e-13,0.003042946011946081,restored,restored,True,True
tt,125,zero,0000,5e-09,3.3999999999999993e-08,2.8999999999999995e-08,1.11118334e-16,1.305500354e-14,1.29438821e-14,1.285719e-17,1.285719e-17,0.0,9.8261144e-17,4.433513793103449e-10,4.433513793103449e-10,False,True,True,restored,,0.07823799999999992,,0.0284802,0.0127742|0.0248967|0.0248952|0.0284802,1.50625|1.51873|1.51873|1.52837,6.827069777e-06,6.8270735159999995e-06,6.701023833625315e-19,-2.2373082378544985e-35,8.854448e-17,0.20315147993489538,1.28572e-17,7.777743209828214e-07,7.568728e-17,0.2297333725322799,restored,restored,False,True
tt,125,one,1111,5e-09,3.3999999999999993e-08,2.8999999999999995e-08,1.21458006e-12,1.24743838e-12,3.2857461e-14,1.47143e-17,1.47143e-17,0.0,1.2145653457e-12,5.073896551724139e-10,5.073896551724139e-10,False,True,True,restored,,0.537401,0.954761825726141,,1.43811|1.45101|1.45101|1.46062,1.50625|1.51873|1.51873|1.52837,4.799999999993698e-05,0.000304000000000082,1.5637479985604955e-15,-3.027315471776616e-18,1.213460595e-12,0.0009216889333749746,1.471431e-17,6.796105288852196e-07,1.21344588069e-12,0.0009217001077490837,restored,restored,True,True
tt,125,checker,1010,5e-09,3.3999999999999993e-08,2.8999999999999995e-08,3.09287628604e-13,3.32194104e-13,2.29069209e-14,1.37859e-17,1.37859e-17,0.0,3.0927384270400003e-13,4.753758620689656e-10,4.753758620689656e-10,False,True,True,restored,,0.07823199999999997,0.9610356846473028,0.0284821,1.44756|0.017043|1.46036|0.0284821,1.50625|1.51873|1.51873|1.52837,0.0010084606602050001,0.001008460663767,7.887236713562534e-16,-1.5136577358883075e-18,3.0875844321000005e-13,0.001710981445939148,1.37859e-17,0.0,3.0874465731000006e-13,0.001711057713039234,restored,restored,True,True
tt,125,inv_checker,0101,5e-09,3.3999999999999993e-08,2.8999999999999995e-08,3.075881055596e-13,3.30751671e-13,2.31645424e-14,1.378557e-17,1.378557e-17,0.0,3.075743199896e-13,4.753644827586208e-10,4.753644827586208e-10,False,True,True,restored,,0.07823199999999997,0.961566572070085,0.0170415,0.00495323|1.46036|0.0170415|1.46999,1.50625|1.51873|1.51873|1.52837,0.001000810623954,0.001000810627315,8.082929129969771e-16,-1.5136577358883075e-18,3.070961696e-13,0.0015993334940732538,1.378557e-17,0.0,3.0708238403e-13,0.0015994051766631287,restored,restored,True,True
ss,27,zero,0000,5e-09,3.3999999999999993e-08,2.8999999999999995e-08,1.175436665e-16,1.3055229029999999e-14,1.2937674169999999e-14,3.062343e-21,3.062343e-21,0.0,1.1754060415699999e-16,1.0559803448275864e-13,1.0559803448275864e-13,True,True,True,restored,,0.07995299999999994,,0.0115529,-0.00438485|0.00747085|0.00746946|0.0115529,1.26195|1.27515|1.27515|1.28477,1.508321692e-09,1.508314985e-09,7.999839080758916e-20,7.70769679327945e-42,9.53961823e-17,0.18841920504496085,3.069273e-21,0.0022578636699961277,9.5393113027e-17,0.18842417298125674,restored,restored,False,True
ss,27,one,1111,5e-09,3.3999999999999993e-08,2.8999999999999995e-08,3.59650709e-13,3.9797266e-13,3.832154e-14,3.281014e-21,3.281014e-21,0.0,3.59650705718986e-13,1.1313841379310347e-13,1.1313841379310347e-13,True,True,True,restored,,0.44852800000000004,0.957969808629502,,1.20891|1.22214|1.22214|1.23169,1.26195|1.27515|1.27515|1.28477,5.000000000032756e-06,5.000000000032756e-06,8.250553099125078e-16,0.0,3.5962836099999996e-13,6.213806741040138e-05,3.284922e-21,0.0011896781719626939,3.5962835771507794e-13,6.213807884338373e-05,restored,restored,True,True
ss,27,checker,1010,5e-09,3.3999999999999993e-08,2.8999999999999995e-08,8.891603948415e-14,1.14562488e-13,2.56465089e-14,3.167825e-21,3.167825e-21,0.0,8.8916036316325e-14,1.0923534482758623e-13,1.0923534482758623e-13,True,True,True,restored,,0.07993399999999995,0.9624628551051944,0.0115537,1.21458|0.000479782|1.22777|0.0115537,1.26195|1.27515|1.27515|1.28477,4.000000000004e-06,4.000000000004e-06,4.124797005412768e-16,9.9330431498673e-43,8.8889285053e-14,0.0003008954436704359,3.17178e-21,0.0012469338983158095,8.888928188122e-14,0.00030089549887059417,restored,restored,True,True
ss,27,inv_checker,0101,5e-09,3.3999999999999993e-08,2.8999999999999995e-08,8.884795265368999e-14,1.14750687e-13,2.5902687e-14,3.167788e-21,3.167788e-21,0.0,8.8847949485902e-14,1.0923406896551726e-13,1.0923406896551726e-13,True,True,True,restored,,0.07993399999999995,0.962843587028977,0.000478399,-0.011391|1.22777|0.000478399|1.23727,1.26195|1.27515|1.27515|1.28477,5.000000000032756e-06,5.000000000032756e-06,4.293177861267744e-16,5.342059782806016e-42,8.882127720890001e-14,0.0003002370228378513,3.172003e-21,0.0013288133712357963,8.882127403689701e-14,0.0003002370809831545,restored,restored,True,True
ss,125,zero,0000,5e-09,3.3999999999999993e-08,2.8999999999999995e-08,1.23571229e-16,1.321364453e-14,1.3090078180000001e-14,1.28572e-17,1.28572e-17,0.0,1.1071402900000001e-16,4.433517241379311e-10,4.433517241379311e-10,False,True,True,restored,,0.080179,,0.00952883,-0.00596831|0.00568177|0.00568001|0.00952883,1.38387|1.39672|1.39672|1.40636,5.056455284999999e-06,5.056458243e-06,5.780058908767717e-20,-1.588048720109675e-35,1.29866037e-16,0.04847154918571961,1.28572e-17,0.0,1.17008837e-16,0.05379771444100409,restored,restored,False,True
ss,125,one,1111,5e-09,3.3999999999999993e-08,2.8999999999999995e-08,6.2410042e-13,6.5816428e-13,3.4063194e-14,1.407647e-17,1.407647e-17,0.0,6.240863435300001e-13,4.853955172413794e-10,4.853955172413794e-10,False,True,True,restored,,0.5617380000000001,0.9536011330544055,,1.31966|1.33272|1.33272|1.34226,1.38387|1.39672|1.39672|1.40636,4.000000000004e-06,0.0002420000000000755,1.165488459426905e-15,-2.1064334719434767e-18,6.23992803e-13,0.0001724353910867116,1.407647e-17,0.0,6.2397872653e-13,0.0001724392804229144,restored,restored,True,True
ss,125,checker,1010,5e-09,3.3999999999999993e-08,2.8999999999999995e-08,1.5925572002100002e-13,1.827652554e-13,2.35101366e-14,1.346693e-17,1.346693e-17,0.0,1.5924225309100002e-13,4.643768965517242e-10,4.643768965517242e-10,False,True,True,restored,,0.08016099999999993,0.9593169878673574,0.00953062,1.32757|-0.00111208|1.34058|0.00953062,1.38387|1.39672|1.39672|1.40636,0.00044756159647800004,0.000447561599278,5.863580362105436e-16,-1.0534890591600955e-18,1.5921785948299998e-13,0.00023773424273262762,1.346693e-17,0.0,1.5920439255299999e-13,0.00023775434763784805,restored,restored,True,True
ss,125,inv_checker,0101,5e-09,3.3999999999999993e-08,2.8999999999999995e-08,1.5855099382e-13,1.82347628e-13,2.37969746e-14,1.346671e-17,1.346671e-17,0.0,1.5853752711e-13,4.643693103448277e-10,4.643693103448277e-10,False,True,True,restored,,0.08016099999999993,0.959805830803597,-0.00111384,-0.0128026|1.34058|-0.00111384|1.35012,1.38387|1.39672|1.39672|1.40636,0.000439523560372,0.000439523563003,6.046569118949924e-16,-1.052944412783381e-18,1.58511406175e-13,0.00024968399154237056,1.346671e-17,0.0,1.58497939465e-13,0.00024970520053917426,restored,restored,True,True
ff,27,zero,0000,5e-09,3.3999999999999993e-08,2.8999999999999995e-08,6.7122984e-17,1.2828253500000001e-14,1.2761127830000001e-14,3.062878e-21,3.062878e-21,0.0,6.7119921122e-17,1.0561648275862071e-13,1.0561648275862071e-13,True,True,True,restored,,0.07520099999999996,,0.0429809,0.0263792|0.0393159|0.0393152|0.0429809,1.48276|1.49581|1.49581|1.50585,2.3472397072e-08,2.3472361387000002e-08,1.7054774147923585e-18,4.155312520976025e-42,6.388651949000001e-17,0.0482169343067346,3.068957e-21,0.0019808032500944124,6.388345053300001e-17,0.04821922515548332,restored,restored,False,True
ff,27,one,1111,5e-09,3.3999999999999993e-08,2.8999999999999995e-08,1.65791928e-12,1.6899448500000001e-12,3.2025711e-14,2.3464320000000002e-20,2.3464320000000002e-20,0.0,1.65791925653568e-12,8.091144827586209e-13,8.091144827586209e-13,False,True,True,restored,,0.537186,0.9573093420378213,,1.41946|1.43298|1.43298|1.44296,1.48276|1.49581|1.49581|1.50585,1.999999999946489e-06,1.0000000000287557e-06,1.5024429885555636e-15,-2.6151220157190665e-20,1.65794134e-12,1.330565772603906e-05,2.34691e-20,0.0002036720624138577,1.6579413165309e-12,1.3305655031344966e-05,restored,restored,True,True
ff,27,checker,1010,5e-09,3.3999999999999993e-08,2.8999999999999995e-08,4.26712990308e-13,4.490352879e-13,2.23217958e-14,1.3260772e-20,1.3260772e-20,0.0,4.26712977047228e-13,4.572680000000001e-13,4.572680000000001e-13,False,True,True,restored,,0.07518399999999992,0.963696080282716,0.0429817,1.42893|0.0299085|1.44234|0.0429817,1.48276|1.49581|1.49581|1.50585,4.024250040241e-05,4.0242500426312e-05,7.581774242654313e-16,-1.3075610078595332e-20,4.26740527484e-13,6.452908553672285e-05,1.3264985e-20,0.0003176030730528615,4.26740514219015e-13,6.452907767006994e-05,restored,restored,True,True
ff,27,inv_checker,0101,5e-09,3.3999999999999993e-08,2.8999999999999995e-08,4.25375892463e-13,4.4792864e-13,2.25530978e-14,1.3257759e-20,1.3257759e-20,0.0,4.2537587920524103e-13,4.571641034482759e-13,4.571641034482759e-13,False,True,True,restored,,0.07518399999999992,0.9642534813913531,0.0299078,0.0169552|1.44234|0.0299078|1.45236,1.48276|1.49581|1.49581|1.50585,4.0263600390888e-05,4.0263600410553e-05,7.781385592923419e-16,-1.3075610078595332e-20,4.25406880142e-13,7.284244906819134e-05,1.3262475e-20,0.0003555897372097028,4.2540686687952503e-13,7.284244025326862e-05,restored,restored,True,True
ff,125,zero,0000,5e-09,3.3999999999999993e-08,2.8999999999999995e-08,1.14091768e-16,1.28344764e-14,1.2720374059999999e-14,1.285718e-17,1.285718e-17,0.0,1.01234588e-16,4.433510344827587e-10,4.433510344827587e-10,False,True,True,restored,,0.075847,,0.0425997,0.0264619|0.0391945|0.0391934|0.0425997,1.60617|1.61831|1.61831|1.62788,1.2258246790000001e-05,1.2258252945000002e-05,1.6911470383963339e-18,-4.0567441469858787e-35,8.357370000000001e-17,0.2674870285119957,1.28572e-17,1.5555486419656429e-06,7.071650000000001e-17,0.3014591021005587,restored,restored,False,True
ff,125,one,1111,5e-09,3.3999999999999993e-08,2.8999999999999995e-08,2.093674145e-12,2.12778297e-12,3.4109310000000004e-14,1.82676e-17,1.82676e-17,0.0,2.0936558774e-12,6.299172413793105e-10,6.299172413793105e-10,False,True,True,restored,,0.5104630000000001,0.9554032263085476,,1.53454|1.54719|1.54719|1.5567,1.60617|1.61831|1.61831|1.62788,0.0003189999999999582,0.0006249999999999867,1.9109891574592424e-15,-8.106164604567516e-18,2.093205035e-12,0.00022406065486368554,1.826761e-17,5.474169856528071e-07,2.0931867673900002e-12,0.00022406261461769455,restored,restored,True,True
ff,125,checker,1010,5e-09,3.3999999999999993e-08,2.8999999999999995e-08,5.52660211918e-13,5.761683881e-13,2.35074322e-14,1.556285e-17,1.556285e-17,0.0,5.52644649068e-13,5.3665e-10,5.3665e-10,False,True,True,restored,,0.07584999999999997,0.9625008560737656,0.0426039,1.54594|0.0300016|1.55846|0.0426039,1.60617|1.61831|1.61831|1.62788,0.003814190754276,0.003814190760315,9.664989746060157e-16,-4.053898535435799e-18,5.5246603514e-13,0.0003513492989229479,1.556287e-17,1.2851100087941458e-06,5.5245047227e-13,0.0003513592293484138,restored,restored,True,True
ff,125,inv_checker,0101,5e-09,3.3999999999999993e-08,2.8999999999999995e-08,5.5001681899e-13,5.7417254e-13,2.41559606e-14,1.556192e-17,1.556192e-17,0.0,5.5000125707e-13,5.366179310344829e-10,5.366179310344829e-10,False,True,True,restored,,0.07584999999999997,0.9630169744980875,0.0300005,0.0172829|1.55846|0.0300005|1.56802,1.60617|1.61831|1.61831|1.62788,0.003806450716598,0.003806450722342,9.868481621845968e-16,-4.052266069131715e-18,5.498196746169999e-13,0.000358433353660183,1.556193e-17,6.425938171731317e-07,5.49804112687e-13,0.0003584435134754246,restored,restored,True,True
sf,27,zero,0000,5e-09,3.3999999999999993e-08,2.8999999999999995e-08,6.545823700000001e-17,1.2631785730000001e-14,1.256632194e-14,3.062697e-21,3.062697e-21,0.0,6.5455174303e-17,1.0561024137931037e-13,1.0561024137931037e-13,True,True,True,UNRESOLVED,col3:restore;status differs at finer step,0.07441299999999995,,0.0505364,0.033719|0.0470406|0.04704|0.0505364,1.54355|1.55625|1.55625|1.5662,7.6119238242e-08,7.61192348e-08,2.4566713128142517e-18,1.4674870635473507e-41,5.2859092199999995e-17,0.19247607906091346,3.069215e-21,0.0021236700589564233,5.2856022985e-17,0.19248518474149948,FAILED,restored,False,True
sf,27,one,1111,5e-09,3.3999999999999993e-08,2.8999999999999995e-08,2.076459254e-12,2.10672347e-12,3.0263592e-14,4.4171269999999996e-20,4.4171269999999996e-20,0.0,2.0764592098287302e-12,1.5231472413793105e-12,1.5231472413793105e-12,False,True,True,restored,,0.534284,0.9582002526643129,,1.47903|1.49235|1.49235|1.50231,1.54355|1.55625|1.55625|1.5662,1.2000000000012001e-05,4.000000000004e-06,1.7127654594686979e-15,-6.97363933732626e-20,2.0762895410000003e-12,8.173191921434464e-05,4.417511e-20,8.692677845061273e-05,2.07628949682489e-12,8.173192280240129e-05,restored,restored,True,True
sf,27,checker,1010,5e-09,3.3999999999999993e-08,2.8999999999999995e-08,5.390580955909999e-13,5.604537462e-13,2.13957881e-14,2.361771e-20,2.361771e-20,0.0,5.390580719732899e-13,8.144037931034484e-13,8.144037931034484e-13,False,True,True,UNRESOLVED,col3:restore;status differs at finer step,0.07439999999999991,0.9653720320041463,0.0505371,1.4901|0.0371926|1.50326|0.0505371,1.54355|1.55625|1.55625|1.5662,8.7818700672375e-05,8.78187007422e-05,8.668897942864692e-16,-3.486819668663131e-20,5.390045755289999e-13,9.928440447843463e-05,2.36215e-20,0.0001604470503567675,5.390045519074999e-13,9.928441585909296e-05,FAILED,restored,False,True
sf,27,inv_checker,0101,5e-09,3.3999999999999993e-08,2.8999999999999995e-08,5.35908837659e-13,5.57683596e-13,2.17746817e-14,2.360811e-20,2.360811e-20,0.0,5.3590881405089e-13,8.140727586206898e-13,8.140727586206898e-13,False,True,True,restored,,0.07439999999999991,0.9659502008032129,0.037192,0.0238503|1.50326|0.037192|1.51326,1.54355|1.55625|1.55625|1.5662,8.814390071085399e-05,8.8143900737754e-05,8.873419247665354e-16,-3.486819668663131e-20,5.358594251926e-13,9.220311912736021e-05,2.361183e-20,0.00015754814429885718,5.3585940158077e-13,9.220313013059728e-05,restored,restored,True,True
sf,125,zero,0000,5e-09,3.3999999999999993e-08,2.8999999999999995e-08,1.1194046e-16,1.28166053e-14,1.2704666e-14,1.28572e-17,1.28572e-17,0.0,9.908325999999999e-17,4.433517241379311e-10,4.433517241379311e-10,False,True,True,restored,,0.07538,,0.0460867,0.0297613|0.0428514|0.0428505|0.0460867,1.6547|1.66674|1.66674|1.67635,1.953724599e-05,1.9537255568999997e-05,2.022527169585205e-18,-6.283715219312635e-35,9.044425999999999e-17,0.19203244296119562,1.28572e-17,0.0,7.758706e-17,0.21695087545565214,restored,restored,False,True
sf,125,one,1111,5e-09,3.3999999999999993e-08,2.8999999999999995e-08,2.46256673e-12,2.50553976e-12,4.2973251e-14,2.083672e-17,2.083672e-17,0.0,2.46254589328e-12,7.185075862068967e-10,7.185075862068967e-10,False,True,True,restored,,0.513125,0.9559799359400496,,1.58186|1.59439|1.59439|1.60389,1.6547|1.66674|1.66674|1.67635,0.0005560000000000009,0.0008839999999999959,2.08906648070489e-15,-1.2348290676025187e-17,2.46220232e-12,0.00014797974631940706,2.083672e-17,0.0,2.46218148328e-12,0.00014798099844329565,restored,restored,True,True
sf,125,checker,1010,5e-09,3.3999999999999993e-08,2.8999999999999995e-08,6.66937007582e-13,6.953879227e-13,2.84509805e-14,1.684767e-17,1.684767e-17,0.0,6.66920159912e-13,5.809541379310345e-10,5.809541379310345e-10,False,True,True,restored,,0.075384,0.9638121713905843,0.0460933,1.59482|0.0332405|1.60719|0.0460933,1.6547|1.66674|1.66674|1.67635,0.0060473507875689995,0.006047350797204,1.0585919462165497e-15,-6.1749606183374465e-18,6.66798500006e-13,0.00020767714855433352,1.684767e-17,0.0,6.66781652336e-13,0.00020768239487357185,restored,restored,True,True
sf,125,inv_checker,0101,5e-09,3.3999999999999993e-08,2.8999999999999995e-08,6.62499821527e-13,6.92357304e-13,2.9857417e-14,1.684623e-17,1.684623e-17,0.0,6.62482975297e-13,5.809044827586208e-10,5.809044827586208e-10,False,True,True,restored,,0.075384,0.9642715720508296,0.0332397,0.0201655|1.60719|0.0332397|1.61677,1.6547|1.66674|1.66674|1.67635,0.006035770750246,0.006035770759417,1.0794056598694066e-15,-6.173330057687739e-18,6.62363228166e-13,0.00020617871365624633,1.684623e-17,0.0,6.62346381936e-13,0.0002061839565593259,restored,restored,True,True
fs,27,zero,0000,5e-09,3.3999999999999993e-08,2.8999999999999995e-08,1.0784609e-16,1.319026194e-14,1.30824262e-14,3.062727e-21,3.062727e-21,0.0,1.07843027273e-16,1.0561127586206898e-13,1.0561127586206898e-13,True,True,True,restored,,0.08044299999999993,,0.014155,-0.00148733|0.0100438|0.010042|0.014155,1.21634|1.2293|1.2293|1.23863,7.0682465e-10,7.068024190000001e-10,1.2237105740245396e-19,1.1491393381994428e-41,9.51467076e-17,0.11775468540398636,3.0694229999999997e-21,0.002181517503452531,9.514363817700001e-17,0.11775809171094605,restored,restored,False,True
fs,27,one,1111,5e-09,3.3999999999999993e-08,2.8999999999999995e-08,2.14504168e-13,2.4946159e-13,3.4957254e-14,3.336098e-21,3.336098e-21,0.0,2.14504164663902e-13,1.1503786206896555e-13,1.1503786206896555e-13,True,True,True,restored,,0.22791700000000004,0.9579393919463309,,1.16518|1.17805|1.17805|1.18739,1.21634|1.2293|1.2293|1.23863,1.999999999946489e-06,1.999999999946489e-06,6.971215044544402e-16,0.0,2.14504784e-13,2.871730823448995e-06,3.3400060000000002e-21,0.0011700577783393313,2.14504780659994e-13,2.8717126494358446e-06,restored,restored,True,True
fs,27,checker,1010,5e-09,3.3999999999999993e-08,2.8999999999999995e-08,5.2585902319e-14,7.654970980000001e-14,2.39638038e-14,3.195311e-21,3.195311e-21,0.0,5.2585899123689004e-14,1.101831379310345e-13,1.101831379310345e-13,True,True,True,restored,,0.08042399999999994,0.9615896870940692,0.0141558,1.16962|0.00326371|1.18247|0.0141558,1.21634|1.2293|1.2293|1.23863,1.0000000000287557e-06,1.0000000000287557e-06,3.4700734091946174e-16,1.2703993146084878e-41,5.2589651387e-14,7.128908256894065e-05,3.19935e-21,0.0012624439339240137,5.2589648187650004e-14,7.128901010371612e-05,restored,restored,True,True
fs,27,inv_checker,0101,5e-09,3.3999999999999993e-08,2.8999999999999995e-08,5.254454715e-14,7.683907200000001e-14,2.4294601e-14,3.195566e-21,3.195566e-21,0.0,5.2544543954434e-14,1.1019193103448278e-13,1.1019193103448278e-13,True,True,True,restored,,0.08042399999999994,0.9619051492719433,0.00326189,-0.00828217|1.18247|0.00326189|1.19169,1.21634|1.2293|1.2293|1.23863,1.0000000000287557e-06,1.0000000000287557e-06,3.6274118980351643e-16,3.687591612309261e-43,5.254974098e-14,9.88364529137682e-05,3.1994030000000002e-21,0.0011992862418395585,5.2549737780597e-14,9.88363859147114e-05,restored,restored,True,True
fs,125,zero,0000,5e-09,3.3999999999999993e-08,2.8999999999999995e-08,1.20989112e-16,1.301241249e-14,1.289142371e-14,1.28572e-17,1.28572e-17,0.0,1.08131912e-16,4.433517241379311e-10,4.433517241379311e-10,False,True,True,restored,,0.080685,,0.0111045,-0.00414289|0.00724291|0.00724108|0.0111045,1.34781|1.36047|1.36047|1.36988,4.787708582e-06,4.787711299e-06,7.426684430024054e-20,-1.567212051302286e-35,1.08481482e-16,0.1033781452995539,1.28572e-17,0.0,9.5624282e-17,0.11567010856147629,restored,restored,False,True
fs,125,one,1111,5e-09,3.3999999999999993e-08,2.8999999999999995e-08,4.58187159e-13,4.9183879e-13,3.3651742e-14,1.411218e-17,1.411218e-17,0.0,4.5817304682e-13,4.866268965517242e-10,4.866268965517242e-10,False,True,True,restored,,0.550651,0.9540291287347623,,1.28585|1.29865|1.29865|1.30798,1.34781|1.36047|1.36047|1.36988,4.000000000004e-06,0.00024000000000001798,1.0570682004243087e-15,-2.0949961571225538e-18,4.58192415e-13,1.1471163266665945e-05,1.411218e-17,0.0,4.5817830282e-13,1.1471516585711898e-05,restored,restored,True,True
fs,125,checker,1010,5e-09,3.3999999999999993e-08,2.8999999999999995e-08,1.1020595952e-13,1.333675973e-13,2.31614967e-14,1.3484800000000001e-17,1.3484800000000001e-17,0.0,1.1019247472e-13,4.6499310344827596e-10,4.6499310344827596e-10,False,True,True,restored,,0.08066799999999996,0.9586737002990037,0.0111062,1.29211|0.000672133|1.30487|0.0111062,1.34781|1.36047|1.36047|1.36988,0.000423265602217,0.00042326560494699997,5.296620909887701e-16,-1.047498078561277e-18,1.10203019371e-13,2.6678675207800452e-05,1.348481e-17,7.415751500940934e-07,1.10189534561e-13,2.6682030760029523e-05,restored,restored,True,True
fs,125,inv_checker,0101,5e-09,3.3999999999999993e-08,2.8999999999999995e-08,1.0989029441999999e-13,1.333753896e-13,2.34844407e-14,1.348459e-17,1.348459e-17,0.0,1.0987680983e-13,4.649858620689656e-10,4.649858620689656e-10,False,True,True,restored,,0.08066799999999996,0.9591317706380882,0.000670315,-0.0107704|1.30487|0.000670315|1.31417,1.34781|1.36047|1.36047|1.36988,0.000411653566629,0.000411653569217,5.470615916511982e-16,-1.047498078561277e-18,1.09892027224e-13,1.576824127992379e-05,1.34846e-17,7.415866988817118e-07,1.09878542624e-13,1.577008539267586e-05,restored,restored,True,True
