basis,process,temp_c,pattern,interval_label,interval_s,n_rows_ASSUMPTION,row_width_cols,n_cells,e_row_incr_J,t_row_refresh_op_s,p_refresh_W,p_idle_W,p_total_W,duty_factor,schedule_feasible,notes
envelope_grid_max,grid,,,ratified_assumed_csn,5.029945e-06,4,4,16,2.46254589328e-12,2.7e-08,1.958308405582964e-06,7.185075862068967e-10,1.959026913169171e-06,0.021471407739050825,True,E from sf/125C/one; idle from sf/125C/one (envelope; may be different points); LINEAR SCALING ASSUMPTION (height-dependent bitline loading ignored); not macro power
envelope_grid_max,grid,,,ratified_assumed_csn,5.029945e-06,8,4,32,2.46254589328e-12,2.7e-08,3.916616811165928e-06,1.4370151724137933e-09,3.918053826338342e-06,0.04294281547810165,True,E from sf/125C/one; idle from sf/125C/one (envelope; may be different points); LINEAR SCALING ASSUMPTION (height-dependent bitline loading ignored); not macro power
envelope_grid_max,grid,,,ratified_assumed_csn,5.029945e-06,16,4,64,2.46254589328e-12,2.7e-08,7.833233622331856e-06,2.8740303448275866e-09,7.836107652676684e-06,0.0858856309562033,True,E from sf/125C/one; idle from sf/125C/one (envelope; may be different points); LINEAR SCALING ASSUMPTION (height-dependent bitline loading ignored); not macro power
envelope_grid_max,grid,,,ratified_assumed_csn,5.029945e-06,32,4,128,2.46254589328e-12,2.7e-08,1.566646724466371e-05,5.748060689655173e-09,1.5672215305353368e-05,0.1717712619124066,True,E from sf/125C/one; idle from sf/125C/one (envelope; may be different points); LINEAR SCALING ASSUMPTION (height-dependent bitline loading ignored); not macro power
envelope_grid_max,grid,,,ratified_assumed_csn,5.029945e-06,64,4,256,2.46254589328e-12,2.7e-08,3.133293448932742e-05,1.1496121379310347e-08,3.1344430610706736e-05,0.3435425238248132,True,E from sf/125C/one; idle from sf/125C/one (envelope; may be different points); LINEAR SCALING ASSUMPTION (height-dependent bitline loading ignored); not macro power
envelope_grid_max,grid,,,ratified_assumed_csn,5.029945e-06,128,4,512,2.46254589328e-12,2.7e-08,6.266586897865485e-05,2.2992242758620693e-08,6.268886122141347e-05,0.6870850476496264,True,E from sf/125C/one; idle from sf/125C/one (envelope; may be different points); LINEAR SCALING ASSUMPTION (height-dependent bitline loading ignored); not macro power
envelope_grid_max,grid,,,ratified_assumed_csn,5.029945e-06,256,4,1024,2.46254589328e-12,2.7e-08,0.0001253317379573097,4.5984485517241386e-08,0.00012537772244282695,1.3741700952992528,False,INFEASIBLE: refresh operations would overlap (duty >= 1); not a feasible schedule. E from sf/125C/one; idle from sf/125C/one (envelope; may be different points); LINEAR SCALING ASSUMPTION (height-dependent bitline loading ignored); not macro power
envelope_grid_max,grid,,,ratified_assumed_csn,5.029945e-06,512,4,2048,2.46254589328e-12,2.7e-08,0.0002506634759146194,9.196897103448277e-08,0.0002507554448856539,2.7483401905985057,False,INFEASIBLE: refresh operations would overlap (duty >= 1); not a feasible schedule. E from sf/125C/one; idle from sf/125C/one (envelope; may be different points); LINEAR SCALING ASSUMPTION (height-dependent bitline loading ignored); not macro power
envelope_grid_max,grid,,,ratified_assumed_csn,5.029945e-06,1024,4,4096,2.46254589328e-12,2.7e-08,0.0005013269518292388,1.8393794206896555e-07,0.0005015108897713078,5.496680381197011,False,INFEASIBLE: refresh operations would overlap (duty >= 1); not a feasible schedule. E from sf/125C/one; idle from sf/125C/one (envelope; may be different points); LINEAR SCALING ASSUMPTION (height-dependent bitline loading ignored); not macro power
envelope_grid_max,grid,,,extracted_csn_unratified,2.7519205e-06,4,4,16,2.46254589328e-12,2.7e-08,3.57938522319958e-06,7.185075862068967e-10,3.580103730785787e-06,0.039245319768503484,True,E from sf/125C/one; idle from sf/125C/one (envelope; may be different points); LINEAR SCALING ASSUMPTION (height-dependent bitline loading ignored); not macro power
envelope_grid_max,grid,,,extracted_csn_unratified,2.7519205e-06,8,4,32,2.46254589328e-12,2.7e-08,7.15877044639916e-06,1.4370151724137933e-09,7.160207461571574e-06,0.07849063953700697,True,E from sf/125C/one; idle from sf/125C/one (envelope; may be different points); LINEAR SCALING ASSUMPTION (height-dependent bitline loading ignored); not macro power
envelope_grid_max,grid,,,extracted_csn_unratified,2.7519205e-06,16,4,64,2.46254589328e-12,2.7e-08,1.431754089279832e-05,2.8740303448275866e-09,1.4320414923143148e-05,0.15698127907401394,True,E from sf/125C/one; idle from sf/125C/one (envelope; may be different points); LINEAR SCALING ASSUMPTION (height-dependent bitline loading ignored); not macro power
envelope_grid_max,grid,,,extracted_csn_unratified,2.7519205e-06,32,4,128,2.46254589328e-12,2.7e-08,2.863508178559664e-05,5.748060689655173e-09,2.8640829846286296e-05,0.31396255814802787,True,E from sf/125C/one; idle from sf/125C/one (envelope; may be different points); LINEAR SCALING ASSUMPTION (height-dependent bitline loading ignored); not macro power
envelope_grid_max,grid,,,extracted_csn_unratified,2.7519205e-06,64,4,256,2.46254589328e-12,2.7e-08,5.727016357119328e-05,1.1496121379310347e-08,5.728165969257259e-05,0.6279251162960557,True,E from sf/125C/one; idle from sf/125C/one (envelope; may be different points); LINEAR SCALING ASSUMPTION (height-dependent bitline loading ignored); not macro power
envelope_grid_max,grid,,,extracted_csn_unratified,2.7519205e-06,128,4,512,2.46254589328e-12,2.7e-08,0.00011454032714238656,2.2992242758620693e-08,0.00011456331938514518,1.2558502325921115,False,INFEASIBLE: refresh operations would overlap (duty >= 1); not a feasible schedule. E from sf/125C/one; idle from sf/125C/one (envelope; may be different points); LINEAR SCALING ASSUMPTION (height-dependent bitline loading ignored); not macro power
envelope_grid_max,grid,,,extracted_csn_unratified,2.7519205e-06,256,4,1024,2.46254589328e-12,2.7e-08,0.0002290806542847731,4.5984485517241386e-08,0.00022912663877029037,2.511700465184223,False,INFEASIBLE: refresh operations would overlap (duty >= 1); not a feasible schedule. E from sf/125C/one; idle from sf/125C/one (envelope; may be different points); LINEAR SCALING ASSUMPTION (height-dependent bitline loading ignored); not macro power
envelope_grid_max,grid,,,extracted_csn_unratified,2.7519205e-06,512,4,2048,2.46254589328e-12,2.7e-08,0.0004581613085695462,9.196897103448277e-08,0.00045825327754058073,5.023400930368446,False,INFEASIBLE: refresh operations would overlap (duty >= 1); not a feasible schedule. E from sf/125C/one; idle from sf/125C/one (envelope; may be different points); LINEAR SCALING ASSUMPTION (height-dependent bitline loading ignored); not macro power
envelope_grid_max,grid,,,extracted_csn_unratified,2.7519205e-06,1024,4,4096,2.46254589328e-12,2.7e-08,0.0009163226171390924,1.8393794206896555e-07,0.0009165065550811615,10.046801860736892,False,INFEASIBLE: refresh operations would overlap (duty >= 1); not a feasible schedule. E from sf/125C/one; idle from sf/125C/one (envelope; may be different points); LINEAR SCALING ASSUMPTION (height-dependent bitline loading ignored); not macro power
corner_worst_pattern,tt,27,one,ratified_assumed_csn,5.029945e-06,4,4,16,8.61097875045002e-13,2.7e-08,6.847771695674621e-07,1.7086200000000003e-13,6.847773404294621e-07,0.021471407739050825,True,idle pattern one; LINEAR SCALING ASSUMPTION (height-dependent bitline loading ignored); not macro power
corner_worst_pattern,tt,27,one,ratified_assumed_csn,5.029945e-06,8,4,32,8.61097875045002e-13,2.7e-08,1.3695543391349241e-06,3.4172400000000007e-13,1.3695546808589241e-06,0.04294281547810165,True,idle pattern one; LINEAR SCALING ASSUMPTION (height-dependent bitline loading ignored); not macro power
corner_worst_pattern,tt,27,one,ratified_assumed_csn,5.029945e-06,16,4,64,8.61097875045002e-13,2.7e-08,2.7391086782698483e-06,6.834480000000001e-13,2.7391093617178483e-06,0.0858856309562033,True,idle pattern one; LINEAR SCALING ASSUMPTION (height-dependent bitline loading ignored); not macro power
corner_worst_pattern,tt,27,one,ratified_assumed_csn,5.029945e-06,32,4,128,8.61097875045002e-13,2.7e-08,5.4782173565396966e-06,1.3668960000000003e-12,5.4782187234356966e-06,0.1717712619124066,True,idle pattern one; LINEAR SCALING ASSUMPTION (height-dependent bitline loading ignored); not macro power
corner_worst_pattern,tt,27,one,ratified_assumed_csn,5.029945e-06,64,4,256,8.61097875045002e-13,2.7e-08,1.0956434713079393e-05,2.7337920000000006e-12,1.0956437446871393e-05,0.3435425238248132,True,idle pattern one; LINEAR SCALING ASSUMPTION (height-dependent bitline loading ignored); not macro power
corner_worst_pattern,tt,27,one,ratified_assumed_csn,5.029945e-06,128,4,512,8.61097875045002e-13,2.7e-08,2.1912869426158786e-05,5.467584000000001e-12,2.1912874893742786e-05,0.6870850476496264,True,idle pattern one; LINEAR SCALING ASSUMPTION (height-dependent bitline loading ignored); not macro power
corner_worst_pattern,tt,27,one,ratified_assumed_csn,5.029945e-06,256,4,1024,8.61097875045002e-13,2.7e-08,4.382573885231757e-05,1.0935168000000002e-11,4.382574978748557e-05,1.3741700952992528,False,INFEASIBLE: refresh operations would overlap (duty >= 1); not a feasible schedule. idle pattern one; LINEAR SCALING ASSUMPTION (height-dependent bitline loading ignored); not macro power
corner_worst_pattern,tt,27,one,ratified_assumed_csn,5.029945e-06,512,4,2048,8.61097875045002e-13,2.7e-08,8.765147770463514e-05,2.1870336000000004e-11,8.765149957497114e-05,2.7483401905985057,False,INFEASIBLE: refresh operations would overlap (duty >= 1); not a feasible schedule. idle pattern one; LINEAR SCALING ASSUMPTION (height-dependent bitline loading ignored); not macro power
corner_worst_pattern,tt,27,one,ratified_assumed_csn,5.029945e-06,1024,4,4096,8.61097875045002e-13,2.7e-08,0.0001753029554092703,4.374067200000001e-11,0.0001753029991499423,5.496680381197011,False,INFEASIBLE: refresh operations would overlap (duty >= 1); not a feasible schedule. idle pattern one; LINEAR SCALING ASSUMPTION (height-dependent bitline loading ignored); not macro power
corner_worst_pattern,tt,27,one,extracted_csn_unratified,2.7519205e-06,4,4,16,8.61097875045002e-13,2.7e-08,1.2516319058562948e-06,1.7086200000000003e-13,1.2516320767182948e-06,0.039245319768503484,True,idle pattern one; LINEAR SCALING ASSUMPTION (height-dependent bitline loading ignored); not macro power
corner_worst_pattern,tt,27,one,extracted_csn_unratified,2.7519205e-06,8,4,32,8.61097875045002e-13,2.7e-08,2.5032638117125897e-06,3.4172400000000007e-13,2.5032641534365897e-06,0.07849063953700697,True,idle pattern one; LINEAR SCALING ASSUMPTION (height-dependent bitline loading ignored); not macro power
corner_worst_pattern,tt,27,one,extracted_csn_unratified,2.7519205e-06,16,4,64,8.61097875045002e-13,2.7e-08,5.006527623425179e-06,6.834480000000001e-13,5.006528306873179e-06,0.15698127907401394,True,idle pattern one; LINEAR SCALING ASSUMPTION (height-dependent bitline loading ignored); not macro power
corner_worst_pattern,tt,27,one,extracted_csn_unratified,2.7519205e-06,32,4,128,8.61097875045002e-13,2.7e-08,1.0013055246850359e-05,1.3668960000000003e-12,1.0013056613746359e-05,0.31396255814802787,True,idle pattern one; LINEAR SCALING ASSUMPTION (height-dependent bitline loading ignored); not macro power
corner_worst_pattern,tt,27,one,extracted_csn_unratified,2.7519205e-06,64,4,256,8.61097875045002e-13,2.7e-08,2.0026110493700718e-05,2.7337920000000006e-12,2.0026113227492718e-05,0.6279251162960557,True,idle pattern one; LINEAR SCALING ASSUMPTION (height-dependent bitline loading ignored); not macro power
corner_worst_pattern,tt,27,one,extracted_csn_unratified,2.7519205e-06,128,4,512,8.61097875045002e-13,2.7e-08,4.0052220987401435e-05,5.467584000000001e-12,4.0052226454985435e-05,1.2558502325921115,False,INFEASIBLE: refresh operations would overlap (duty >= 1); not a feasible schedule. idle pattern one; LINEAR SCALING ASSUMPTION (height-dependent bitline loading ignored); not macro power
corner_worst_pattern,tt,27,one,extracted_csn_unratified,2.7519205e-06,256,4,1024,8.61097875045002e-13,2.7e-08,8.010444197480287e-05,1.0935168000000002e-11,8.010445290997087e-05,2.511700465184223,False,INFEASIBLE: refresh operations would overlap (duty >= 1); not a feasible schedule. idle pattern one; LINEAR SCALING ASSUMPTION (height-dependent bitline loading ignored); not macro power
corner_worst_pattern,tt,27,one,extracted_csn_unratified,2.7519205e-06,512,4,2048,8.61097875045002e-13,2.7e-08,0.00016020888394960574,2.1870336000000004e-11,0.00016020890581994174,5.023400930368446,False,INFEASIBLE: refresh operations would overlap (duty >= 1); not a feasible schedule. idle pattern one; LINEAR SCALING ASSUMPTION (height-dependent bitline loading ignored); not macro power
corner_worst_pattern,tt,27,one,extracted_csn_unratified,2.7519205e-06,1024,4,4096,8.61097875045002e-13,2.7e-08,0.0003204177678992115,4.374067200000001e-11,0.0003204178116398835,10.046801860736892,False,INFEASIBLE: refresh operations would overlap (duty >= 1); not a feasible schedule. idle pattern one; LINEAR SCALING ASSUMPTION (height-dependent bitline loading ignored); not macro power
corner_worst_pattern,tt,125,one,ratified_assumed_csn,5.029945e-06,4,4,16,1.2145653457e-12,2.7e-08,9.658676949350342e-07,5.073896551724139e-10,9.663750845902066e-07,0.021471407739050825,True,idle pattern one; LINEAR SCALING ASSUMPTION (height-dependent bitline loading ignored); not macro power
corner_worst_pattern,tt,125,one,ratified_assumed_csn,5.029945e-06,8,4,32,1.2145653457e-12,2.7e-08,1.9317353898700684e-06,1.0147793103448277e-09,1.9327501691804133e-06,0.04294281547810165,True,idle pattern one; LINEAR SCALING ASSUMPTION (height-dependent bitline loading ignored); not macro power
corner_worst_pattern,tt,125,one,ratified_assumed_csn,5.029945e-06,16,4,64,1.2145653457e-12,2.7e-08,3.863470779740137e-06,2.0295586206896555e-09,3.8655003383608266e-06,0.0858856309562033,True,idle pattern one; LINEAR SCALING ASSUMPTION (height-dependent bitline loading ignored); not macro power
corner_worst_pattern,tt,125,one,ratified_assumed_csn,5.029945e-06,32,4,128,1.2145653457e-12,2.7e-08,7.726941559480274e-06,4.059117241379311e-09,7.731000676721653e-06,0.1717712619124066,True,idle pattern one; LINEAR SCALING ASSUMPTION (height-dependent bitline loading ignored); not macro power
corner_worst_pattern,tt,125,one,ratified_assumed_csn,5.029945e-06,64,4,256,1.2145653457e-12,2.7e-08,1.5453883118960548e-05,8.118234482758622e-09,1.5462001353443306e-05,0.3435425238248132,True,idle pattern one; LINEAR SCALING ASSUMPTION (height-dependent bitline loading ignored); not macro power
corner_worst_pattern,tt,125,one,ratified_assumed_csn,5.029945e-06,128,4,512,1.2145653457e-12,2.7e-08,3.0907766237921095e-05,1.6236468965517244e-08,3.092400270688661e-05,0.6870850476496264,True,idle pattern one; LINEAR SCALING ASSUMPTION (height-dependent bitline loading ignored); not macro power
corner_worst_pattern,tt,125,one,ratified_assumed_csn,5.029945e-06,256,4,1024,1.2145653457e-12,2.7e-08,6.181553247584219e-05,3.247293793103449e-08,6.184800541377322e-05,1.3741700952992528,False,INFEASIBLE: refresh operations would overlap (duty >= 1); not a feasible schedule. idle pattern one; LINEAR SCALING ASSUMPTION (height-dependent bitline loading ignored); not macro power
corner_worst_pattern,tt,125,one,ratified_assumed_csn,5.029945e-06,512,4,2048,1.2145653457e-12,2.7e-08,0.00012363106495168438,6.494587586206897e-08,0.00012369601082754645,2.7483401905985057,False,INFEASIBLE: refresh operations would overlap (duty >= 1); not a feasible schedule. idle pattern one; LINEAR SCALING ASSUMPTION (height-dependent bitline loading ignored); not macro power
corner_worst_pattern,tt,125,one,ratified_assumed_csn,5.029945e-06,1024,4,4096,1.2145653457e-12,2.7e-08,0.00024726212990336876,1.2989175172413795e-07,0.0002473920216550929,5.496680381197011,False,INFEASIBLE: refresh operations would overlap (duty >= 1); not a feasible schedule. idle pattern one; LINEAR SCALING ASSUMPTION (height-dependent bitline loading ignored); not macro power
corner_worst_pattern,tt,125,one,extracted_csn_unratified,2.7519205e-06,4,4,16,1.2145653457e-12,2.7e-08,1.7654076063607214e-06,5.073896551724139e-10,1.7659149960158938e-06,0.039245319768503484,True,idle pattern one; LINEAR SCALING ASSUMPTION (height-dependent bitline loading ignored); not macro power
corner_worst_pattern,tt,125,one,extracted_csn_unratified,2.7519205e-06,8,4,32,1.2145653457e-12,2.7e-08,3.530815212721443e-06,1.0147793103448277e-09,3.5318299920317876e-06,0.07849063953700697,True,idle pattern one; LINEAR SCALING ASSUMPTION (height-dependent bitline loading ignored); not macro power
corner_worst_pattern,tt,125,one,extracted_csn_unratified,2.7519205e-06,16,4,64,1.2145653457e-12,2.7e-08,7.061630425442886e-06,2.0295586206896555e-09,7.063659984063575e-06,0.15698127907401394,True,idle pattern one; LINEAR SCALING ASSUMPTION (height-dependent bitline loading ignored); not macro power
corner_worst_pattern,tt,125,one,extracted_csn_unratified,2.7519205e-06,32,4,128,1.2145653457e-12,2.7e-08,1.4123260850885771e-05,4.059117241379311e-09,1.412731996812715e-05,0.31396255814802787,True,idle pattern one; LINEAR SCALING ASSUMPTION (height-dependent bitline loading ignored); not macro power
corner_worst_pattern,tt,125,one,extracted_csn_unratified,2.7519205e-06,64,4,256,1.2145653457e-12,2.7e-08,2.8246521701771542e-05,8.118234482758622e-09,2.82546399362543e-05,0.6279251162960557,True,idle pattern one; LINEAR SCALING ASSUMPTION (height-dependent bitline loading ignored); not macro power
corner_worst_pattern,tt,125,one,extracted_csn_unratified,2.7519205e-06,128,4,512,1.2145653457e-12,2.7e-08,5.6493043403543085e-05,1.6236468965517244e-08,5.65092798725086e-05,1.2558502325921115,False,INFEASIBLE: refresh operations would overlap (duty >= 1); not a feasible schedule. idle pattern one; LINEAR SCALING ASSUMPTION (height-dependent bitline loading ignored); not macro power
corner_worst_pattern,tt,125,one,extracted_csn_unratified,2.7519205e-06,256,4,1024,1.2145653457e-12,2.7e-08,0.00011298608680708617,3.247293793103449e-08,0.0001130185597450172,2.511700465184223,False,INFEASIBLE: refresh operations would overlap (duty >= 1); not a feasible schedule. idle pattern one; LINEAR SCALING ASSUMPTION (height-dependent bitline loading ignored); not macro power
corner_worst_pattern,tt,125,one,extracted_csn_unratified,2.7519205e-06,512,4,2048,1.2145653457e-12,2.7e-08,0.00022597217361417234,6.494587586206897e-08,0.0002260371194900344,5.023400930368446,False,INFEASIBLE: refresh operations would overlap (duty >= 1); not a feasible schedule. idle pattern one; LINEAR SCALING ASSUMPTION (height-dependent bitline loading ignored); not macro power
corner_worst_pattern,tt,125,one,extracted_csn_unratified,2.7519205e-06,1024,4,4096,1.2145653457e-12,2.7e-08,0.0004519443472283447,1.2989175172413795e-07,0.0004520742389800688,10.046801860736892,False,INFEASIBLE: refresh operations would overlap (duty >= 1); not a feasible schedule. idle pattern one; LINEAR SCALING ASSUMPTION (height-dependent bitline loading ignored); not macro power
corner_worst_pattern,ss,27,one,ratified_assumed_csn,5.029945e-06,4,4,16,3.59650705718986e-13,2.7e-08,2.8600766467147134e-07,1.1313841379310347e-13,2.8600777780988514e-07,0.021471407739050825,True,idle pattern one; LINEAR SCALING ASSUMPTION (height-dependent bitline loading ignored); not macro power
corner_worst_pattern,ss,27,one,ratified_assumed_csn,5.029945e-06,8,4,32,3.59650705718986e-13,2.7e-08,5.720153293429427e-07,2.2627682758620695e-13,5.720155556197703e-07,0.04294281547810165,True,idle pattern one; LINEAR SCALING ASSUMPTION (height-dependent bitline loading ignored); not macro power
corner_worst_pattern,ss,27,one,ratified_assumed_csn,5.029945e-06,16,4,64,3.59650705718986e-13,2.7e-08,1.1440306586858854e-06,4.525536551724139e-13,1.1440311112395406e-06,0.0858856309562033,True,idle pattern one; LINEAR SCALING ASSUMPTION (height-dependent bitline loading ignored); not macro power
corner_worst_pattern,ss,27,one,ratified_assumed_csn,5.029945e-06,32,4,128,3.59650705718986e-13,2.7e-08,2.2880613173717707e-06,9.051073103448278e-13,2.288062222479081e-06,0.1717712619124066,True,idle pattern one; LINEAR SCALING ASSUMPTION (height-dependent bitline loading ignored); not macro power
corner_worst_pattern,ss,27,one,ratified_assumed_csn,5.029945e-06,64,4,256,3.59650705718986e-13,2.7e-08,4.5761226347435415e-06,1.8102146206896556e-12,4.576124444958162e-06,0.3435425238248132,True,idle pattern one; LINEAR SCALING ASSUMPTION (height-dependent bitline loading ignored); not macro power
corner_worst_pattern,ss,27,one,ratified_assumed_csn,5.029945e-06,128,4,512,3.59650705718986e-13,2.7e-08,9.152245269487083e-06,3.620429241379311e-12,9.152248889916324e-06,0.6870850476496264,True,idle pattern one; LINEAR SCALING ASSUMPTION (height-dependent bitline loading ignored); not macro power
corner_worst_pattern,ss,27,one,ratified_assumed_csn,5.029945e-06,256,4,1024,3.59650705718986e-13,2.7e-08,1.8304490538974166e-05,7.240858482758622e-12,1.830449777983265e-05,1.3741700952992528,False,INFEASIBLE: refresh operations would overlap (duty >= 1); not a feasible schedule. idle pattern one; LINEAR SCALING ASSUMPTION (height-dependent bitline loading ignored); not macro power
corner_worst_pattern,ss,27,one,ratified_assumed_csn,5.029945e-06,512,4,2048,3.59650705718986e-13,2.7e-08,3.660898107794833e-05,1.4481716965517245e-11,3.66089955596653e-05,2.7483401905985057,False,INFEASIBLE: refresh operations would overlap (duty >= 1); not a feasible schedule. idle pattern one; LINEAR SCALING ASSUMPTION (height-dependent bitline loading ignored); not macro power
corner_worst_pattern,ss,27,one,ratified_assumed_csn,5.029945e-06,1024,4,4096,3.59650705718986e-13,2.7e-08,7.321796215589666e-05,2.896343393103449e-11,7.32179911193306e-05,5.496680381197011,False,INFEASIBLE: refresh operations would overlap (duty >= 1); not a feasible schedule. idle pattern one; LINEAR SCALING ASSUMPTION (height-dependent bitline loading ignored); not macro power
corner_worst_pattern,ss,27,one,extracted_csn_unratified,2.7519205e-06,4,4,16,3.59650705718986e-13,2.7e-08,5.227632204040575e-07,1.1313841379310347e-13,5.227633335424712e-07,0.039245319768503484,True,idle pattern one; LINEAR SCALING ASSUMPTION (height-dependent bitline loading ignored); not macro power
corner_worst_pattern,ss,27,one,extracted_csn_unratified,2.7519205e-06,8,4,32,3.59650705718986e-13,2.7e-08,1.045526440808115e-06,2.2627682758620695e-13,1.0455266670849424e-06,0.07849063953700697,True,idle pattern one; LINEAR SCALING ASSUMPTION (height-dependent bitline loading ignored); not macro power
corner_worst_pattern,ss,27,one,extracted_csn_unratified,2.7519205e-06,16,4,64,3.59650705718986e-13,2.7e-08,2.09105288161623e-06,4.525536551724139e-13,2.091053334169885e-06,0.15698127907401394,True,idle pattern one; LINEAR SCALING ASSUMPTION (height-dependent bitline loading ignored); not macro power
corner_worst_pattern,ss,27,one,extracted_csn_unratified,2.7519205e-06,32,4,128,3.59650705718986e-13,2.7e-08,4.18210576323246e-06,9.051073103448278e-13,4.18210666833977e-06,0.31396255814802787,True,idle pattern one; LINEAR SCALING ASSUMPTION (height-dependent bitline loading ignored); not macro power
corner_worst_pattern,ss,27,one,extracted_csn_unratified,2.7519205e-06,64,4,256,3.59650705718986e-13,2.7e-08,8.36421152646492e-06,1.8102146206896556e-12,8.36421333667954e-06,0.6279251162960557,True,idle pattern one; LINEAR SCALING ASSUMPTION (height-dependent bitline loading ignored); not macro power
corner_worst_pattern,ss,27,one,extracted_csn_unratified,2.7519205e-06,128,4,512,3.59650705718986e-13,2.7e-08,1.672842305292984e-05,3.620429241379311e-12,1.672842667335908e-05,1.2558502325921115,False,INFEASIBLE: refresh operations would overlap (duty >= 1); not a feasible schedule. idle pattern one; LINEAR SCALING ASSUMPTION (height-dependent bitline loading ignored); not macro power
corner_worst_pattern,ss,27,one,extracted_csn_unratified,2.7519205e-06,256,4,1024,3.59650705718986e-13,2.7e-08,3.345684610585968e-05,7.240858482758622e-12,3.345685334671816e-05,2.511700465184223,False,INFEASIBLE: refresh operations would overlap (duty >= 1); not a feasible schedule. idle pattern one; LINEAR SCALING ASSUMPTION (height-dependent bitline loading ignored); not macro power
corner_worst_pattern,ss,27,one,extracted_csn_unratified,2.7519205e-06,512,4,2048,3.59650705718986e-13,2.7e-08,6.691369221171936e-05,1.4481716965517245e-11,6.691370669343631e-05,5.023400930368446,False,INFEASIBLE: refresh operations would overlap (duty >= 1); not a feasible schedule. idle pattern one; LINEAR SCALING ASSUMPTION (height-dependent bitline loading ignored); not macro power
corner_worst_pattern,ss,27,one,extracted_csn_unratified,2.7519205e-06,1024,4,4096,3.59650705718986e-13,2.7e-08,0.0001338273844234387,2.896343393103449e-11,0.00013382741338687263,10.046801860736892,False,INFEASIBLE: refresh operations would overlap (duty >= 1); not a feasible schedule. idle pattern one; LINEAR SCALING ASSUMPTION (height-dependent bitline loading ignored); not macro power
corner_worst_pattern,ss,125,one,ratified_assumed_csn,5.029945e-06,4,4,16,6.240863435300001e-13,2.7e-08,4.96296753566888e-07,4.853955172413794e-10,4.967821490841294e-07,0.021471407739050825,True,idle pattern one; LINEAR SCALING ASSUMPTION (height-dependent bitline loading ignored); not macro power
corner_worst_pattern,ss,125,one,ratified_assumed_csn,5.029945e-06,8,4,32,6.240863435300001e-13,2.7e-08,9.92593507133776e-07,9.707910344827589e-10,9.935642981682588e-07,0.04294281547810165,True,idle pattern one; LINEAR SCALING ASSUMPTION (height-dependent bitline loading ignored); not macro power
corner_worst_pattern,ss,125,one,ratified_assumed_csn,5.029945e-06,16,4,64,6.240863435300001e-13,2.7e-08,1.985187014267552e-06,1.9415820689655177e-09,1.9871285963365177e-06,0.0858856309562033,True,idle pattern one; LINEAR SCALING ASSUMPTION (height-dependent bitline loading ignored); not macro power
corner_worst_pattern,ss,125,one,ratified_assumed_csn,5.029945e-06,32,4,128,6.240863435300001e-13,2.7e-08,3.970374028535104e-06,3.8831641379310355e-09,3.974257192673035e-06,0.1717712619124066,True,idle pattern one; LINEAR SCALING ASSUMPTION (height-dependent bitline loading ignored); not macro power
corner_worst_pattern,ss,125,one,ratified_assumed_csn,5.029945e-06,64,4,256,6.240863435300001e-13,2.7e-08,7.940748057070208e-06,7.766328275862071e-09,7.94851438534607e-06,0.3435425238248132,True,idle pattern one; LINEAR SCALING ASSUMPTION (height-dependent bitline loading ignored); not macro power
corner_worst_pattern,ss,125,one,ratified_assumed_csn,5.029945e-06,128,4,512,6.240863435300001e-13,2.7e-08,1.5881496114140416e-05,1.5532656551724142e-08,1.589702877069214e-05,0.6870850476496264,True,idle pattern one; LINEAR SCALING ASSUMPTION (height-dependent bitline loading ignored); not macro power
corner_worst_pattern,ss,125,one,ratified_assumed_csn,5.029945e-06,256,4,1024,6.240863435300001e-13,2.7e-08,3.176299222828083e-05,3.1065313103448284e-08,3.179405754138428e-05,1.3741700952992528,False,INFEASIBLE: refresh operations would overlap (duty >= 1); not a feasible schedule. idle pattern one; LINEAR SCALING ASSUMPTION (height-dependent bitline loading ignored); not macro power
corner_worst_pattern,ss,125,one,ratified_assumed_csn,5.029945e-06,512,4,2048,6.240863435300001e-13,2.7e-08,6.352598445656167e-05,6.213062620689657e-08,6.358811508276857e-05,2.7483401905985057,False,INFEASIBLE: refresh operations would overlap (duty >= 1); not a feasible schedule. idle pattern one; LINEAR SCALING ASSUMPTION (height-dependent bitline loading ignored); not macro power
corner_worst_pattern,ss,125,one,ratified_assumed_csn,5.029945e-06,1024,4,4096,6.240863435300001e-13,2.7e-08,0.00012705196891312333,1.2426125241379314e-07,0.00012717623016553713,5.496680381197011,False,INFEASIBLE: refresh operations would overlap (duty >= 1); not a feasible schedule. idle pattern one; LINEAR SCALING ASSUMPTION (height-dependent bitline loading ignored); not macro power
corner_worst_pattern,ss,125,one,extracted_csn_unratified,2.7519205e-06,4,4,16,6.240863435300001e-13,2.7e-08,9.071284487033692e-07,4.853955172413794e-10,9.076138442206106e-07,0.039245319768503484,True,idle pattern one; LINEAR SCALING ASSUMPTION (height-dependent bitline loading ignored); not macro power
corner_worst_pattern,ss,125,one,extracted_csn_unratified,2.7519205e-06,8,4,32,6.240863435300001e-13,2.7e-08,1.8142568974067384e-06,9.707910344827589e-10,1.8152276884412212e-06,0.07849063953700697,True,idle pattern one; LINEAR SCALING ASSUMPTION (height-dependent bitline loading ignored); not macro power
corner_worst_pattern,ss,125,one,extracted_csn_unratified,2.7519205e-06,16,4,64,6.240863435300001e-13,2.7e-08,3.628513794813477e-06,1.9415820689655177e-09,3.6304553768824424e-06,0.15698127907401394,True,idle pattern one; LINEAR SCALING ASSUMPTION (height-dependent bitline loading ignored); not macro power
corner_worst_pattern,ss,125,one,extracted_csn_unratified,2.7519205e-06,32,4,128,6.240863435300001e-13,2.7e-08,7.257027589626954e-06,3.8831641379310355e-09,7.260910753764885e-06,0.31396255814802787,True,idle pattern one; LINEAR SCALING ASSUMPTION (height-dependent bitline loading ignored); not macro power
corner_worst_pattern,ss,125,one,extracted_csn_unratified,2.7519205e-06,64,4,256,6.240863435300001e-13,2.7e-08,1.4514055179253907e-05,7.766328275862071e-09,1.452182150752977e-05,0.6279251162960557,True,idle pattern one; LINEAR SCALING ASSUMPTION (height-dependent bitline loading ignored); not macro power
corner_worst_pattern,ss,125,one,extracted_csn_unratified,2.7519205e-06,128,4,512,6.240863435300001e-13,2.7e-08,2.9028110358507815e-05,1.5532656551724142e-08,2.904364301505954e-05,1.2558502325921115,False,INFEASIBLE: refresh operations would overlap (duty >= 1); not a feasible schedule. idle pattern one; LINEAR SCALING ASSUMPTION (height-dependent bitline loading ignored); not macro power
corner_worst_pattern,ss,125,one,extracted_csn_unratified,2.7519205e-06,256,4,1024,6.240863435300001e-13,2.7e-08,5.805622071701563e-05,3.1065313103448284e-08,5.808728603011908e-05,2.511700465184223,False,INFEASIBLE: refresh operations would overlap (duty >= 1); not a feasible schedule. idle pattern one; LINEAR SCALING ASSUMPTION (height-dependent bitline loading ignored); not macro power
corner_worst_pattern,ss,125,one,extracted_csn_unratified,2.7519205e-06,512,4,2048,6.240863435300001e-13,2.7e-08,0.00011611244143403126,6.213062620689657e-08,0.00011617457206023816,5.023400930368446,False,INFEASIBLE: refresh operations would overlap (duty >= 1); not a feasible schedule. idle pattern one; LINEAR SCALING ASSUMPTION (height-dependent bitline loading ignored); not macro power
corner_worst_pattern,ss,125,one,extracted_csn_unratified,2.7519205e-06,1024,4,4096,6.240863435300001e-13,2.7e-08,0.00023222488286806252,1.2426125241379314e-07,0.00023234914412047632,10.046801860736892,False,INFEASIBLE: refresh operations would overlap (duty >= 1); not a feasible schedule. idle pattern one; LINEAR SCALING ASSUMPTION (height-dependent bitline loading ignored); not macro power
corner_worst_pattern,ff,27,one,ratified_assumed_csn,5.029945e-06,4,4,16,1.65791925653568e-12,2.7e-08,1.3184392724259848e-06,8.091144827586209e-13,1.3184400815404676e-06,0.021471407739050825,True,idle pattern one; LINEAR SCALING ASSUMPTION (height-dependent bitline loading ignored); not macro power
corner_worst_pattern,ff,27,one,ratified_assumed_csn,5.029945e-06,8,4,32,1.65791925653568e-12,2.7e-08,2.6368785448519697e-06,1.6182289655172417e-12,2.636880163080935e-06,0.04294281547810165,True,idle pattern one; LINEAR SCALING ASSUMPTION (height-dependent bitline loading ignored); not macro power
corner_worst_pattern,ff,27,one,ratified_assumed_csn,5.029945e-06,16,4,64,1.65791925653568e-12,2.7e-08,5.273757089703939e-06,3.2364579310344834e-12,5.27376032616187e-06,0.0858856309562033,True,idle pattern one; LINEAR SCALING ASSUMPTION (height-dependent bitline loading ignored); not macro power
corner_worst_pattern,ff,27,one,ratified_assumed_csn,5.029945e-06,32,4,128,1.65791925653568e-12,2.7e-08,1.0547514179407879e-05,6.472915862068967e-12,1.054752065232374e-05,0.1717712619124066,True,idle pattern one; LINEAR SCALING ASSUMPTION (height-dependent bitline loading ignored); not macro power
corner_worst_pattern,ff,27,one,ratified_assumed_csn,5.029945e-06,64,4,256,1.65791925653568e-12,2.7e-08,2.1095028358815757e-05,1.2945831724137934e-11,2.109504130464748e-05,0.3435425238248132,True,idle pattern one; LINEAR SCALING ASSUMPTION (height-dependent bitline loading ignored); not macro power
corner_worst_pattern,ff,27,one,ratified_assumed_csn,5.029945e-06,128,4,512,1.65791925653568e-12,2.7e-08,4.2190056717631515e-05,2.5891663448275868e-11,4.219008260929496e-05,0.6870850476496264,True,idle pattern one; LINEAR SCALING ASSUMPTION (height-dependent bitline loading ignored); not macro power
corner_worst_pattern,ff,27,one,ratified_assumed_csn,5.029945e-06,256,4,1024,1.65791925653568e-12,2.7e-08,8.438011343526303e-05,5.1783326896551735e-11,8.438016521858992e-05,1.3741700952992528,False,INFEASIBLE: refresh operations would overlap (duty >= 1); not a feasible schedule. idle pattern one; LINEAR SCALING ASSUMPTION (height-dependent bitline loading ignored); not macro power
corner_worst_pattern,ff,27,one,ratified_assumed_csn,5.029945e-06,512,4,2048,1.65791925653568e-12,2.7e-08,0.00016876022687052606,1.0356665379310347e-10,0.00016876033043717985,2.7483401905985057,False,INFEASIBLE: refresh operations would overlap (duty >= 1); not a feasible schedule. idle pattern one; LINEAR SCALING ASSUMPTION (height-dependent bitline loading ignored); not macro power
corner_worst_pattern,ff,27,one,ratified_assumed_csn,5.029945e-06,1024,4,4096,1.65791925653568e-12,2.7e-08,0.0003375204537410521,2.0713330758620694e-10,0.0003375206608743597,5.496680381197011,False,INFEASIBLE: refresh operations would overlap (duty >= 1); not a feasible schedule. idle pattern one; LINEAR SCALING ASSUMPTION (height-dependent bitline loading ignored); not macro power
corner_worst_pattern,ff,27,one,extracted_csn_unratified,2.7519205e-06,4,4,16,1.65791925653568e-12,2.7e-08,2.4098359767815677e-06,8.091144827586209e-13,2.4098367858960504e-06,0.039245319768503484,True,idle pattern one; LINEAR SCALING ASSUMPTION (height-dependent bitline loading ignored); not macro power
corner_worst_pattern,ff,27,one,extracted_csn_unratified,2.7519205e-06,8,4,32,1.65791925653568e-12,2.7e-08,4.8196719535631355e-06,1.6182289655172417e-12,4.819673571792101e-06,0.07849063953700697,True,idle pattern one; LINEAR SCALING ASSUMPTION (height-dependent bitline loading ignored); not macro power
corner_worst_pattern,ff,27,one,extracted_csn_unratified,2.7519205e-06,16,4,64,1.65791925653568e-12,2.7e-08,9.639343907126271e-06,3.2364579310344834e-12,9.639347143584202e-06,0.15698127907401394,True,idle pattern one; LINEAR SCALING ASSUMPTION (height-dependent bitline loading ignored); not macro power
corner_worst_pattern,ff,27,one,extracted_csn_unratified,2.7519205e-06,32,4,128,1.65791925653568e-12,2.7e-08,1.9278687814252542e-05,6.472915862068967e-12,1.9278694287168404e-05,0.31396255814802787,True,idle pattern one; LINEAR SCALING ASSUMPTION (height-dependent bitline loading ignored); not macro power
corner_worst_pattern,ff,27,one,extracted_csn_unratified,2.7519205e-06,64,4,256,1.65791925653568e-12,2.7e-08,3.8557375628505084e-05,1.2945831724137934e-11,3.855738857433681e-05,0.6279251162960557,True,idle pattern one; LINEAR SCALING ASSUMPTION (height-dependent bitline loading ignored); not macro power
corner_worst_pattern,ff,27,one,extracted_csn_unratified,2.7519205e-06,128,4,512,1.65791925653568e-12,2.7e-08,7.711475125701017e-05,2.5891663448275868e-11,7.711477714867361e-05,1.2558502325921115,False,INFEASIBLE: refresh operations would overlap (duty >= 1); not a feasible schedule. idle pattern one; LINEAR SCALING ASSUMPTION (height-dependent bitline loading ignored); not macro power
corner_worst_pattern,ff,27,one,extracted_csn_unratified,2.7519205e-06,256,4,1024,1.65791925653568e-12,2.7e-08,0.00015422950251402033,5.1783326896551735e-11,0.00015422955429734723,2.511700465184223,False,INFEASIBLE: refresh operations would overlap (duty >= 1); not a feasible schedule. idle pattern one; LINEAR SCALING ASSUMPTION (height-dependent bitline loading ignored); not macro power
corner_worst_pattern,ff,27,one,extracted_csn_unratified,2.7519205e-06,512,4,2048,1.65791925653568e-12,2.7e-08,0.00030845900502804067,1.0356665379310347e-10,0.00030845910859469446,5.023400930368446,False,INFEASIBLE: refresh operations would overlap (duty >= 1); not a feasible schedule. idle pattern one; LINEAR SCALING ASSUMPTION (height-dependent bitline loading ignored); not macro power
corner_worst_pattern,ff,27,one,extracted_csn_unratified,2.7519205e-06,1024,4,4096,1.65791925653568e-12,2.7e-08,0.0006169180100560813,2.0713330758620694e-10,0.0006169182171893889,10.046801860736892,False,INFEASIBLE: refresh operations would overlap (duty >= 1); not a feasible schedule. idle pattern one; LINEAR SCALING ASSUMPTION (height-dependent bitline loading ignored); not macro power
corner_worst_pattern,ff,125,one,ratified_assumed_csn,5.029945e-06,4,4,16,2.0936558774e-12,2.7e-08,1.664953296626504e-06,6.299172413793105e-10,1.6655832138678833e-06,0.021471407739050825,True,idle pattern one; LINEAR SCALING ASSUMPTION (height-dependent bitline loading ignored); not macro power
corner_worst_pattern,ff,125,one,ratified_assumed_csn,5.029945e-06,8,4,32,2.0936558774e-12,2.7e-08,3.329906593253008e-06,1.259834482758621e-09,3.3311664277357665e-06,0.04294281547810165,True,idle pattern one; LINEAR SCALING ASSUMPTION (height-dependent bitline loading ignored); not macro power
corner_worst_pattern,ff,125,one,ratified_assumed_csn,5.029945e-06,16,4,64,2.0936558774e-12,2.7e-08,6.659813186506016e-06,2.519668965517242e-09,6.662332855471533e-06,0.0858856309562033,True,idle pattern one; LINEAR SCALING ASSUMPTION (height-dependent bitline loading ignored); not macro power
corner_worst_pattern,ff,125,one,ratified_assumed_csn,5.029945e-06,32,4,128,2.0936558774e-12,2.7e-08,1.3319626373012032e-05,5.039337931034484e-09,1.3324665710943066e-05,0.1717712619124066,True,idle pattern one; LINEAR SCALING ASSUMPTION (height-dependent bitline loading ignored); not macro power
corner_worst_pattern,ff,125,one,ratified_assumed_csn,5.029945e-06,64,4,256,2.0936558774e-12,2.7e-08,2.6639252746024065e-05,1.0078675862068968e-08,2.6649331421886132e-05,0.3435425238248132,True,idle pattern one; LINEAR SCALING ASSUMPTION (height-dependent bitline loading ignored); not macro power
corner_worst_pattern,ff,125,one,ratified_assumed_csn,5.029945e-06,128,4,512,2.0936558774e-12,2.7e-08,5.327850549204813e-05,2.0157351724137935e-08,5.3298662843772265e-05,0.6870850476496264,True,idle pattern one; LINEAR SCALING ASSUMPTION (height-dependent bitline loading ignored); not macro power
corner_worst_pattern,ff,125,one,ratified_assumed_csn,5.029945e-06,256,4,1024,2.0936558774e-12,2.7e-08,0.00010655701098409626,4.031470344827587e-08,0.00010659732568754453,1.3741700952992528,False,INFEASIBLE: refresh operations would overlap (duty >= 1); not a feasible schedule. idle pattern one; LINEAR SCALING ASSUMPTION (height-dependent bitline loading ignored); not macro power
corner_worst_pattern,ff,125,one,ratified_assumed_csn,5.029945e-06,512,4,2048,2.0936558774e-12,2.7e-08,0.00021311402196819252,8.062940689655174e-08,0.00021319465137508906,2.7483401905985057,False,INFEASIBLE: refresh operations would overlap (duty >= 1); not a feasible schedule. idle pattern one; LINEAR SCALING ASSUMPTION (height-dependent bitline loading ignored); not macro power
corner_worst_pattern,ff,125,one,ratified_assumed_csn,5.029945e-06,1024,4,4096,2.0936558774e-12,2.7e-08,0.00042622804393638503,1.6125881379310348e-07,0.0004263893027501781,5.496680381197011,False,INFEASIBLE: refresh operations would overlap (duty >= 1); not a feasible schedule. idle pattern one; LINEAR SCALING ASSUMPTION (height-dependent bitline loading ignored); not macro power
corner_worst_pattern,ff,125,one,extracted_csn_unratified,2.7519205e-06,4,4,16,2.0936558774e-12,2.7e-08,3.043192384954435e-06,6.299172413793105e-10,3.0438223021958143e-06,0.039245319768503484,True,idle pattern one; LINEAR SCALING ASSUMPTION (height-dependent bitline loading ignored); not macro power
corner_worst_pattern,ff,125,one,extracted_csn_unratified,2.7519205e-06,8,4,32,2.0936558774e-12,2.7e-08,6.08638476990887e-06,1.259834482758621e-09,6.087644604391629e-06,0.07849063953700697,True,idle pattern one; LINEAR SCALING ASSUMPTION (height-dependent bitline loading ignored); not macro power
corner_worst_pattern,ff,125,one,extracted_csn_unratified,2.7519205e-06,16,4,64,2.0936558774e-12,2.7e-08,1.217276953981774e-05,2.519668965517242e-09,1.2175289208783257e-05,0.15698127907401394,True,idle pattern one; LINEAR SCALING ASSUMPTION (height-dependent bitline loading ignored); not macro power
corner_worst_pattern,ff,125,one,extracted_csn_unratified,2.7519205e-06,32,4,128,2.0936558774e-12,2.7e-08,2.434553907963548e-05,5.039337931034484e-09,2.4350578417566514e-05,0.31396255814802787,True,idle pattern one; LINEAR SCALING ASSUMPTION (height-dependent bitline loading ignored); not macro power
corner_worst_pattern,ff,125,one,extracted_csn_unratified,2.7519205e-06,64,4,256,2.0936558774e-12,2.7e-08,4.869107815927096e-05,1.0078675862068968e-08,4.870115683513303e-05,0.6279251162960557,True,idle pattern one; LINEAR SCALING ASSUMPTION (height-dependent bitline loading ignored); not macro power
corner_worst_pattern,ff,125,one,extracted_csn_unratified,2.7519205e-06,128,4,512,2.0936558774e-12,2.7e-08,9.738215631854192e-05,2.0157351724137935e-08,9.740231367026606e-05,1.2558502325921115,False,INFEASIBLE: refresh operations would overlap (duty >= 1); not a feasible schedule. idle pattern one; LINEAR SCALING ASSUMPTION (height-dependent bitline loading ignored); not macro power
corner_worst_pattern,ff,125,one,extracted_csn_unratified,2.7519205e-06,256,4,1024,2.0936558774e-12,2.7e-08,0.00019476431263708383,4.031470344827587e-08,0.00019480462734053212,2.511700465184223,False,INFEASIBLE: refresh operations would overlap (duty >= 1); not a feasible schedule. idle pattern one; LINEAR SCALING ASSUMPTION (height-dependent bitline loading ignored); not macro power
corner_worst_pattern,ff,125,one,extracted_csn_unratified,2.7519205e-06,512,4,2048,2.0936558774e-12,2.7e-08,0.00038952862527416766,8.062940689655174e-08,0.00038960925468106423,5.023400930368446,False,INFEASIBLE: refresh operations would overlap (duty >= 1); not a feasible schedule. idle pattern one; LINEAR SCALING ASSUMPTION (height-dependent bitline loading ignored); not macro power
corner_worst_pattern,ff,125,one,extracted_csn_unratified,2.7519205e-06,1024,4,4096,2.0936558774e-12,2.7e-08,0.0007790572505483353,1.6125881379310348e-07,0.0007792185093621285,10.046801860736892,False,INFEASIBLE: refresh operations would overlap (duty >= 1); not a feasible schedule. idle pattern one; LINEAR SCALING ASSUMPTION (height-dependent bitline loading ignored); not macro power
corner_worst_pattern,sf,27,one,ratified_assumed_csn,5.029945e-06,4,4,16,2.0764592098287302e-12,2.7e-08,1.6512778647311096e-06,1.5231472413793105e-12,1.651279387878351e-06,0.021471407739050825,True,idle pattern one; LINEAR SCALING ASSUMPTION (height-dependent bitline loading ignored); not macro power
corner_worst_pattern,sf,27,one,ratified_assumed_csn,5.029945e-06,8,4,32,2.0764592098287302e-12,2.7e-08,3.3025557294622193e-06,3.046294482758621e-12,3.302558775756702e-06,0.04294281547810165,True,idle pattern one; LINEAR SCALING ASSUMPTION (height-dependent bitline loading ignored); not macro power
corner_worst_pattern,sf,27,one,ratified_assumed_csn,5.029945e-06,16,4,64,2.0764592098287302e-12,2.7e-08,6.6051114589244386e-06,6.092588965517242e-12,6.605117551513404e-06,0.0858856309562033,True,idle pattern one; LINEAR SCALING ASSUMPTION (height-dependent bitline loading ignored); not macro power
corner_worst_pattern,sf,27,one,ratified_assumed_csn,5.029945e-06,32,4,128,2.0764592098287302e-12,2.7e-08,1.3210222917848877e-05,1.2185177931034484e-11,1.3210235103026808e-05,0.1717712619124066,True,idle pattern one; LINEAR SCALING ASSUMPTION (height-dependent bitline loading ignored); not macro power
corner_worst_pattern,sf,27,one,ratified_assumed_csn,5.029945e-06,64,4,256,2.0764592098287302e-12,2.7e-08,2.6420445835697754e-05,2.4370355862068968e-11,2.6420470206053616e-05,0.3435425238248132,True,idle pattern one; LINEAR SCALING ASSUMPTION (height-dependent bitline loading ignored); not macro power
corner_worst_pattern,sf,27,one,ratified_assumed_csn,5.029945e-06,128,4,512,2.0764592098287302e-12,2.7e-08,5.284089167139551e-05,4.8740711724137936e-11,5.284094041210723e-05,0.6870850476496264,True,idle pattern one; LINEAR SCALING ASSUMPTION (height-dependent bitline loading ignored); not macro power
corner_worst_pattern,sf,27,one,ratified_assumed_csn,5.029945e-06,256,4,1024,2.0764592098287302e-12,2.7e-08,0.00010568178334279102,9.748142344827587e-11,0.00010568188082421446,1.3741700952992528,False,INFEASIBLE: refresh operations would overlap (duty >= 1); not a feasible schedule. idle pattern one; LINEAR SCALING ASSUMPTION (height-dependent bitline loading ignored); not macro power
corner_worst_pattern,sf,27,one,ratified_assumed_csn,5.029945e-06,512,4,2048,2.0764592098287302e-12,2.7e-08,0.00021136356668558203,1.9496284689655175e-10,0.00021136376164842893,2.7483401905985057,False,INFEASIBLE: refresh operations would overlap (duty >= 1); not a feasible schedule. idle pattern one; LINEAR SCALING ASSUMPTION (height-dependent bitline loading ignored); not macro power
corner_worst_pattern,sf,27,one,ratified_assumed_csn,5.029945e-06,1024,4,4096,2.0764592098287302e-12,2.7e-08,0.00042272713337116407,3.899256937931035e-10,0.00042272752329685785,5.496680381197011,False,INFEASIBLE: refresh operations would overlap (duty >= 1); not a feasible schedule. idle pattern one; LINEAR SCALING ASSUMPTION (height-dependent bitline loading ignored); not macro power
corner_worst_pattern,sf,27,one,extracted_csn_unratified,2.7519205e-06,4,4,16,2.0764592098287302e-12,2.7e-08,3.018196506517874e-06,1.5231472413793105e-12,3.0181980296651154e-06,0.039245319768503484,True,idle pattern one; LINEAR SCALING ASSUMPTION (height-dependent bitline loading ignored); not macro power
corner_worst_pattern,sf,27,one,extracted_csn_unratified,2.7519205e-06,8,4,32,2.0764592098287302e-12,2.7e-08,6.036393013035748e-06,3.046294482758621e-12,6.036396059330231e-06,0.07849063953700697,True,idle pattern one; LINEAR SCALING ASSUMPTION (height-dependent bitline loading ignored); not macro power
corner_worst_pattern,sf,27,one,extracted_csn_unratified,2.7519205e-06,16,4,64,2.0764592098287302e-12,2.7e-08,1.2072786026071495e-05,6.092588965517242e-12,1.2072792118660461e-05,0.15698127907401394,True,idle pattern one; LINEAR SCALING ASSUMPTION (height-dependent bitline loading ignored); not macro power
corner_worst_pattern,sf,27,one,extracted_csn_unratified,2.7519205e-06,32,4,128,2.0764592098287302e-12,2.7e-08,2.414557205214299e-05,1.2185177931034484e-11,2.4145584237320923e-05,0.31396255814802787,True,idle pattern one; LINEAR SCALING ASSUMPTION (height-dependent bitline loading ignored); not macro power
corner_worst_pattern,sf,27,one,extracted_csn_unratified,2.7519205e-06,64,4,256,2.0764592098287302e-12,2.7e-08,4.829114410428598e-05,2.4370355862068968e-11,4.8291168474641846e-05,0.6279251162960557,True,idle pattern one; LINEAR SCALING ASSUMPTION (height-dependent bitline loading ignored); not macro power
corner_worst_pattern,sf,27,one,extracted_csn_unratified,2.7519205e-06,128,4,512,2.0764592098287302e-12,2.7e-08,9.658228820857196e-05,4.8740711724137936e-11,9.658233694928369e-05,1.2558502325921115,False,INFEASIBLE: refresh operations would overlap (duty >= 1); not a feasible schedule. idle pattern one; LINEAR SCALING ASSUMPTION (height-dependent bitline loading ignored); not macro power
corner_worst_pattern,sf,27,one,extracted_csn_unratified,2.7519205e-06,256,4,1024,2.0764592098287302e-12,2.7e-08,0.00019316457641714392,9.748142344827587e-11,0.00019316467389856738,2.511700465184223,False,INFEASIBLE: refresh operations would overlap (duty >= 1); not a feasible schedule. idle pattern one; LINEAR SCALING ASSUMPTION (height-dependent bitline loading ignored); not macro power
corner_worst_pattern,sf,27,one,extracted_csn_unratified,2.7519205e-06,512,4,2048,2.0764592098287302e-12,2.7e-08,0.00038632915283428785,1.9496284689655175e-10,0.00038632934779713477,5.023400930368446,False,INFEASIBLE: refresh operations would overlap (duty >= 1); not a feasible schedule. idle pattern one; LINEAR SCALING ASSUMPTION (height-dependent bitline loading ignored); not macro power
corner_worst_pattern,sf,27,one,extracted_csn_unratified,2.7519205e-06,1024,4,4096,2.0764592098287302e-12,2.7e-08,0.0007726583056685757,3.899256937931035e-10,0.0007726586955942695,10.046801860736892,False,INFEASIBLE: refresh operations would overlap (duty >= 1); not a feasible schedule. idle pattern one; LINEAR SCALING ASSUMPTION (height-dependent bitline loading ignored); not macro power
corner_worst_pattern,sf,125,one,ratified_assumed_csn,5.029945e-06,4,4,16,2.46254589328e-12,2.7e-08,1.958308405582964e-06,7.185075862068967e-10,1.959026913169171e-06,0.021471407739050825,True,idle pattern one; LINEAR SCALING ASSUMPTION (height-dependent bitline loading ignored); not macro power
corner_worst_pattern,sf,125,one,ratified_assumed_csn,5.029945e-06,8,4,32,2.46254589328e-12,2.7e-08,3.916616811165928e-06,1.4370151724137933e-09,3.918053826338342e-06,0.04294281547810165,True,idle pattern one; LINEAR SCALING ASSUMPTION (height-dependent bitline loading ignored); not macro power
corner_worst_pattern,sf,125,one,ratified_assumed_csn,5.029945e-06,16,4,64,2.46254589328e-12,2.7e-08,7.833233622331856e-06,2.8740303448275866e-09,7.836107652676684e-06,0.0858856309562033,True,idle pattern one; LINEAR SCALING ASSUMPTION (height-dependent bitline loading ignored); not macro power
corner_worst_pattern,sf,125,one,ratified_assumed_csn,5.029945e-06,32,4,128,2.46254589328e-12,2.7e-08,1.566646724466371e-05,5.748060689655173e-09,1.5672215305353368e-05,0.1717712619124066,True,idle pattern one; LINEAR SCALING ASSUMPTION (height-dependent bitline loading ignored); not macro power
corner_worst_pattern,sf,125,one,ratified_assumed_csn,5.029945e-06,64,4,256,2.46254589328e-12,2.7e-08,3.133293448932742e-05,1.1496121379310347e-08,3.1344430610706736e-05,0.3435425238248132,True,idle pattern one; LINEAR SCALING ASSUMPTION (height-dependent bitline loading ignored); not macro power
corner_worst_pattern,sf,125,one,ratified_assumed_csn,5.029945e-06,128,4,512,2.46254589328e-12,2.7e-08,6.266586897865485e-05,2.2992242758620693e-08,6.268886122141347e-05,0.6870850476496264,True,idle pattern one; LINEAR SCALING ASSUMPTION (height-dependent bitline loading ignored); not macro power
corner_worst_pattern,sf,125,one,ratified_assumed_csn,5.029945e-06,256,4,1024,2.46254589328e-12,2.7e-08,0.0001253317379573097,4.5984485517241386e-08,0.00012537772244282695,1.3741700952992528,False,INFEASIBLE: refresh operations would overlap (duty >= 1); not a feasible schedule. idle pattern one; LINEAR SCALING ASSUMPTION (height-dependent bitline loading ignored); not macro power
corner_worst_pattern,sf,125,one,ratified_assumed_csn,5.029945e-06,512,4,2048,2.46254589328e-12,2.7e-08,0.0002506634759146194,9.196897103448277e-08,0.0002507554448856539,2.7483401905985057,False,INFEASIBLE: refresh operations would overlap (duty >= 1); not a feasible schedule. idle pattern one; LINEAR SCALING ASSUMPTION (height-dependent bitline loading ignored); not macro power
corner_worst_pattern,sf,125,one,ratified_assumed_csn,5.029945e-06,1024,4,4096,2.46254589328e-12,2.7e-08,0.0005013269518292388,1.8393794206896555e-07,0.0005015108897713078,5.496680381197011,False,INFEASIBLE: refresh operations would overlap (duty >= 1); not a feasible schedule. idle pattern one; LINEAR SCALING ASSUMPTION (height-dependent bitline loading ignored); not macro power
corner_worst_pattern,sf,125,one,extracted_csn_unratified,2.7519205e-06,4,4,16,2.46254589328e-12,2.7e-08,3.57938522319958e-06,7.185075862068967e-10,3.580103730785787e-06,0.039245319768503484,True,idle pattern one; LINEAR SCALING ASSUMPTION (height-dependent bitline loading ignored); not macro power
corner_worst_pattern,sf,125,one,extracted_csn_unratified,2.7519205e-06,8,4,32,2.46254589328e-12,2.7e-08,7.15877044639916e-06,1.4370151724137933e-09,7.160207461571574e-06,0.07849063953700697,True,idle pattern one; LINEAR SCALING ASSUMPTION (height-dependent bitline loading ignored); not macro power
corner_worst_pattern,sf,125,one,extracted_csn_unratified,2.7519205e-06,16,4,64,2.46254589328e-12,2.7e-08,1.431754089279832e-05,2.8740303448275866e-09,1.4320414923143148e-05,0.15698127907401394,True,idle pattern one; LINEAR SCALING ASSUMPTION (height-dependent bitline loading ignored); not macro power
corner_worst_pattern,sf,125,one,extracted_csn_unratified,2.7519205e-06,32,4,128,2.46254589328e-12,2.7e-08,2.863508178559664e-05,5.748060689655173e-09,2.8640829846286296e-05,0.31396255814802787,True,idle pattern one; LINEAR SCALING ASSUMPTION (height-dependent bitline loading ignored); not macro power
corner_worst_pattern,sf,125,one,extracted_csn_unratified,2.7519205e-06,64,4,256,2.46254589328e-12,2.7e-08,5.727016357119328e-05,1.1496121379310347e-08,5.728165969257259e-05,0.6279251162960557,True,idle pattern one; LINEAR SCALING ASSUMPTION (height-dependent bitline loading ignored); not macro power
corner_worst_pattern,sf,125,one,extracted_csn_unratified,2.7519205e-06,128,4,512,2.46254589328e-12,2.7e-08,0.00011454032714238656,2.2992242758620693e-08,0.00011456331938514518,1.2558502325921115,False,INFEASIBLE: refresh operations would overlap (duty >= 1); not a feasible schedule. idle pattern one; LINEAR SCALING ASSUMPTION (height-dependent bitline loading ignored); not macro power
corner_worst_pattern,sf,125,one,extracted_csn_unratified,2.7519205e-06,256,4,1024,2.46254589328e-12,2.7e-08,0.0002290806542847731,4.5984485517241386e-08,0.00022912663877029037,2.511700465184223,False,INFEASIBLE: refresh operations would overlap (duty >= 1); not a feasible schedule. idle pattern one; LINEAR SCALING ASSUMPTION (height-dependent bitline loading ignored); not macro power
corner_worst_pattern,sf,125,one,extracted_csn_unratified,2.7519205e-06,512,4,2048,2.46254589328e-12,2.7e-08,0.0004581613085695462,9.196897103448277e-08,0.00045825327754058073,5.023400930368446,False,INFEASIBLE: refresh operations would overlap (duty >= 1); not a feasible schedule. idle pattern one; LINEAR SCALING ASSUMPTION (height-dependent bitline loading ignored); not macro power
corner_worst_pattern,sf,125,one,extracted_csn_unratified,2.7519205e-06,1024,4,4096,2.46254589328e-12,2.7e-08,0.0009163226171390924,1.8393794206896555e-07,0.0009165065550811615,10.046801860736892,False,INFEASIBLE: refresh operations would overlap (duty >= 1); not a feasible schedule. idle pattern one; LINEAR SCALING ASSUMPTION (height-dependent bitline loading ignored); not macro power
corner_worst_pattern,fs,27,one,ratified_assumed_csn,5.029945e-06,4,4,16,2.14504164663902e-13,2.7e-08,1.705817178230792e-07,1.1503786206896555e-13,1.7058183286094127e-07,0.021471407739050825,True,idle pattern one; LINEAR SCALING ASSUMPTION (height-dependent bitline loading ignored); not macro power
corner_worst_pattern,fs,27,one,ratified_assumed_csn,5.029945e-06,8,4,32,2.14504164663902e-13,2.7e-08,3.411634356461584e-07,2.300757241379311e-13,3.4116366572188253e-07,0.04294281547810165,True,idle pattern one; LINEAR SCALING ASSUMPTION (height-dependent bitline loading ignored); not macro power
corner_worst_pattern,fs,27,one,ratified_assumed_csn,5.029945e-06,16,4,64,2.14504164663902e-13,2.7e-08,6.823268712923168e-07,4.601514482758622e-13,6.823273314437651e-07,0.0858856309562033,True,idle pattern one; LINEAR SCALING ASSUMPTION (height-dependent bitline loading ignored); not macro power
corner_worst_pattern,fs,27,one,ratified_assumed_csn,5.029945e-06,32,4,128,2.14504164663902e-13,2.7e-08,1.3646537425846335e-06,9.203028965517244e-13,1.3646546628875301e-06,0.1717712619124066,True,idle pattern one; LINEAR SCALING ASSUMPTION (height-dependent bitline loading ignored); not macro power
corner_worst_pattern,fs,27,one,ratified_assumed_csn,5.029945e-06,64,4,256,2.14504164663902e-13,2.7e-08,2.729307485169267e-06,1.840605793103449e-12,2.7293093257750603e-06,0.3435425238248132,True,idle pattern one; LINEAR SCALING ASSUMPTION (height-dependent bitline loading ignored); not macro power
corner_worst_pattern,fs,27,one,ratified_assumed_csn,5.029945e-06,128,4,512,2.14504164663902e-13,2.7e-08,5.458614970338534e-06,3.681211586206898e-12,5.4586186515501205e-06,0.6870850476496264,True,idle pattern one; LINEAR SCALING ASSUMPTION (height-dependent bitline loading ignored); not macro power
corner_worst_pattern,fs,27,one,ratified_assumed_csn,5.029945e-06,256,4,1024,2.14504164663902e-13,2.7e-08,1.0917229940677068e-05,7.362423172413795e-12,1.0917237303100241e-05,1.3741700952992528,False,INFEASIBLE: refresh operations would overlap (duty >= 1); not a feasible schedule. idle pattern one; LINEAR SCALING ASSUMPTION (height-dependent bitline loading ignored); not macro power
corner_worst_pattern,fs,27,one,ratified_assumed_csn,5.029945e-06,512,4,2048,2.14504164663902e-13,2.7e-08,2.1834459881354136e-05,1.472484634482759e-11,2.1834474606200482e-05,2.7483401905985057,False,INFEASIBLE: refresh operations would overlap (duty >= 1); not a feasible schedule. idle pattern one; LINEAR SCALING ASSUMPTION (height-dependent bitline loading ignored); not macro power
corner_worst_pattern,fs,27,one,ratified_assumed_csn,5.029945e-06,1024,4,4096,2.14504164663902e-13,2.7e-08,4.366891976270827e-05,2.944969268965518e-11,4.3668949212400964e-05,5.496680381197011,False,INFEASIBLE: refresh operations would overlap (duty >= 1); not a feasible schedule. idle pattern one; LINEAR SCALING ASSUMPTION (height-dependent bitline loading ignored); not macro power
corner_worst_pattern,fs,27,one,extracted_csn_unratified,2.7519205e-06,4,4,16,2.14504164663902e-13,2.7e-08,3.117883160707615e-07,1.1503786206896555e-13,3.1178843110862355e-07,0.039245319768503484,True,idle pattern one; LINEAR SCALING ASSUMPTION (height-dependent bitline loading ignored); not macro power
corner_worst_pattern,fs,27,one,extracted_csn_unratified,2.7519205e-06,8,4,32,2.14504164663902e-13,2.7e-08,6.23576632141523e-07,2.300757241379311e-13,6.235768622172471e-07,0.07849063953700697,True,idle pattern one; LINEAR SCALING ASSUMPTION (height-dependent bitline loading ignored); not macro power
corner_worst_pattern,fs,27,one,extracted_csn_unratified,2.7519205e-06,16,4,64,2.14504164663902e-13,2.7e-08,1.247153264283046e-06,4.601514482758622e-13,1.2471537244344942e-06,0.15698127907401394,True,idle pattern one; LINEAR SCALING ASSUMPTION (height-dependent bitline loading ignored); not macro power
corner_worst_pattern,fs,27,one,extracted_csn_unratified,2.7519205e-06,32,4,128,2.14504164663902e-13,2.7e-08,2.494306528566092e-06,9.203028965517244e-13,2.4943074488689884e-06,0.31396255814802787,True,idle pattern one; LINEAR SCALING ASSUMPTION (height-dependent bitline loading ignored); not macro power
corner_worst_pattern,fs,27,one,extracted_csn_unratified,2.7519205e-06,64,4,256,2.14504164663902e-13,2.7e-08,4.988613057132184e-06,1.840605793103449e-12,4.988614897737977e-06,0.6279251162960557,True,idle pattern one; LINEAR SCALING ASSUMPTION (height-dependent bitline loading ignored); not macro power
corner_worst_pattern,fs,27,one,extracted_csn_unratified,2.7519205e-06,128,4,512,2.14504164663902e-13,2.7e-08,9.977226114264368e-06,3.681211586206898e-12,9.977229795475953e-06,1.2558502325921115,False,INFEASIBLE: refresh operations would overlap (duty >= 1); not a feasible schedule. idle pattern one; LINEAR SCALING ASSUMPTION (height-dependent bitline loading ignored); not macro power
corner_worst_pattern,fs,27,one,extracted_csn_unratified,2.7519205e-06,256,4,1024,2.14504164663902e-13,2.7e-08,1.9954452228528736e-05,7.362423172413795e-12,1.9954459590951907e-05,2.511700465184223,False,INFEASIBLE: refresh operations would overlap (duty >= 1); not a feasible schedule. idle pattern one; LINEAR SCALING ASSUMPTION (height-dependent bitline loading ignored); not macro power
corner_worst_pattern,fs,27,one,extracted_csn_unratified,2.7519205e-06,512,4,2048,2.14504164663902e-13,2.7e-08,3.990890445705747e-05,1.472484634482759e-11,3.9908919181903814e-05,5.023400930368446,False,INFEASIBLE: refresh operations would overlap (duty >= 1); not a feasible schedule. idle pattern one; LINEAR SCALING ASSUMPTION (height-dependent bitline loading ignored); not macro power
corner_worst_pattern,fs,27,one,extracted_csn_unratified,2.7519205e-06,1024,4,4096,2.14504164663902e-13,2.7e-08,7.981780891411494e-05,2.944969268965518e-11,7.981783836380763e-05,10.046801860736892,False,INFEASIBLE: refresh operations would overlap (duty >= 1); not a feasible schedule. idle pattern one; LINEAR SCALING ASSUMPTION (height-dependent bitline loading ignored); not macro power
corner_worst_pattern,fs,125,one,ratified_assumed_csn,5.029945e-06,4,4,16,4.5817304682e-13,2.7e-08,3.643563075302016e-07,4.866268965517242e-10,3.6484293442675334e-07,0.021471407739050825,True,idle pattern one; LINEAR SCALING ASSUMPTION (height-dependent bitline loading ignored); not macro power
corner_worst_pattern,fs,125,one,ratified_assumed_csn,5.029945e-06,8,4,32,4.5817304682e-13,2.7e-08,7.287126150604032e-07,9.732537931034483e-10,7.296858688535067e-07,0.04294281547810165,True,idle pattern one; LINEAR SCALING ASSUMPTION (height-dependent bitline loading ignored); not macro power
corner_worst_pattern,fs,125,one,ratified_assumed_csn,5.029945e-06,16,4,64,4.5817304682e-13,2.7e-08,1.4574252301208064e-06,1.9465075862068967e-09,1.4593717377070133e-06,0.0858856309562033,True,idle pattern one; LINEAR SCALING ASSUMPTION (height-dependent bitline loading ignored); not macro power
corner_worst_pattern,fs,125,one,ratified_assumed_csn,5.029945e-06,32,4,128,4.5817304682e-13,2.7e-08,2.914850460241613e-06,3.893015172413793e-09,2.9187434754140267e-06,0.1717712619124066,True,idle pattern one; LINEAR SCALING ASSUMPTION (height-dependent bitline loading ignored); not macro power
corner_worst_pattern,fs,125,one,ratified_assumed_csn,5.029945e-06,64,4,256,4.5817304682e-13,2.7e-08,5.829700920483226e-06,7.786030344827587e-09,5.837486950828053e-06,0.3435425238248132,True,idle pattern one; LINEAR SCALING ASSUMPTION (height-dependent bitline loading ignored); not macro power
corner_worst_pattern,fs,125,one,ratified_assumed_csn,5.029945e-06,128,4,512,4.5817304682e-13,2.7e-08,1.1659401840966451e-05,1.5572060689655173e-08,1.1674973901656107e-05,0.6870850476496264,True,idle pattern one; LINEAR SCALING ASSUMPTION (height-dependent bitline loading ignored); not macro power
corner_worst_pattern,fs,125,one,ratified_assumed_csn,5.029945e-06,256,4,1024,4.5817304682e-13,2.7e-08,2.3318803681932903e-05,3.1144121379310347e-08,2.3349947803312214e-05,1.3741700952992528,False,INFEASIBLE: refresh operations would overlap (duty >= 1); not a feasible schedule. idle pattern one; LINEAR SCALING ASSUMPTION (height-dependent bitline loading ignored); not macro power
corner_worst_pattern,fs,125,one,ratified_assumed_csn,5.029945e-06,512,4,2048,4.5817304682e-13,2.7e-08,4.6637607363865806e-05,6.228824275862069e-08,4.669989560662443e-05,2.7483401905985057,False,INFEASIBLE: refresh operations would overlap (duty >= 1); not a feasible schedule. idle pattern one; LINEAR SCALING ASSUMPTION (height-dependent bitline loading ignored); not macro power
corner_worst_pattern,fs,125,one,ratified_assumed_csn,5.029945e-06,1024,4,4096,4.5817304682e-13,2.7e-08,9.327521472773161e-05,1.2457648551724139e-07,9.339979121324885e-05,5.496680381197011,False,INFEASIBLE: refresh operations would overlap (duty >= 1); not a feasible schedule. idle pattern one; LINEAR SCALING ASSUMPTION (height-dependent bitline loading ignored); not macro power
corner_worst_pattern,fs,125,one,extracted_csn_unratified,2.7519205e-06,4,4,16,4.5817304682e-13,2.7e-08,6.659684345096451e-07,4.866268965517242e-10,6.664550614061968e-07,0.039245319768503484,True,idle pattern one; LINEAR SCALING ASSUMPTION (height-dependent bitline loading ignored); not macro power
corner_worst_pattern,fs,125,one,extracted_csn_unratified,2.7519205e-06,8,4,32,4.5817304682e-13,2.7e-08,1.3319368690192902e-06,9.732537931034483e-10,1.3329101228123936e-06,0.07849063953700697,True,idle pattern one; LINEAR SCALING ASSUMPTION (height-dependent bitline loading ignored); not macro power
corner_worst_pattern,fs,125,one,extracted_csn_unratified,2.7519205e-06,16,4,64,4.5817304682e-13,2.7e-08,2.6638737380385805e-06,1.9465075862068967e-09,2.665820245624787e-06,0.15698127907401394,True,idle pattern one; LINEAR SCALING ASSUMPTION (height-dependent bitline loading ignored); not macro power
corner_worst_pattern,fs,125,one,extracted_csn_unratified,2.7519205e-06,32,4,128,4.5817304682e-13,2.7e-08,5.327747476077161e-06,3.893015172413793e-09,5.331640491249574e-06,0.31396255814802787,True,idle pattern one; LINEAR SCALING ASSUMPTION (height-dependent bitline loading ignored); not macro power
corner_worst_pattern,fs,125,one,extracted_csn_unratified,2.7519205e-06,64,4,256,4.5817304682e-13,2.7e-08,1.0655494952154322e-05,7.786030344827587e-09,1.0663280982499149e-05,0.6279251162960557,True,idle pattern one; LINEAR SCALING ASSUMPTION (height-dependent bitline loading ignored); not macro power
corner_worst_pattern,fs,125,one,extracted_csn_unratified,2.7519205e-06,128,4,512,4.5817304682e-13,2.7e-08,2.1310989904308644e-05,1.5572060689655173e-08,2.1326561964998298e-05,1.2558502325921115,False,INFEASIBLE: refresh operations would overlap (duty >= 1); not a feasible schedule. idle pattern one; LINEAR SCALING ASSUMPTION (height-dependent bitline loading ignored); not macro power
corner_worst_pattern,fs,125,one,extracted_csn_unratified,2.7519205e-06,256,4,1024,4.5817304682e-13,2.7e-08,4.262197980861729e-05,3.1144121379310347e-08,4.2653123929996595e-05,2.511700465184223,False,INFEASIBLE: refresh operations would overlap (duty >= 1); not a feasible schedule. idle pattern one; LINEAR SCALING ASSUMPTION (height-dependent bitline loading ignored); not macro power
corner_worst_pattern,fs,125,one,extracted_csn_unratified,2.7519205e-06,512,4,2048,4.5817304682e-13,2.7e-08,8.524395961723458e-05,6.228824275862069e-08,8.530624785999319e-05,5.023400930368446,False,INFEASIBLE: refresh operations would overlap (duty >= 1); not a feasible schedule. idle pattern one; LINEAR SCALING ASSUMPTION (height-dependent bitline loading ignored); not macro power
corner_worst_pattern,fs,125,one,extracted_csn_unratified,2.7519205e-06,1024,4,4096,4.5817304682e-13,2.7e-08,0.00017048791923446915,1.2457648551724139e-07,0.00017061249571998638,10.046801860736892,False,INFEASIBLE: refresh operations would overlap (duty >= 1); not a feasible schedule. idle pattern one; LINEAR SCALING ASSUMPTION (height-dependent bitline loading ignored); not macro power
