corner,temp_c,instance,variant,kind,sn_pre_v,dec_v,decided,snrd_v,snend_v,sn_before_wwl_fall_v,wbl_before_wwl_fall_v,sn_ref_v,sn_after_wwl_fall_v,wbl_after_wwl_fall_v,dec_after_wwl_fall_v,sn_before_rwl_release_v,sn_after_rwl_release_v,sn_settle_v,dec_end_v,t_rwl_release_ns,t_latch_release_ns,t_wwl_fall_ns,deck_matches_trace,trace_matches_golden_rtl,sense_correct,restored_90,restored_95,restored_98
tt,27,op1_0900_baseline_analog,baseline_analog,op1,0.9,-1.75475,1,0.770401,1.3247,1.17529,1.79999,1.28381,1.0512,1.79904,-1.75847,1.05119,1.2686,1.33978,-1.39947,37.0,37.0,35.0,True,True,True,True,True,True
tt,27,op1_1000_baseline_analog,baseline_analog,op1,1.0,-1.72448,1,0.873181,1.31828,1.1754,1.79999,1.28381,1.05128,1.79904,-1.72864,1.05127,1.27203,1.33275,-1.39548,37.0,37.0,35.0,True,True,True,True,True,True
tt,27,op0_n100_baseline_analog,baseline_analog,op0,-0.1,1.8,0,-0.0999865,-0.000231575,5.12481e-07,5.12481e-07,1.28381,-0.138733,-0.000268012,1.80045,-0.138746,-0.000226633,-0.00024908,1.90805,37.0,37.0,35.0,True,True,True,True,True,True
tt,27,op0_0000_baseline_analog,baseline_analog,op0,0.0,1.8,0,5.48415e-07,-0.000231432,5.12486e-07,5.12486e-07,1.28381,-0.138733,-0.000268027,1.80045,-0.138746,-0.000226489,-0.000248937,1.90805,37.0,37.0,35.0,True,True,True,True,True,True
tt,27,op1_0900_rtl_raw,rtl_raw,op1,0.9,-1.75475,1,0.770404,1.0148,1.16399,1.30349,1.28381,1.01475,1.29652,-0.774934,0.770404,1.04487,1.0149,-0.775146,12.0,12.0,32.0,True,True,True,False,False,False
tt,27,op1_1000_rtl_raw,rtl_raw,op1,1.0,-1.72448,1,0.873185,1.06363,1.21273,1.30698,1.28381,1.06348,1.29985,-0.720262,0.873185,1.15548,1.06391,-0.719782,12.0,12.0,32.0,True,True,True,False,False,False
tt,27,op0_n100_rtl_raw,rtl_raw,op0,-0.1,1.8,0,-0.0999876,-0.140145,0.00328118,0.00328128,1.28381,-0.140139,-0.0183375,1.89167,-0.0999876,0.0028707,-0.140156,1.89145,12.0,12.0,32.0,True,True,True,True,True,True
tt,27,op0_0000_rtl_raw,rtl_raw,op0,0.0,1.8,0,6.95155e-07,-0.13614,0.00746606,0.00746616,1.28381,-0.136134,-0.0140853,1.88779,6.95155e-07,0.00705857,-0.136153,1.88757,12.0,12.0,32.0,True,True,True,True,True,True
tt,27,op1_0900_rtl_hold,rtl_hold,op1,0.9,-1.75475,1,0.770404,1.11171,1.17859,1.8,1.28381,1.04197,1.79862,-1.72918,0.770404,1.02627,1.12441,-1.53502,12.0,34.0,32.0,True,True,True,False,False,False
tt,27,op1_1000_rtl_hold,rtl_hold,op1,1.0,-1.72448,1,0.873185,1.11649,1.18248,1.8,1.28381,1.04606,1.79863,-1.70118,0.873185,1.11803,1.12674,-1.49379,12.0,34.0,32.0,True,True,True,False,False,False
tt,27,op0_n100_rtl_hold,rtl_hold,op0,-0.1,1.8,0,-0.0999876,-0.133721,5.12481e-07,5.12481e-07,1.28381,-0.138775,-0.00026805,1.80045,-0.0999876,0.00108352,-0.133734,1.90762,12.0,34.0,32.0,True,True,True,True,True,True
tt,27,op0_0000_rtl_hold,rtl_hold,op0,0.0,1.8,0,6.95155e-07,-0.133721,5.12486e-07,5.12486e-07,1.28381,-0.138775,-0.000268065,1.80045,6.95155e-07,0.00121398,-0.133733,1.90762,12.0,34.0,32.0,True,True,True,True,True,True
tt,27,op1_0900_neg_missing_wb,neg_missing_wb,op1,0.9,-1.75475,1,0.770404,0.966539,0.91403,1.24385e-06,1.28381,0.91403,1.2917e-06,-1.74374,0.770404,0.914024,0.976081,-1.60342,12.0,34.0,,True,False,True,False,False,False
tt,27,op1_1000_neg_missing_wb,neg_missing_wb,op1,1.0,-1.72448,1,0.873185,1.09309,1.02486,1.34114e-06,1.28381,1.02486,1.38921e-06,-1.70477,0.873185,1.02485,1.1029,-1.50957,12.0,34.0,,True,False,True,False,False,False
tt,27,op0_n100_neg_missing_wb,neg_missing_wb,op0,-0.1,1.8,0,-0.0999876,0.0396233,0.0343895,-4.07379e-05,1.28381,0.0343895,-4.07377e-05,1.8,-0.0999876,0.0343891,0.039606,1.91002,12.0,34.0,,True,False,True,True,True,True
tt,27,op0_0000_neg_missing_wb,neg_missing_wb,op0,0.0,1.8,0,6.95155e-07,0.14239,0.137067,-8.9036e-06,1.28381,0.137067,-8.90326e-06,1.8,6.95155e-07,0.137066,0.142372,1.91002,12.0,34.0,,True,False,True,False,False,False
tt,27,op1_0900_neg_short_wb,neg_short_wb,op1,0.9,-1.75475,1,0.770404,0.931614,1.0144,1.3551,1.28381,0.882029,1.71453,-1.74308,0.770404,1.02627,0.940591,-1.6091,12.0,34.0,12.2,True,False,True,False,False,False
tt,27,op1_1000_neg_short_wb,neg_short_wb,op1,1.0,-1.72448,1,0.873185,1.04107,1.11924,1.34517,1.28381,0.977333,1.70847,-1.70559,0.873185,1.11803,1.05003,-1.5174,12.0,34.0,12.2,True,False,True,False,False,False
tt,27,op0_n100_neg_short_wb,neg_short_wb,op0,-0.1,1.8,0,-0.0999876,-0.124055,0.0374204,0.0153544,1.28381,-0.129116,-0.0248439,1.80002,-0.0999876,0.00108352,-0.124069,1.91001,12.0,34.0,12.2,True,False,True,True,True,True
tt,27,op0_0000_neg_short_wb,neg_short_wb,op0,0.0,1.8,0,6.95155e-07,-0.12402,0.039543,0.0171578,1.28381,-0.129081,-0.0248114,1.80002,6.95155e-07,0.00121398,-0.124034,1.91002,12.0,34.0,12.2,True,False,True,True,True,True
tt,27,op1_0900_rwl_late_raw,rwl_late_raw,op1,0.9,-1.75475,1,0.770404,1.26007,1.14052,1.24527,1.28381,1.01702,1.24166,-1.11207,1.01755,1.21764,1.27443,-0.792908,34.0,12.0,32.0,True,False,True,True,True,True
tt,27,op1_1000_rwl_late_raw,rwl_late_raw,op1,1.0,-1.72448,1,0.873185,1.24943,1.14204,1.25521,1.28381,1.01706,1.25295,-1.04179,1.01764,1.21771,1.26246,-0.788542,34.0,12.0,32.0,True,False,True,True,True,False
tt,27,op0_n100_rwl_late_raw,rwl_late_raw,op0,-0.1,1.8,0,-0.0999876,-0.0123283,-0.00236728,-0.00236718,1.28381,-0.145433,-0.0240767,1.8964,-0.145436,-0.0123249,-0.012345,1.89668,34.0,12.0,32.0,True,False,True,True,True,True
tt,27,op0_0000_rwl_late_raw,rwl_late_raw,op0,0.0,1.8,0,6.95155e-07,-0.0082898,0.0017938,0.0017939,1.28381,-0.14151,-0.0198484,1.89254,-0.141512,-0.00828649,-0.00830651,1.89282,34.0,12.0,32.0,True,False,True,True,True,True
tt,27,op1_0900_rwl_late_hold,rwl_late_hold,op1,0.9,-1.75475,1,0.770404,1.32469,1.17528,1.79999,1.28381,1.0512,1.79904,-1.75847,1.05119,1.2686,1.33977,-1.39948,34.0,34.0,32.0,True,False,True,True,True,True
tt,27,op1_1000_rwl_late_hold,rwl_late_hold,op1,1.0,-1.72448,1,0.873185,1.31829,1.1754,1.79999,1.28381,1.05128,1.79904,-1.72864,1.05127,1.27203,1.33275,-1.39549,34.0,34.0,32.0,True,False,True,True,True,True
tt,27,op0_n100_rwl_late_hold,rwl_late_hold,op0,-0.1,1.8,0,-0.0999876,-0.000230279,5.12481e-07,5.12481e-07,1.28381,-0.138733,-0.000268012,1.80045,-0.138746,-0.000226628,-0.00024721,1.90806,34.0,34.0,32.0,True,False,True,True,True,True
tt,27,op0_0000_rwl_late_hold,rwl_late_hold,op0,0.0,1.8,0,6.95155e-07,-0.000230135,5.12486e-07,5.12486e-07,1.28381,-0.138733,-0.000268027,1.80045,-0.138746,-0.000226483,-0.000247068,1.90806,34.0,34.0,32.0,True,False,True,True,True,True
tt,27,op1_0900_latch_early_hold,latch_early_hold,op1,0.9,-1.75475,1,0.770404,1.12818,1.27041,1.91163,1.28381,1.12761,1.90646,-1.38599,0.770404,1.02627,1.1292,-1.38225,12.0,30.0,32.0,True,True,True,False,False,False
tt,27,op1_1000_latch_early_hold,latch_early_hold,op1,1.0,-1.72448,1,0.873185,1.1271,1.2692,1.90895,1.28381,1.126,1.90376,-1.37808,0.873185,1.11803,1.12876,-1.37085,12.0,30.0,32.0,True,True,True,False,False,False
tt,27,op0_n100_latch_early_hold,latch_early_hold,op0,-0.1,1.8,0,-0.0999876,-0.168008,-0.0273389,-0.0273389,1.28381,-0.168005,-0.0494869,1.91613,-0.0999876,0.00108352,-0.168014,1.91591,12.0,30.0,32.0,True,True,True,True,True,True
tt,27,op0_0000_latch_early_hold,latch_early_hold,op0,0.0,1.8,0,6.95155e-07,-0.168007,-0.0273386,-0.0273385,1.28381,-0.168004,-0.0494865,1.91613,6.95155e-07,0.00121398,-0.168013,1.91591,12.0,30.0,32.0,True,True,True,True,True,True
tt,27,op1_0900_latch_late_hold,latch_late_hold,op1,0.9,-1.75475,1,0.770404,1.1117,1.17859,1.8,1.28381,1.04197,1.79862,-1.72918,0.770404,1.02627,1.12441,-1.54531,12.0,36.0,32.0,True,True,True,False,False,False
tt,27,op1_1000_latch_late_hold,latch_late_hold,op1,1.0,-1.72448,1,0.873185,1.11649,1.18248,1.8,1.28381,1.04606,1.79863,-1.70118,0.873185,1.11803,1.12674,-1.50439,12.0,36.0,32.0,True,True,True,False,False,False
tt,27,op0_n100_latch_late_hold,latch_late_hold,op0,-0.1,1.8,0,-0.0999876,-0.133779,5.12481e-07,5.12481e-07,1.28381,-0.138775,-0.00026805,1.80045,-0.0999876,0.00108352,-0.133792,1.91247,12.0,36.0,32.0,True,True,True,True,True,True
tt,27,op0_0000_latch_late_hold,latch_late_hold,op0,0.0,1.8,0,6.95155e-07,-0.133779,5.12486e-07,5.12486e-07,1.28381,-0.138775,-0.000268065,1.80045,6.95155e-07,0.00121398,-0.133792,1.91247,12.0,36.0,32.0,True,True,True,True,True,True
tt,27,op1_0900_combined_hold,combined_hold,op1,0.9,-1.75475,1,0.770404,1.32475,1.17528,1.79999,1.28381,1.0512,1.79904,-1.75847,1.05119,1.21822,1.33978,-1.40296,34.0,36.0,32.0,True,False,True,True,True,True
tt,27,op1_1000_combined_hold,combined_hold,op1,1.0,-1.72448,1,0.873185,1.31833,1.1754,1.79999,1.28381,1.05128,1.79904,-1.72864,1.05127,1.2188,1.33275,-1.40001,34.0,36.0,32.0,True,False,True,True,True,True
tt,27,op0_n100_combined_hold,combined_hold,op0,-0.1,1.8,0,-0.0999876,-0.000316525,5.12481e-07,5.12481e-07,1.28381,-0.138733,-0.000268012,1.80045,-0.138746,-0.00547294,-0.000333492,1.91247,34.0,36.0,32.0,True,False,True,True,True,True
tt,27,op0_0000_combined_hold,combined_hold,op0,0.0,1.8,0,6.95155e-07,-0.000316383,5.12486e-07,5.12486e-07,1.28381,-0.138733,-0.000268027,1.80045,-0.138746,-0.00547288,-0.00033335,1.91247,34.0,36.0,32.0,True,False,True,True,True,True
tt,125,op1_0900_baseline_analog,baseline_analog,op1,0.9,-1.73357,1,0.77128,1.46302,1.26962,1.79996,1.40982,1.14454,1.79898,-1.74099,1.14451,1.38927,1.48254,-1.24762,37.0,37.0,35.0,True,True,True,True,True,True
tt,125,op1_1000_baseline_analog,baseline_analog,op1,1.0,-1.70059,1,0.874131,1.4554,1.26966,1.79996,1.40982,1.14458,1.79898,-1.70846,1.14455,1.39139,1.47451,-1.24603,37.0,37.0,35.0,True,True,True,True,True,True
tt,125,op0_n100_baseline_analog,baseline_analog,op0,-0.1,1.79989,0,-0.0971721,0.000144361,7.02339e-05,7.02339e-05,1.40982,-0.137243,-0.000773822,1.80101,-0.137016,0.000510336,-0.00129916,1.90351,37.0,37.0,35.0,True,True,True,True,True,True
tt,125,op0_0000_baseline_analog,baseline_analog,op0,0.0,1.79989,0,0.000188182,0.000144918,7.0237e-05,7.0237e-05,1.40982,-0.137243,-0.000774015,1.80101,-0.137016,0.000510908,-0.00129865,1.90351,37.0,37.0,35.0,True,True,True,True,True,True
tt,125,op1_0900_rtl_raw,rtl_raw,op1,0.9,-1.73356,1,0.771306,1.10499,1.25499,1.33753,1.40982,1.10487,1.33099,-0.66037,0.771306,1.05553,1.10524,-0.660603,12.0,12.0,32.0,True,True,True,False,False,False
tt,125,op1_1000_rtl_raw,rtl_raw,op1,1.0,-1.70058,1,0.874155,1.10985,1.2601,1.3386,1.40982,1.10956,1.33201,-0.642236,0.874155,1.14077,1.11041,-0.641137,12.0,12.0,32.0,True,True,True,False,False,False
tt,125,op0_n100_rtl_raw,rtl_raw,op0,-0.1,1.79989,0,-0.0974256,-0.114579,0.0309511,0.0309589,1.40982,-0.114389,0.0096648,1.81996,-0.0974256,0.00288219,-0.114844,1.8064,12.0,12.0,32.0,True,True,True,True,True,True
tt,125,op0_0000_rtl_raw,rtl_raw,op0,0.0,1.79989,0,0.000179161,-0.111064,0.0349534,0.0349611,1.40982,-0.110848,0.0137337,1.8163,0.000179161,0.00698547,-0.111383,1.80277,12.0,12.0,32.0,True,True,True,True,True,True
tt,125,op1_0900_rtl_hold,rtl_hold,op1,0.9,-1.73356,1,0.771306,1.22874,1.27374,1.79996,1.40982,1.13526,1.79844,-1.68928,0.771306,1.04474,1.24653,-1.40521,12.0,34.0,32.0,True,True,True,False,False,False
tt,125,op1_1000_rtl_hold,rtl_hold,op1,1.0,-1.70058,1,0.874155,1.22517,1.2743,1.79996,1.40982,1.13598,1.79845,-1.65929,0.874155,1.10877,1.2408,-1.3848,12.0,34.0,32.0,True,True,True,False,False,False
tt,125,op0_n100_rtl_hold,rtl_hold,op0,-0.1,1.79989,0,-0.0974256,-0.13191,7.02338e-05,7.02339e-05,1.40982,-0.137427,-0.000774212,1.80101,-0.0974256,0.00260987,-0.132285,1.90314,12.0,34.0,32.0,True,True,True,True,True,True
tt,125,op0_0000_rtl_hold,rtl_hold,op0,0.0,1.79989,0,0.000179161,-0.13191,7.0237e-05,7.0237e-05,1.40982,-0.137426,-0.000774406,1.80101,0.000179161,0.00292177,-0.132284,1.90314,12.0,34.0,32.0,True,True,True,True,True,True
tt,125,op1_0900_neg_missing_wb,neg_missing_wb,op1,0.9,-1.73356,1,0.771306,0.982384,0.92013,2.16993e-05,1.40982,0.920127,2.22007e-05,-1.71692,0.771306,0.920129,0.995382,-1.52781,12.0,34.0,,True,False,True,False,False,False
tt,125,op1_1000_neg_missing_wb,neg_missing_wb,op1,1.0,-1.70058,1,0.874155,1.10873,1.03205,2.44827e-05,1.40982,1.03204,2.50406e-05,-1.67322,0.874155,1.03204,1.12189,-1.43235,12.0,34.0,,True,False,True,False,False,False
tt,125,op0_n100_neg_missing_wb,neg_missing_wb,op0,-0.1,1.79989,0,-0.0974256,0.04109,0.0359313,-0.000248748,1.40982,0.0359303,-0.000248666,1.79989,-0.0974256,0.0359337,0.0395966,1.9059,12.0,34.0,,True,False,True,True,True,True
tt,125,op0_0000_neg_missing_wb,neg_missing_wb,op0,0.0,1.79989,0,0.000179161,0.142111,0.13691,-6.26976e-05,1.40982,0.136908,-6.25575e-05,1.79989,0.000179161,0.136913,0.140569,1.9059,12.0,34.0,,True,False,True,False,False,False
tt,125,op1_0900_neg_short_wb,neg_short_wb,op1,0.9,-1.73356,1,0.771306,0.954716,1.00151,1.36163,1.40982,0.894668,1.71273,-1.71555,0.771306,1.04474,0.967273,-1.53302,12.0,34.0,12.2,True,False,True,False,False,False
tt,125,op1_1000_neg_short_wb,neg_short_wb,op1,1.0,-1.70058,1,0.874155,1.03187,1.10214,1.3538,1.40982,0.961243,1.70789,-1.67627,0.874155,1.10877,1.04376,-1.44362,12.0,34.0,12.2,True,False,True,False,False,False
tt,125,op0_n100_neg_short_wb,neg_short_wb,op0,-0.1,1.79989,0,-0.0974256,-0.124881,0.044485,0.0178147,1.40982,-0.132769,-0.0273731,1.79994,-0.0974256,0.00260987,-0.125437,1.9059,12.0,34.0,12.2,True,False,True,True,True,True
tt,125,op0_0000_neg_short_wb,neg_short_wb,op0,0.0,1.79989,0,0.000179161,-0.124784,0.0471036,0.02,1.40982,-0.132665,-0.0272675,1.79994,0.000179161,0.00292177,-0.125342,1.9059,12.0,34.0,12.2,True,False,True,True,True,True
tt,125,op1_0900_rwl_late_raw,rwl_late_raw,op1,0.9,-1.73356,1,0.771306,1.37968,1.22351,1.26292,1.40982,1.09826,1.25877,-1.10831,1.09861,1.32355,1.39801,-0.682159,34.0,12.0,32.0,True,False,True,True,True,False
tt,125,op1_1000_rwl_late_raw,rwl_late_raw,op1,1.0,-1.70058,1,0.874155,1.36931,1.22591,1.27193,1.40982,1.10002,1.26862,-1.04463,1.10038,1.32339,1.38681,-0.680868,34.0,12.0,32.0,True,False,True,True,True,False
tt,125,op0_n100_rwl_late_raw,rwl_late_raw,op0,-0.1,1.79989,0,-0.0974256,0.0133327,0.0254522,0.02546,1.40982,-0.118962,0.00409411,1.82464,-0.119043,0.0135681,0.0123617,1.81153,34.0,12.0,32.0,True,False,True,True,True,True
tt,125,op0_0000_rwl_late_raw,rwl_late_raw,op0,0.0,1.79989,0,0.000179161,0.0169279,0.0294272,0.029435,1.40982,-0.115483,0.00813034,1.82101,-0.115577,0.0171634,0.0159564,1.80792,34.0,12.0,32.0,True,False,True,True,True,True
tt,125,op1_0900_rwl_late_hold,rwl_late_hold,op1,0.9,-1.73356,1,0.771306,1.46301,1.26961,1.79996,1.40982,1.14453,1.79898,-1.74098,1.14451,1.38926,1.48253,-1.24763,34.0,34.0,32.0,True,False,True,True,True,True
tt,125,op1_1000_rwl_late_hold,rwl_late_hold,op1,1.0,-1.70058,1,0.874155,1.45539,1.26966,1.79996,1.40982,1.14457,1.79898,-1.70845,1.14455,1.39138,1.4745,-1.24604,34.0,34.0,32.0,True,False,True,True,True,True
tt,125,op0_n100_rwl_late_hold,rwl_late_hold,op0,-0.1,1.79989,0,-0.0974256,0.000145066,7.02339e-05,7.02339e-05,1.40982,-0.137243,-0.000773793,1.80101,-0.137016,0.000510381,-0.00129843,1.90351,34.0,34.0,32.0,True,False,True,True,True,True
tt,125,op0_0000_rwl_late_hold,rwl_late_hold,op0,0.0,1.79989,0,0.000179161,0.000145624,7.0237e-05,7.0237e-05,1.40982,-0.137243,-0.000773986,1.80101,-0.137016,0.000510953,-0.00129792,1.90351,34.0,34.0,32.0,True,False,True,True,True,True
tt,125,op1_0900_latch_early_hold,latch_early_hold,op1,0.9,-1.73356,1,0.771306,1.24795,1.38879,1.92463,1.40982,1.24597,1.9192,-1.24603,0.771306,1.04474,1.25094,-1.22554,12.0,30.0,32.0,True,True,True,False,False,False
tt,125,op1_1000_latch_early_hold,latch_early_hold,op1,1.0,-1.70058,1,0.874155,1.24091,1.38188,1.92092,1.40982,1.23877,1.91548,-1.24422,0.874155,1.10877,1.24405,-1.22299,12.0,30.0,32.0,True,True,True,False,False,False
tt,125,op0_n100_latch_early_hold,latch_early_hold,op0,-0.1,1.79989,0,-0.0974256,-0.160363,-0.0248495,-0.0248397,1.40982,-0.160625,-0.0471262,1.91304,-0.0974256,0.00260987,-0.159611,1.89488,12.0,30.0,32.0,True,True,True,True,True,True
tt,125,op0_0000_latch_early_hold,latch_early_hold,op0,0.0,1.79989,0,0.000179161,-0.160361,-0.0248478,-0.024838,1.40982,-0.160623,-0.0471239,1.91304,0.000179161,0.00292177,-0.15961,1.89488,12.0,30.0,32.0,True,True,True,True,True,True
tt,125,op1_0900_latch_late_hold,latch_late_hold,op1,0.9,-1.73356,1,0.771306,1.22873,1.27374,1.79996,1.40982,1.13526,1.79844,-1.68928,0.771306,1.04474,1.24652,-1.41204,12.0,36.0,32.0,True,True,True,False,False,False
tt,125,op1_1000_latch_late_hold,latch_late_hold,op1,1.0,-1.70058,1,0.874155,1.22516,1.2743,1.79996,1.40982,1.13598,1.79845,-1.65929,0.874155,1.10877,1.24078,-1.39176,12.0,36.0,32.0,True,True,True,False,False,False
tt,125,op0_n100_latch_late_hold,latch_late_hold,op0,-0.1,1.79989,0,-0.0974256,-0.131677,7.02338e-05,7.02339e-05,1.40982,-0.137427,-0.000774212,1.80101,-0.0974256,0.00260987,-0.13205,1.90821,12.0,36.0,32.0,True,True,True,True,True,True
tt,125,op0_0000_latch_late_hold,latch_late_hold,op0,0.0,1.79989,0,0.000179161,-0.131676,7.0237e-05,7.0237e-05,1.40982,-0.137426,-0.000774406,1.80101,0.000179161,0.00292177,-0.132049,1.90821,12.0,36.0,32.0,True,True,True,True,True,True
tt,125,op1_0900_combined_hold,combined_hold,op1,0.9,-1.73356,1,0.771306,1.46309,1.26961,1.79996,1.40982,1.14453,1.79898,-1.74098,1.14451,1.32831,1.48253,-1.24588,34.0,36.0,32.0,True,False,True,True,True,True
tt,125,op1_1000_combined_hold,combined_hold,op1,1.0,-1.70058,1,0.874155,1.45545,1.26966,1.79996,1.40982,1.14457,1.79898,-1.70845,1.14455,1.32877,1.47449,-1.24511,34.0,36.0,32.0,True,False,True,True,True,True
tt,125,op0_n100_combined_hold,combined_hold,op0,-0.1,1.79989,0,-0.0974256,0.000150043,7.02339e-05,7.02339e-05,1.40982,-0.137243,-0.000773793,1.80101,-0.137016,-0.00502673,-0.00130638,1.90821,34.0,36.0,32.0,True,False,True,True,True,True
tt,125,op0_0000_combined_hold,combined_hold,op0,0.0,1.79989,0,0.000179161,0.000150607,7.0237e-05,7.0237e-05,1.40982,-0.137243,-0.000773986,1.80101,-0.137016,-0.00502626,-0.00130592,1.90821,34.0,36.0,32.0,True,False,True,True,True,True
ss,27,op1_0900_baseline_analog,baseline_analog,op1,0.9,-1.77304,1,0.774751,1.20176,1.09987,1.79999,1.17901,0.981256,1.7989,-1.77369,0.981244,1.15626,1.21627,-1.54234,37.0,37.0,35.0,True,True,True,True,True,True
ss,27,op1_1000_baseline_analog,baseline_analog,op1,1.0,-1.74712,1,0.877277,1.19988,1.10078,1.79999,1.17901,0.982079,1.7989,-1.74803,0.982066,1.16321,1.21246,-1.52811,37.0,37.0,35.0,True,True,True,True,True,True
ss,27,op0_n100_baseline_analog,baseline_analog,op0,-0.1,1.80001,0,-0.0999974,-0.00854318,3.75034e-08,3.75034e-08,1.17901,-0.138235,-0.000432415,1.80064,-0.138251,-0.0085417,-0.00854495,1.90637,37.0,37.0,35.0,True,True,True,True,True,True
ss,27,op0_0000_baseline_analog,baseline_analog,op0,0.0,1.80001,0,7.36729e-07,-0.00854307,3.75036e-08,3.75036e-08,1.17901,-0.138235,-0.000432424,1.80064,-0.138251,-0.0085416,-0.00854484,1.90637,37.0,37.0,35.0,True,True,True,True,True,True
ss,27,op1_0900_rtl_raw,rtl_raw,op1,0.9,-1.77304,1,0.774755,0.969463,1.11019,1.29279,1.17901,0.969412,1.28631,-0.871862,0.774755,1.03915,0.969565,-0.871931,12.0,12.0,32.0,True,True,True,False,False,False
ss,27,op1_1000_rtl_raw,rtl_raw,op1,1.0,-1.74712,1,0.877281,1.07297,1.21333,1.29867,1.17901,1.07289,1.29191,-0.784047,0.877281,1.1568,1.0731,-0.784163,12.0,12.0,32.0,True,True,True,True,False,False
ss,27,op0_n100_rtl_raw,rtl_raw,op0,-0.1,1.80001,0,-0.0999975,-0.140413,0.00125226,0.00125227,1.17901,-0.140413,-0.0186353,1.89104,-0.0999975,0.00116215,-0.140413,1.89103,12.0,12.0,32.0,True,True,True,True,True,True
ss,27,op0_0000_rtl_raw,rtl_raw,op0,0.0,1.80001,0,9.06975e-07,-0.136062,0.00549799,0.005498,1.17901,-0.136062,-0.0143357,1.88713,9.06975e-07,0.00540651,-0.136062,1.88711,12.0,12.0,32.0,True,True,True,True,True,True
ss,27,op1_0900_rtl_hold,rtl_hold,op1,0.9,-1.77304,1,0.774755,1.0235,1.10472,1.8,1.17901,0.9758,1.79851,-1.75931,0.774755,1.02629,1.0341,-1.63832,12.0,34.0,32.0,True,True,True,False,False,False
ss,27,op1_1000_rtl_hold,rtl_hold,op1,1.0,-1.74712,1,0.877281,1.06477,1.13755,1.8,1.17901,1.0092,1.79851,-1.73299,0.877281,1.13031,1.07385,-1.57232,12.0,34.0,32.0,True,True,True,True,False,False
ss,27,op0_n100_rtl_hold,rtl_hold,op0,-0.1,1.80001,0,-0.0999975,-0.13358,3.75034e-08,3.75034e-08,1.17901,-0.138244,-0.000432409,1.80064,-0.0999975,0.00166945,-0.13358,1.90598,12.0,34.0,32.0,True,True,True,True,True,True
ss,27,op0_0000_rtl_hold,rtl_hold,op0,0.0,1.80001,0,9.06975e-07,-0.13358,3.75036e-08,3.75036e-08,1.17901,-0.138244,-0.000432418,1.80064,9.06975e-07,0.00191648,-0.13358,1.90598,12.0,34.0,32.0,True,True,True,True,True,True
ss,27,op1_0900_neg_missing_wb,neg_missing_wb,op1,0.9,-1.77304,1,0.774755,0.948459,0.908067,1.06724e-06,1.17901,0.908067,1.11309e-06,-1.76627,0.774755,0.90806,0.957325,-1.67058,12.0,34.0,,True,False,True,False,False,False
ss,27,op1_1000_neg_missing_wb,neg_missing_wb,op1,1.0,-1.74712,1,0.877281,1.0731,1.01679,1.11444e-06,1.17901,1.01679,1.1603e-06,-1.73387,0.877281,1.01678,1.08234,-1.58122,12.0,34.0,,True,False,True,True,False,False
ss,27,op0_n100_neg_missing_wb,neg_missing_wb,op0,-0.1,1.80001,0,-0.0999975,0.03074,0.0259176,-1.4557e-05,1.17901,0.0259176,-1.45569e-05,1.8,-0.0999975,0.0259178,0.0307386,1.9087,12.0,34.0,,True,False,True,True,True,True
ss,27,op0_0000_neg_missing_wb,neg_missing_wb,op0,0.0,1.80001,0,9.06975e-07,0.133452,0.12854,-2.00814e-06,1.17901,0.12854,-2.00814e-06,1.8,9.06975e-07,0.128539,0.13345,1.9087,12.0,34.0,,True,False,True,False,False,False
ss,27,op1_0900_neg_short_wb,neg_short_wb,op1,0.9,-1.77304,1,0.774755,0.931842,1.02285,1.32905,1.17901,0.892931,1.69414,-1.76142,0.774755,1.02629,0.940416,-1.67349,12.0,34.0,12.2,True,False,True,False,False,False
ss,27,op1_1000_neg_short_wb,neg_short_wb,op1,1.0,-1.74712,1,0.877281,1.05352,1.12987,1.32056,1.17901,0.999045,1.68758,-1.72886,0.877281,1.13031,1.0624,-1.58472,12.0,34.0,12.2,True,False,True,False,False,False
ss,27,op0_n100_neg_short_wb,neg_short_wb,op0,-0.1,1.80001,0,-0.0999975,-0.130415,0.0423436,0.0158004,1.17901,-0.13507,-0.0222526,1.80002,-0.0999975,0.00166945,-0.130415,1.9087,12.0,34.0,12.2,True,False,True,True,True,True
ss,27,op0_0000_neg_short_wb,neg_short_wb,op0,0.0,1.80001,0,9.06975e-07,-0.130333,0.0453447,0.018159,1.17901,-0.134988,-0.0221825,1.80002,9.06975e-07,0.00191648,-0.130333,1.9087,12.0,34.0,12.2,True,False,True,True,True,True
ss,27,op1_0900_rwl_late_raw,rwl_late_raw,op1,0.9,-1.77304,1,0.774755,1.15144,1.07252,1.24666,1.17901,0.953912,1.24324,-1.13527,0.955598,1.12063,1.16474,-0.929276,34.0,12.0,32.0,True,False,True,True,True,False
ss,27,op1_1000_rwl_late_raw,rwl_late_raw,op1,1.0,-1.74712,1,0.877281,1.14925,1.07634,1.25694,1.17901,0.955851,1.25482,-1.06461,0.957525,1.1283,1.15972,-0.90508,34.0,12.0,32.0,True,False,True,True,True,False
ss,27,op0_n100_rwl_late_raw,rwl_late_raw,op0,-0.1,1.80001,0,-0.0999975,-0.021194,-0.00411679,-0.00411678,1.17901,-0.145885,-0.0240696,1.89553,-0.145885,-0.0211939,-0.0211952,1.89595,34.0,12.0,32.0,True,False,True,True,True,True
ss,27,op0_0000_rwl_late_raw,rwl_late_raw,op0,0.0,1.80001,0,9.06975e-07,-0.0167525,0.000119454,0.000119462,1.17901,-0.141564,-0.0197824,1.89163,-0.141564,-0.0167524,-0.0167537,1.89205,34.0,12.0,32.0,True,False,True,True,True,True
ss,27,op1_0900_rwl_late_hold,rwl_late_hold,op1,0.9,-1.77304,1,0.774755,1.20176,1.09987,1.79999,1.17901,0.981255,1.7989,-1.77369,0.981243,1.15626,1.21626,-1.54235,34.0,34.0,32.0,True,False,True,True,True,True
ss,27,op1_1000_rwl_late_hold,rwl_late_hold,op1,1.0,-1.74712,1,0.877281,1.19988,1.10078,1.79999,1.17901,0.982079,1.7989,-1.74803,0.982067,1.16321,1.21245,-1.52811,34.0,34.0,32.0,True,False,True,True,True,True
ss,27,op0_n100_rwl_late_hold,rwl_late_hold,op0,-0.1,1.80001,0,-0.0999975,-0.00854185,3.75034e-08,3.75034e-08,1.17901,-0.138235,-0.000432394,1.80064,-0.138251,-0.0085417,-0.00854305,1.90638,34.0,34.0,32.0,True,False,True,True,True,True
ss,27,op0_0000_rwl_late_hold,rwl_late_hold,op0,0.0,1.80001,0,9.06975e-07,-0.00854177,3.75035e-08,3.75035e-08,1.17901,-0.138235,-0.000432402,1.80064,-0.138251,-0.00854162,-0.00854296,1.90638,34.0,34.0,32.0,True,False,True,True,True,True
ss,27,op1_0900_latch_early_hold,latch_early_hold,op1,0.9,-1.77304,1,0.774755,1.03573,1.16949,1.89346,1.17901,1.03494,1.88855,-1.52096,0.774755,1.02629,1.03699,-1.51579,12.0,30.0,32.0,True,True,True,False,False,False
ss,27,op1_1000_latch_early_hold,latch_early_hold,op1,1.0,-1.74712,1,0.877281,1.07396,1.20727,1.89558,1.17901,1.07227,1.89068,-1.48146,0.877281,1.13031,1.07608,-1.46991,12.0,30.0,32.0,True,True,True,True,False,False
ss,27,op0_n100_latch_early_hold,latch_early_hold,op0,-0.1,1.80001,0,-0.0999975,-0.168559,-0.0266275,-0.0266275,1.17901,-0.16856,-0.0468677,1.91149,-0.0999975,0.00166945,-0.168559,1.91147,12.0,30.0,32.0,True,True,True,True,True,True
ss,27,op0_0000_latch_early_hold,latch_early_hold,op0,0.0,1.80001,0,9.06975e-07,-0.168559,-0.0266273,-0.0266273,1.17901,-0.16856,-0.0468674,1.91149,9.06975e-07,0.00191648,-0.168559,1.91147,12.0,30.0,32.0,True,True,True,True,True,True
ss,27,op1_0900_latch_late_hold,latch_late_hold,op1,0.9,-1.77304,1,0.774755,1.0235,1.10472,1.8,1.17901,0.9758,1.79851,-1.75931,0.774755,1.02629,1.0341,-1.64734,12.0,36.0,32.0,True,True,True,False,False,False
ss,27,op1_1000_latch_late_hold,latch_late_hold,op1,1.0,-1.74712,1,0.877281,1.06477,1.13755,1.8,1.17901,1.0092,1.79851,-1.73299,0.877281,1.13031,1.07385,-1.58159,12.0,36.0,32.0,True,True,True,True,False,False
ss,27,op0_n100_latch_late_hold,latch_late_hold,op0,-0.1,1.80001,0,-0.0999975,-0.133729,3.75034e-08,3.75034e-08,1.17901,-0.138244,-0.000432409,1.80064,-0.0999975,0.00166945,-0.133729,1.90916,12.0,36.0,32.0,True,True,True,True,True,True
ss,27,op0_0000_latch_late_hold,latch_late_hold,op0,0.0,1.80001,0,9.06975e-07,-0.133728,3.75036e-08,3.75036e-08,1.17901,-0.138244,-0.000432418,1.80064,9.06975e-07,0.00191648,-0.133729,1.90916,12.0,36.0,32.0,True,True,True,True,True,True
ss,27,op1_0900_combined_hold,combined_hold,op1,0.9,-1.77304,1,0.774755,1.20183,1.09987,1.79999,1.17901,0.981255,1.7989,-1.77369,0.981243,1.1278,1.21627,-1.54672,34.0,36.0,32.0,True,False,True,True,True,True
ss,27,op1_1000_combined_hold,combined_hold,op1,1.0,-1.74712,1,0.877281,1.19992,1.10078,1.79999,1.17901,0.982079,1.7989,-1.74803,0.982067,1.12918,1.21246,-1.53351,34.0,36.0,32.0,True,False,True,True,True,True
ss,27,op0_n100_combined_hold,combined_hold,op0,-0.1,1.80001,0,-0.0999975,-0.00873,3.75034e-08,3.75034e-08,1.17901,-0.138235,-0.000432394,1.80064,-0.138251,-0.0133837,-0.00873117,1.90916,34.0,36.0,32.0,True,False,True,True,True,True
ss,27,op0_0000_combined_hold,combined_hold,op0,0.0,1.80001,0,9.06975e-07,-0.00872989,3.75035e-08,3.75035e-08,1.17901,-0.138235,-0.000432402,1.80064,-0.138251,-0.0133837,-0.00873106,1.90916,34.0,36.0,32.0,True,False,True,True,True,True
ss,125,op1_0900_baseline_analog,baseline_analog,op1,0.9,-1.75436,1,0.775715,1.32814,1.18745,1.79998,1.2948,1.06814,1.79886,-1.75779,1.06811,1.26605,1.34621,-1.41417,37.0,37.0,35.0,True,True,True,True,True,True
ss,125,op1_1000_baseline_analog,baseline_analog,op1,1.0,-1.72544,1,0.87813,1.32307,1.1877,1.79998,1.2948,1.06836,1.79887,-1.72923,1.06833,1.27102,1.34007,-1.40755,37.0,37.0,35.0,True,True,True,True,True,True
ss,125,op0_n100_baseline_analog,baseline_analog,op0,-0.1,1.79998,0,-0.0981929,-0.015232,1.50512e-05,1.50512e-05,1.2948,-0.143972,-0.00115248,1.80142,-0.143787,-0.0151606,-0.0155388,1.91006,37.0,37.0,35.0,True,True,True,True,True,True
ss,125,op0_0000_baseline_analog,baseline_analog,op0,0.0,1.79998,0,0.00013199,-0.0152316,1.50514e-05,1.50514e-05,1.2948,-0.143972,-0.00115261,1.80142,-0.143786,-0.0151602,-0.0155385,1.91006,37.0,37.0,35.0,True,True,True,True,True,True
ss,125,op1_0900_rtl_raw,rtl_raw,op1,0.9,-1.75436,1,0.775734,1.03897,1.18046,1.31904,1.2948,1.03888,1.31293,-0.777468,0.775734,1.04104,1.03915,-0.776938,12.0,12.0,32.0,True,True,True,False,False,False
ss,125,op1_1000_rtl_raw,rtl_raw,op1,1.0,-1.72544,1,0.878151,1.07979,1.22126,1.32333,1.2948,1.07958,1.31709,-0.728495,0.878151,1.1497,1.08018,-0.727093,12.0,12.0,32.0,True,True,True,False,False,False
ss,125,op0_n100_rtl_raw,rtl_raw,op0,-0.1,1.79998,0,-0.0983618,-0.139644,0.00692871,0.00693094,1.2948,-0.139924,-0.0130261,1.87822,-0.0983618,0.0010723,-0.139046,1.87465,12.0,12.0,32.0,True,True,True,True,True,True
ss,125,op0_0000_rtl_raw,rtl_raw,op0,0.0,1.79998,0,0.000126647,-0.135819,0.0110787,0.0110809,1.2948,-0.136063,-0.00880181,1.87435,0.000126647,0.00524215,-0.135296,1.87078,12.0,12.0,32.0,True,True,True,True,True,True
ss,125,op1_0900_rtl_hold,rtl_hold,op1,0.9,-1.75436,1,0.775734,1.12823,1.19139,1.79999,1.2948,1.06077,1.79834,-1.72622,0.775734,1.02883,1.14323,-1.53611,12.0,34.0,32.0,True,True,True,False,False,False
ss,125,op1_1000_rtl_hold,rtl_hold,op1,1.0,-1.72544,1,0.878151,1.1344,1.19637,1.79999,1.2948,1.06597,1.79837,-1.69966,0.878151,1.12384,1.14683,-1.49619,12.0,34.0,32.0,True,True,True,False,False,False
ss,125,op0_n100_rtl_hold,rtl_hold,op0,-0.1,1.79998,0,-0.0983618,-0.138733,1.50512e-05,1.50512e-05,1.2948,-0.144051,-0.00115268,1.80143,-0.0983618,0.00355741,-0.13819,1.9097,12.0,34.0,32.0,True,True,True,True,True,True
ss,125,op0_0000_rtl_hold,rtl_hold,op0,0.0,1.79998,0,0.000126647,-0.138733,1.50514e-05,1.50514e-05,1.2948,-0.14405,-0.00115281,1.80143,0.000126647,0.00407621,-0.13819,1.9097,12.0,34.0,32.0,True,True,True,True,True,True
ss,125,op1_0900_neg_missing_wb,neg_missing_wb,op1,0.9,-1.75436,1,0.775734,0.96267,0.91332,2.09769e-06,1.2948,0.913318,2.1634e-06,-1.74295,0.775734,0.91331,0.973807,-1.60754,12.0,34.0,,True,False,True,False,False,False
ss,125,op1_1000_neg_missing_wb,neg_missing_wb,op1,1.0,-1.72544,1,0.878151,1.08728,1.02322,2.33196e-06,1.2948,1.02322,2.40015e-06,-1.70569,0.878151,1.02321,1.09875,-1.51636,12.0,34.0,,True,False,True,False,False,False
ss,125,op0_n100_neg_missing_wb,neg_missing_wb,op0,-0.1,1.79998,0,-0.0983618,0.0315868,0.0265397,-7.53714e-05,1.2948,0.0265391,-7.53671e-05,1.79998,-0.0983618,0.0265421,0.0312416,1.91272,12.0,34.0,,True,False,True,True,True,True
ss,125,op0_0000_neg_missing_wb,neg_missing_wb,op0,0.0,1.79998,0,0.000126647,0.133154,0.12806,-2.40068e-05,1.2948,0.128059,-2.40003e-05,1.79998,0.000126647,0.128064,0.132783,1.91272,12.0,34.0,,True,False,True,False,False,False
ss,125,op1_0900_neg_short_wb,neg_short_wb,op1,0.9,-1.75436,1,0.775734,0.936651,1.0168,1.33756,1.2948,0.889488,1.69419,-1.73814,0.775734,1.02883,0.947349,-1.61215,12.0,34.0,12.2,True,False,True,False,False,False
ss,125,op1_1000_neg_short_wb,neg_short_wb,op1,1.0,-1.72544,1,0.878151,1.04862,1.12146,1.33092,1.2948,0.987894,1.68877,-1.70164,0.878151,1.12384,1.05944,-1.52296,12.0,34.0,12.2,True,False,True,False,False,False
ss,125,op0_n100_neg_short_wb,neg_short_wb,op0,-0.1,1.79998,0,-0.0983618,-0.130349,0.0511433,0.0178837,1.2948,-0.137611,-0.0244839,1.80005,-0.0983618,0.00355741,-0.129959,1.91272,12.0,34.0,12.2,True,False,True,True,True,True
ss,125,op0_0000_neg_short_wb,neg_short_wb,op0,0.0,1.79998,0,0.000126647,-0.130152,0.0549518,0.020578,1.2948,-0.137404,-0.0242889,1.80004,0.000126647,0.00407621,-0.129766,1.91272,12.0,34.0,12.2,True,False,True,True,True,True
ss,125,op1_0900_rwl_late_raw,rwl_late_raw,op1,0.9,-1.75436,1,0.775734,1.26696,1.15438,1.25935,1.2948,1.03503,1.25541,-1.12748,1.03591,1.2218,1.28388,-0.820864,34.0,12.0,32.0,True,False,True,True,True,False
ss,125,op1_1000_rwl_late_raw,rwl_late_raw,op1,1.0,-1.72544,1,0.878151,1.25897,1.15615,1.26875,1.2948,1.0356,1.26575,-1.06383,1.03649,1.22454,1.27403,-0.811811,34.0,12.0,32.0,True,False,True,True,True,False
ss,125,op0_n100_rwl_late_raw,rwl_late_raw,op0,-0.1,1.79998,0,-0.0983618,-0.0211778,0.00165423,0.00165645,1.2948,-0.144728,-0.0183971,1.88278,-0.144583,-0.0211175,-0.0214369,1.87963,34.0,12.0,32.0,True,False,True,True,True,True
ss,125,op0_0000_rwl_late_raw,rwl_late_raw,op0,0.0,1.79998,0,0.000126647,-0.0172531,0.00578036,0.00578259,1.2948,-0.140907,-0.0141923,1.87892,-0.14078,-0.0171915,-0.0175177,1.87577,34.0,12.0,32.0,True,False,True,True,True,True
ss,125,op1_0900_rwl_late_hold,rwl_late_hold,op1,0.9,-1.75436,1,0.775734,1.32813,1.18745,1.79998,1.2948,1.06813,1.79886,-1.75779,1.06811,1.26604,1.3462,-1.41417,34.0,34.0,32.0,True,False,True,True,True,True
ss,125,op1_1000_rwl_late_hold,rwl_late_hold,op1,1.0,-1.72544,1,0.878151,1.32307,1.1877,1.79998,1.2948,1.06836,1.79887,-1.72923,1.06833,1.27102,1.34006,-1.40755,34.0,34.0,32.0,True,False,True,True,True,True
ss,125,op0_n100_rwl_late_hold,rwl_late_hold,op0,-0.1,1.79998,0,-0.0983618,-0.0152313,1.50512e-05,1.50512e-05,1.2948,-0.143972,-0.00115246,1.80142,-0.143787,-0.0151606,-0.0155382,1.91006,34.0,34.0,32.0,True,False,True,True,True,True
ss,125,op0_0000_rwl_late_hold,rwl_late_hold,op0,0.0,1.79998,0,0.000126647,-0.0152309,1.50514e-05,1.50514e-05,1.2948,-0.143972,-0.00115259,1.80142,-0.143786,-0.0151602,-0.0155378,1.91006,34.0,34.0,32.0,True,False,True,True,True,True
ss,125,op1_0900_latch_early_hold,latch_early_hold,op1,0.9,-1.75436,1,0.775734,1.14381,1.277,1.90997,1.2948,1.14217,1.90519,-1.39954,0.775734,1.02883,1.14623,-1.38705,12.0,30.0,32.0,True,True,True,False,False,False
ss,125,op1_1000_latch_early_hold,latch_early_hold,op1,1.0,-1.72544,1,0.878151,1.14537,1.27846,1.90826,1.2948,1.14313,1.90345,-1.38691,0.878151,1.12384,1.14827,-1.37039,12.0,30.0,32.0,True,True,True,False,False,False
ss,125,op0_n100_latch_early_hold,latch_early_hold,op0,-0.1,1.79998,0,-0.0983618,-0.169273,-0.0265143,-0.0265119,1.2948,-0.16996,-0.0470214,1.91737,-0.0983618,0.00355741,-0.167848,1.9135,12.0,30.0,32.0,True,True,True,True,True,True
ss,125,op0_0000_latch_early_hold,latch_early_hold,op0,0.0,1.79998,0,0.000126647,-0.169272,-0.0265133,-0.0265109,1.2948,-0.169959,-0.0470202,1.91737,0.000126647,0.00407621,-0.167847,1.9135,12.0,30.0,32.0,True,True,True,True,True,True
ss,125,op1_0900_latch_late_hold,latch_late_hold,op1,0.9,-1.75436,1,0.775734,1.12821,1.19139,1.79999,1.2948,1.06077,1.79834,-1.72622,0.775734,1.02883,1.14321,-1.54435,12.0,36.0,32.0,True,True,True,False,False,False
ss,125,op1_1000_latch_late_hold,latch_late_hold,op1,1.0,-1.72544,1,0.878151,1.13439,1.19637,1.79999,1.2948,1.06597,1.79837,-1.69966,0.878151,1.12384,1.14681,-1.50451,12.0,36.0,32.0,True,True,True,False,False,False
ss,125,op0_n100_latch_late_hold,latch_late_hold,op0,-0.1,1.79998,0,-0.0983618,-0.138525,1.50512e-05,1.50512e-05,1.2948,-0.144051,-0.00115268,1.80143,-0.0983618,0.00355741,-0.137985,1.91498,12.0,36.0,32.0,True,True,True,True,True,True
ss,125,op0_0000_latch_late_hold,latch_late_hold,op0,0.0,1.79998,0,0.000126647,-0.138525,1.50514e-05,1.50514e-05,1.2948,-0.14405,-0.00115281,1.80143,0.000126647,0.00407621,-0.137985,1.91498,12.0,36.0,32.0,True,True,True,True,True,True
ss,125,op1_0900_combined_hold,combined_hold,op1,0.9,-1.75436,1,0.775734,1.32822,1.18745,1.79998,1.2948,1.06813,1.79886,-1.75779,1.06811,1.22861,1.3462,-1.41553,34.0,36.0,32.0,True,False,True,True,True,True
ss,125,op1_1000_combined_hold,combined_hold,op1,1.0,-1.72544,1,0.878151,1.32313,1.1877,1.79998,1.2948,1.06836,1.79887,-1.72923,1.06833,1.2293,1.34006,-1.40981,34.0,36.0,32.0,True,False,True,True,True,True
ss,125,op0_n100_combined_hold,combined_hold,op0,-0.1,1.79998,0,-0.0983618,-0.0153068,1.50512e-05,1.50512e-05,1.2948,-0.143972,-0.00115246,1.80142,-0.143787,-0.0203479,-0.0156114,1.91498,34.0,36.0,32.0,True,False,True,True,True,True
ss,125,op0_0000_combined_hold,combined_hold,op0,0.0,1.79998,0,0.000126647,-0.0153064,1.50514e-05,1.50514e-05,1.2948,-0.143972,-0.00115259,1.80142,-0.143786,-0.0203475,-0.015611,1.91498,34.0,36.0,32.0,True,False,True,True,True,True
ff,27,op1_0900_baseline_analog,baseline_analog,op1,0.9,-1.73189,1,0.766374,1.4365,1.2435,1.79999,1.37666,1.11357,1.79918,-1.73923,1.11356,1.37677,1.4511,-1.26499,37.0,37.0,35.0,True,True,True,True,True,True
ff,27,op1_1000_baseline_analog,baseline_analog,op1,1.0,-1.69757,1,0.869667,1.42807,1.24352,1.79999,1.37666,1.11356,1.79918,-1.70538,1.11355,1.37633,1.44243,-1.26344,37.0,37.0,35.0,True,True,True,True,True,True
ff,27,op0_n100_baseline_analog,baseline_analog,op0,-0.1,1.79999,0,-0.0999092,0.0111734,5.64381e-06,5.64381e-06,1.37666,-0.136895,-0.000143743,1.80029,-0.136903,0.0112218,0.0109668,1.90886,37.0,37.0,35.0,True,True,True,True,True,True
ff,27,op0_0000_baseline_analog,baseline_analog,op0,0.0,1.79999,0,1.62977e-06,0.0111735,5.64386e-06,5.64386e-06,1.37666,-0.136895,-0.000143755,1.80029,-0.136903,0.011222,0.0109669,1.90886,37.0,37.0,35.0,True,True,True,True,True,True
ff,27,op1_0900_rtl_raw,rtl_raw,op1,0.9,-1.73188,1,0.766377,1.06318,1.2214,1.31347,1.37666,1.06315,1.30603,-0.676888,0.766377,1.0522,1.06324,-0.677431,12.0,12.0,32.0,True,True,True,False,False,False
ff,27,op1_1000_rtl_raw,rtl_raw,op1,1.0,-1.69757,1,0.869677,1.06681,1.2253,1.31392,1.37666,1.0666,1.30643,-0.660436,0.869677,1.13178,1.06722,-0.659508,12.0,12.0,32.0,True,True,True,False,False,False
ff,27,op0_n100_rtl_raw,rtl_raw,op0,-0.1,1.79999,0,-0.0999172,-0.134883,0.00896482,0.00896578,1.37666,-0.134798,-0.0142661,1.88299,-0.0999172,0.00443765,-0.135049,1.88058,12.0,12.0,32.0,True,True,True,True,True,True
ff,27,op0_0000_rtl_raw,rtl_raw,op0,0.0,1.79999,0,1.65113e-06,-0.131374,0.0130464,0.0130473,1.37666,-0.131289,-0.0101,1.87921,1.65113e-06,0.00854914,-0.131541,1.87682,12.0,12.0,32.0,True,True,True,True,True,True
ff,27,op1_0900_rtl_hold,rtl_hold,op1,0.9,-1.73188,1,0.766377,1.19201,1.24687,1.79999,1.37666,1.10254,1.79878,-1.69347,0.766377,1.04687,1.20511,-1.43006,12.0,34.0,32.0,True,True,True,False,False,False
ff,27,op1_1000_rtl_hold,rtl_hold,op1,1.0,-1.69757,1,0.869677,1.18728,1.24714,1.79999,1.37666,1.10285,1.79877,-1.66171,0.869677,1.09478,1.19851,-1.40958,12.0,34.0,32.0,True,True,True,False,False,False
ff,27,op0_n100_rtl_hold,rtl_hold,op0,-0.1,1.79999,0,-0.0999172,-0.131496,5.64381e-06,5.64381e-06,1.37666,-0.136968,-0.000143777,1.80029,-0.0999172,0.000647135,-0.131679,1.9084,12.0,34.0,32.0,True,True,True,True,True,True
ff,27,op0_0000_rtl_hold,rtl_hold,op0,0.0,1.79999,0,1.65113e-06,-0.131496,5.64386e-06,5.64386e-06,1.37666,-0.136968,-0.000143789,1.80029,1.65113e-06,0.000712614,-0.131678,1.9084,12.0,34.0,32.0,True,True,True,True,True,True
ff,27,op1_0900_neg_missing_wb,neg_missing_wb,op1,0.9,-1.73188,1,0.766377,0.982611,0.921528,2.07832e-06,1.37666,0.921528,2.14151e-06,-1.71607,0.766377,0.921524,0.992218,-1.54148,12.0,34.0,,True,False,True,False,False,False
ff,27,op1_1000_neg_missing_wb,neg_missing_wb,op1,1.0,-1.69757,1,0.869677,1.11044,1.03439,2.36063e-06,1.37666,1.03439,2.42638e-06,-1.67098,0.869677,1.03438,1.12025,-1.44451,12.0,34.0,,True,False,True,False,False,False
ff,27,op0_n100_neg_missing_wb,neg_missing_wb,op0,-0.1,1.79999,0,-0.0999172,0.0492315,0.0435717,-7.43879e-05,1.37666,0.0435716,-7.4386e-05,1.79999,-0.0999172,0.0435707,0.0490229,1.91045,12.0,34.0,,True,False,True,True,True,True
ff,27,op0_0000_neg_missing_wb,neg_missing_wb,op0,0.0,1.79999,0,1.65113e-06,0.151924,0.146179,-1.68205e-05,1.37666,0.146179,-1.68172e-05,1.79999,1.65113e-06,0.146178,0.151712,1.91045,12.0,34.0,,True,False,True,False,False,False
ff,27,op1_0900_neg_short_wb,neg_short_wb,op1,0.9,-1.73188,1,0.766377,0.95132,0.990115,1.37592,1.37666,0.892859,1.72978,-1.71715,0.766377,1.04687,0.960465,-1.54685,12.0,34.0,12.2,True,False,True,False,False,False
ff,27,op1_1000_neg_short_wb,neg_short_wb,op1,1.0,-1.69757,1,0.869677,1.01038,1.08769,1.36487,1.37666,0.942627,1.72469,-1.67846,0.869677,1.09478,1.01875,-1.45588,12.0,34.0,12.2,True,False,True,False,False,False
ff,27,op0_n100_neg_short_wb,neg_short_wb,op0,-0.1,1.79999,0,-0.0999172,-0.121355,0.0341124,0.0146646,1.37666,-0.126863,-0.0266849,1.8,-0.0999172,0.000647135,-0.121545,1.91045,12.0,34.0,12.2,True,False,True,True,True,True
ff,27,op0_0000_neg_short_wb,neg_short_wb,op0,0.0,1.79999,0,1.65113e-06,-0.12134,0.0357167,0.0160328,1.37666,-0.126848,-0.0266707,1.8,1.65113e-06,0.000712614,-0.12153,1.91045,12.0,34.0,12.2,True,False,True,True,True,True
ff,27,op1_0900_rwl_late_raw,rwl_late_raw,op1,0.9,-1.73188,1,0.766377,1.34923,1.19597,1.24522,1.37666,1.06629,1.24133,-1.08077,1.06646,1.30305,1.36312,-0.667816,34.0,12.0,32.0,True,False,True,True,True,True
ff,27,op1_1000_rwl_late_raw,rwl_late_raw,op1,1.0,-1.69757,1,0.869677,1.33634,1.19794,1.25503,1.37666,1.06699,1.25239,-1.00895,1.06718,1.29908,1.34973,-0.669561,34.0,12.0,32.0,True,False,True,True,True,False
ff,27,op0_n100_rwl_late_raw,rwl_late_raw,op0,-0.1,1.79999,0,-0.0999172,0.00254793,0.0030483,0.00304926,1.37666,-0.139728,-0.020309,1.88793,-0.139767,0.00259125,0.00235522,1.88606,34.0,12.0,32.0,True,False,True,True,True,True
ff,27,op0_0000_rwl_late_raw,rwl_late_raw,op0,0.0,1.79999,0,1.65113e-06,0.00605862,0.00708968,0.00709063,1.37666,-0.13632,-0.0161791,1.88419,-0.136359,0.00610168,0.00586703,1.88233,34.0,12.0,32.0,True,False,True,True,True,True
ff,27,op1_0900_rwl_late_hold,rwl_late_hold,op1,0.9,-1.73188,1,0.766377,1.43649,1.2435,1.79999,1.37666,1.11356,1.79918,-1.73923,1.11355,1.37676,1.45108,-1.265,34.0,34.0,32.0,True,False,True,True,True,True
ff,27,op1_1000_rwl_late_hold,rwl_late_hold,op1,1.0,-1.69757,1,0.869677,1.42806,1.24351,1.79999,1.37666,1.11356,1.79918,-1.70538,1.11355,1.37633,1.44242,-1.26345,34.0,34.0,32.0,True,False,True,True,True,True
ff,27,op0_n100_rwl_late_hold,rwl_late_hold,op0,-0.1,1.79999,0,-0.0999172,0.0111748,5.64381e-06,5.64381e-06,1.37666,-0.136895,-0.000143725,1.80029,-0.136903,0.0112219,0.0109679,1.90888,34.0,34.0,32.0,True,False,True,True,True,True
ff,27,op0_0000_rwl_late_hold,rwl_late_hold,op0,0.0,1.79999,0,1.65113e-06,0.011175,5.64386e-06,5.64386e-06,1.37666,-0.136895,-0.000143738,1.80029,-0.136903,0.0112221,0.010968,1.90888,34.0,34.0,32.0,True,False,True,True,True,True
ff,27,op1_0900_latch_early_hold,latch_early_hold,op1,0.9,-1.73188,1,0.766377,1.21056,1.36213,1.92848,1.37666,1.21012,1.92297,-1.25907,0.766377,1.04687,1.21139,-1.25567,12.0,30.0,32.0,True,True,True,False,False,False
ff,27,op1_1000_latch_early_hold,latch_early_hold,op1,1.0,-1.69757,1,0.869677,1.20205,1.35368,1.92381,1.37666,1.20149,1.91828,-1.25961,0.869677,1.09478,1.20305,-1.25546,12.0,30.0,32.0,True,True,True,False,False,False
ff,27,op0_n100_latch_early_hold,latch_early_hold,op0,-0.1,1.79999,0,-0.0999172,-0.164082,-0.0276561,-0.0276551,1.37666,-0.164005,-0.0517155,1.91985,-0.0999172,0.000647135,-0.164231,1.91725,12.0,30.0,32.0,True,True,True,True,True,True
ff,27,op0_0000_latch_early_hold,latch_early_hold,op0,0.0,1.79999,0,1.65113e-06,-0.164082,-0.0276557,-0.0276547,1.37666,-0.164005,-0.051715,1.91985,1.65113e-06,0.000712614,-0.16423,1.91725,12.0,30.0,32.0,True,True,True,True,True,True
ff,27,op1_0900_latch_late_hold,latch_late_hold,op1,0.9,-1.73188,1,0.766377,1.19202,1.24687,1.79999,1.37666,1.10254,1.79878,-1.69347,0.766377,1.04687,1.20512,-1.44117,12.0,36.0,32.0,True,True,True,False,False,False
ff,27,op1_1000_latch_late_hold,latch_late_hold,op1,1.0,-1.69757,1,0.869677,1.18728,1.24714,1.79999,1.37666,1.10285,1.79877,-1.66171,0.869677,1.09478,1.19851,-1.42107,12.0,36.0,32.0,True,True,True,False,False,False
ff,27,op0_n100_latch_late_hold,latch_late_hold,op0,-0.1,1.79999,0,-0.0999172,-0.131458,5.64381e-06,5.64381e-06,1.37666,-0.136968,-0.000143777,1.80029,-0.0999172,0.000647135,-0.131643,1.91467,12.0,36.0,32.0,True,True,True,True,True,True
ff,27,op0_0000_latch_late_hold,latch_late_hold,op0,0.0,1.79999,0,1.65113e-06,-0.131458,5.64386e-06,5.64386e-06,1.37666,-0.136968,-0.000143789,1.80029,1.65113e-06,0.000712614,-0.131643,1.91467,12.0,36.0,32.0,True,True,True,True,True,True
ff,27,op1_0900_combined_hold,combined_hold,op1,0.9,-1.73188,1,0.766377,1.43655,1.2435,1.79999,1.37666,1.11356,1.79918,-1.73923,1.11355,1.30203,1.45109,-1.26709,34.0,36.0,32.0,True,False,True,True,True,True
ff,27,op1_1000_combined_hold,combined_hold,op1,1.0,-1.69757,1,0.869677,1.42811,1.24351,1.79999,1.37666,1.11356,1.79918,-1.70538,1.11355,1.30262,1.44243,-1.26655,34.0,36.0,32.0,True,False,True,True,True,True
ff,27,op0_n100_combined_hold,combined_hold,op0,-0.1,1.79999,0,-0.0999172,0.0111669,5.64381e-06,5.64381e-06,1.37666,-0.136895,-0.000143725,1.80029,-0.136903,0.00550884,0.0109577,1.91467,34.0,36.0,32.0,True,False,True,True,True,True
ff,27,op0_0000_combined_hold,combined_hold,op0,0.0,1.79999,0,1.65113e-06,0.011167,5.64386e-06,5.64386e-06,1.37666,-0.136895,-0.000143738,1.80029,-0.136903,0.00550889,0.0109578,1.91467,34.0,36.0,32.0,True,False,True,True,True,True
ff,125,op1_0900_baseline_analog,baseline_analog,op1,0.9,-1.70854,1,0.767172,1.58372,1.34237,1.79981,1.50837,1.21133,1.79897,-1.72018,1.21131,1.50507,1.60417,-1.07142,37.0,37.0,35.0,True,True,True,True,True,True
ff,125,op1_1000_baseline_analog,baseline_analog,op1,1.0,-1.67221,1,0.87052,1.57454,1.34237,1.79982,1.50837,1.21134,1.79897,-1.68424,1.21132,1.50399,1.5948,-1.07286,37.0,37.0,35.0,True,True,True,True,True,True
ff,125,op0_n100_baseline_analog,baseline_analog,op0,-0.1,1.79941,0,-0.0939914,0.01548,0.000374064,0.000374064,1.50837,-0.130018,-0.000182148,1.80021,-0.129634,0.0175043,0.0097695,1.85442,37.0,37.0,35.0,True,True,True,True,True,True
ff,125,op0_0000_baseline_analog,baseline_analog,op0,0.0,1.79941,0,0.000369107,0.0154804,0.000374078,0.000374078,1.50837,-0.130018,-0.000182304,1.80021,-0.129634,0.0175048,0.00976982,1.85442,37.0,37.0,35.0,True,True,True,True,True,True
ff,125,op1_0900_rtl_raw,rtl_raw,op1,0.9,-1.70851,1,0.767253,1.15634,1.31553,1.36363,1.50837,1.15612,1.35685,-0.563974,0.767253,1.08663,1.1569,-0.566406,12.0,12.0,32.0,True,True,True,False,False,False
ff,125,op1_1000_rtl_raw,rtl_raw,op1,1.0,-1.67218,1,0.8706,1.15481,1.31414,1.36264,1.50837,1.15447,1.35584,-0.556931,0.8706,1.12581,1.15558,-0.558442,12.0,12.0,32.0,True,True,True,False,False,False
ff,125,op0_n100_rtl_raw,rtl_raw,op0,-0.1,1.79941,0,-0.0944686,-0.0301,0.122576,0.122596,1.50837,-0.0288861,0.101709,1.61011,-0.0944686,0.00589633,-0.0320427,1.57495,12.0,12.0,32.0,True,True,True,True,True,True
ff,125,op0_0000_rtl_raw,rtl_raw,op0,0.0,1.79941,0,0.000351563,-0.0265772,0.126177,0.126196,1.50837,-0.0253587,0.105363,1.60732,0.000351563,0.00991745,-0.0285319,1.57224,12.0,12.0,32.0,True,True,True,True,True,True
ff,125,op1_0900_rtl_hold,rtl_hold,op1,0.9,-1.70851,1,0.767253,1.31724,1.34676,1.79984,1.50837,1.20066,1.79848,-1.64874,0.767253,1.08764,1.33708,-1.26107,12.0,34.0,32.0,True,True,True,False,False,False
ff,125,op1_1000_rtl_hold,rtl_hold,op1,1.0,-1.67218,1,0.8706,1.30934,1.3468,1.79985,1.50837,1.20078,1.79849,-1.61515,0.8706,1.10794,1.32794,-1.25323,12.0,34.0,32.0,True,True,True,False,False,False
ff,125,op0_n100_rtl_hold,rtl_hold,op0,-0.1,1.79941,0,-0.0944686,-0.125711,0.000374064,0.000374064,1.50837,-0.130284,-0.000182643,1.80021,-0.0944686,0.00208441,-0.129409,1.85414,12.0,34.0,32.0,True,True,True,True,True,True
ff,125,op0_0000_rtl_hold,rtl_hold,op0,0.0,1.79941,0,0.000351563,-0.12571,0.000374078,0.000374078,1.50837,-0.130284,-0.0001828,1.80021,0.000351563,0.00226294,-0.129409,1.85414,12.0,34.0,32.0,True,True,True,True,True,True
ff,125,op1_0900_neg_missing_wb,neg_missing_wb,op1,0.9,-1.70851,1,0.767253,1.00021,0.928065,0.000133102,1.50837,0.928056,0.000136121,-1.68626,0.767253,0.92808,1.01551,-1.43275,12.0,34.0,,True,False,True,False,False,False
ff,125,op1_1000_neg_missing_wb,neg_missing_wb,op1,1.0,-1.67218,1,0.8706,1.12746,1.04172,0.000150856,1.50837,1.04171,0.000154275,-1.63724,0.8706,1.04174,1.14257,-1.33649,12.0,34.0,,True,False,True,False,False,False
ff,125,op0_n100_neg_missing_wb,neg_missing_wb,op0,-0.1,1.79941,0,-0.0944686,0.0518879,0.0481385,-0.000662481,1.50837,0.0481364,-0.000662003,1.79942,-0.0944686,0.0481431,0.0460824,1.8564,12.0,34.0,,True,False,True,False,False,False
ff,125,op0_0000_neg_missing_wb,neg_missing_wb,op0,0.0,1.79941,0,0.000351563,0.150207,0.146481,-0.000102875,1.50837,0.146477,-0.000102097,1.79942,0.000351563,0.146487,0.144272,1.8564,12.0,34.0,,True,False,True,False,False,False
ff,125,op1_0900_neg_short_wb,neg_short_wb,op1,0.9,-1.70851,1,0.767253,1.00186,0.976326,1.379,1.50837,0.929136,1.72589,-1.68411,0.767253,1.08764,1.01741,-1.43254,12.0,34.0,12.2,True,False,True,False,False,False
ff,125,op1_1000_neg_short_wb,neg_short_wb,op1,1.0,-1.67218,1,0.8706,1.02812,1.06303,1.37066,1.50837,0.949627,1.72164,-1.64523,0.8706,1.10794,1.04172,-1.34923,12.0,34.0,12.2,True,False,True,False,False,False
ff,125,op0_n100_neg_short_wb,neg_short_wb,op0,-0.1,1.79941,0,-0.0944686,-0.121679,0.0405872,0.0175599,1.50837,-0.130366,-0.0292176,1.79945,-0.0944686,0.00208441,-0.12564,1.85641,12.0,34.0,12.2,True,False,True,True,True,True
ff,125,op0_0000_neg_short_wb,neg_short_wb,op0,0.0,1.79941,0,0.000351563,-0.121634,0.042633,0.0193097,1.50837,-0.130317,-0.0291633,1.79945,0.000351563,0.00226294,-0.125597,1.85641,12.0,34.0,12.2,True,False,True,True,True,True
ff,125,op1_0900_rwl_late_raw,rwl_late_raw,op1,0.9,-1.70851,1,0.767253,1.44993,1.26482,1.27545,1.50837,1.13217,1.27125,-1.08651,1.13232,1.39148,1.46809,-0.582795,34.0,12.0,32.0,True,False,True,True,True,False
ff,125,op1_1000_rwl_late_raw,rwl_late_raw,op1,1.0,-1.67218,1,0.8706,1.44255,1.27058,1.28465,1.50837,1.13749,1.28128,-1.0206,1.13764,1.39257,1.46028,-0.580884,34.0,12.0,32.0,True,False,True,True,True,False
ff,125,op0_n100_rwl_late_raw,rwl_late_raw,op0,-0.1,1.79941,0,-0.0944686,0.11009,0.117063,0.117083,1.50837,-0.0335147,0.0961309,1.61401,-0.0341037,0.110666,0.10791,1.57929,34.0,12.0,32.0,True,False,True,False,False,False
ff,125,op0_0000_rwl_late_raw,rwl_late_raw,op0,0.0,1.79941,0,0.000351563,0.113695,0.120626,0.120646,1.50837,-0.0300313,0.0997486,1.61124,-0.0306224,0.11427,0.111518,1.57659,34.0,12.0,32.0,True,False,True,False,False,False
ff,125,op1_0900_rwl_late_hold,rwl_late_hold,op1,0.9,-1.70851,1,0.767253,1.58369,1.34236,1.79981,1.50837,1.21133,1.79897,-1.72016,1.21131,1.50506,1.60415,-1.07143,34.0,34.0,32.0,True,False,True,True,True,True
ff,125,op1_1000_rwl_late_hold,rwl_late_hold,op1,1.0,-1.67218,1,0.8706,1.57452,1.34237,1.79982,1.50837,1.21134,1.79897,-1.6842,1.21131,1.50398,1.59477,-1.07287,34.0,34.0,32.0,True,False,True,True,True,True
ff,125,op0_n100_rwl_late_hold,rwl_late_hold,op0,-0.1,1.79941,0,-0.0944686,0.0154807,0.000374064,0.000374064,1.50837,-0.130018,-0.000182148,1.80021,-0.129634,0.0175043,0.00977005,1.85442,34.0,34.0,32.0,True,False,True,True,True,True
ff,125,op0_0000_rwl_late_hold,rwl_late_hold,op0,0.0,1.79941,0,0.000351563,0.0154811,0.000374078,0.000374078,1.50837,-0.130018,-0.000182304,1.80021,-0.129634,0.0175048,0.00977037,1.85442,34.0,34.0,32.0,True,False,True,True,True,True
ff,125,op1_0900_latch_early_hold,latch_early_hold,op1,0.9,-1.70851,1,0.767253,1.33908,1.48768,1.93121,1.50837,1.33597,1.92424,-1.09226,0.767253,1.08764,1.34358,-1.0477,12.0,30.0,32.0,True,True,True,False,False,False
ff,125,op1_1000_latch_early_hold,latch_early_hold,op1,1.0,-1.67218,1,0.8706,1.32942,1.47819,1.92672,1.50837,1.3263,1.91981,-1.0944,0.8706,1.10794,1.33394,-1.0506,12.0,30.0,32.0,True,True,True,False,False,False
ff,125,op0_n100_latch_early_hold,latch_early_hold,op0,-0.1,1.79941,0,-0.0944686,-0.143734,-0.00966977,-0.009623,1.50837,-0.14179,-0.0313041,1.87126,-0.0944686,0.00208441,-0.14512,1.78846,12.0,30.0,32.0,True,True,True,True,True,True
ff,125,op0_0000_latch_early_hold,latch_early_hold,op0,0.0,1.79941,0,0.000351563,-0.143732,-0.00966819,-0.00962143,1.50837,-0.141788,-0.0313014,1.87125,0.000351563,0.00226294,-0.145119,1.78845,12.0,30.0,32.0,True,True,True,True,True,True
ff,125,op1_0900_latch_late_hold,latch_late_hold,op1,0.9,-1.70851,1,0.767253,1.31725,1.34676,1.79984,1.50837,1.20066,1.79848,-1.64874,0.767253,1.08764,1.3371,-1.26598,12.0,36.0,32.0,True,True,True,False,False,False
ff,125,op1_1000_latch_late_hold,latch_late_hold,op1,1.0,-1.67218,1,0.8706,1.30935,1.3468,1.79985,1.50837,1.20078,1.79849,-1.61515,0.8706,1.10794,1.32797,-1.25837,12.0,36.0,32.0,True,True,True,False,False,False
ff,125,op0_n100_latch_late_hold,latch_late_hold,op0,-0.1,1.79941,0,-0.0944686,-0.125313,0.000374064,0.000374064,1.50837,-0.130284,-0.000182643,1.80021,-0.0944686,0.00208441,-0.129009,1.85868,12.0,36.0,32.0,True,True,True,True,True,True
ff,125,op0_0000_latch_late_hold,latch_late_hold,op0,0.0,1.79941,0,0.000351563,-0.125313,0.000374078,0.000374078,1.50837,-0.130284,-0.0001828,1.80021,0.000351563,0.00226294,-0.129008,1.85868,12.0,36.0,32.0,True,True,True,True,True,True
ff,125,op1_0900_combined_hold,combined_hold,op1,0.9,-1.70851,1,0.767253,1.58377,1.34236,1.79981,1.50837,1.21133,1.79897,-1.72016,1.21131,1.41814,1.60414,-1.06807,34.0,36.0,32.0,True,False,True,True,True,True
ff,125,op1_1000_combined_hold,combined_hold,op1,1.0,-1.67218,1,0.8706,1.57457,1.34237,1.79982,1.50837,1.21134,1.79897,-1.6842,1.21131,1.41865,1.59476,-1.07011,34.0,36.0,32.0,True,False,True,True,True,True
ff,125,op0_n100_combined_hold,combined_hold,op0,-0.1,1.79941,0,-0.0944686,0.0153823,0.000374064,0.000374064,1.50837,-0.130018,-0.000182148,1.80021,-0.129634,0.0116076,0.00971151,1.85868,34.0,36.0,32.0,True,False,True,True,True,True
ff,125,op0_0000_combined_hold,combined_hold,op0,0.0,1.79941,0,0.000351563,0.0153827,0.000374078,0.000374078,1.50837,-0.130018,-0.000182304,1.80021,-0.129634,0.011608,0.00971187,1.85868,34.0,36.0,32.0,True,False,True,True,True,True
sf,27,op1_0900_baseline_analog,baseline_analog,op1,0.9,-1.72116,1,0.769662,1.50498,1.27666,1.79999,1.43613,1.14932,1.79886,-1.7296,1.14931,1.43139,1.52154,-1.17774,37.0,37.0,35.0,True,True,True,True,True,True
sf,27,op1_1000_baseline_analog,baseline_analog,op1,1.0,-1.68868,1,0.872104,1.49663,1.27666,1.79999,1.43613,1.14933,1.79885,-1.69702,1.14932,1.4324,1.51295,-1.17676,37.0,37.0,35.0,True,True,True,True,True,True
sf,27,op0_n100_baseline_analog,baseline_analog,op0,-0.1,1.79998,0,-0.099698,0.0201886,7.75899e-08,7.75899e-08,1.43613,-0.126759,-0.000241471,1.80046,-0.126766,0.0201899,0.0201847,1.90752,37.0,37.0,35.0,True,True,True,True,True,True
sf,27,op0_0000_baseline_analog,baseline_analog,op0,0.0,1.79998,0,5.09417e-06,0.0201888,7.77044e-08,7.77044e-08,1.43613,-0.126759,-0.000241494,1.80046,-0.126766,0.02019,0.0201848,1.90752,37.0,37.0,35.0,True,True,True,True,True,True
sf,27,op1_0900_rtl_raw,rtl_raw,op1,0.9,-1.72116,1,0.769665,1.1036,1.25973,1.31846,1.43613,1.10361,1.31093,-0.607929,0.769665,1.07108,1.10364,-0.608442,12.0,12.0,32.0,True,True,True,False,False,False
sf,27,op1_1000_rtl_raw,rtl_raw,op1,1.0,-1.68868,1,0.872103,1.10192,1.25829,1.31831,1.43613,1.10178,1.31077,-0.60099,0.872103,1.11623,1.10224,-0.600253,12.0,12.0,32.0,True,True,True,False,False,False
sf,27,op0_n100_rtl_raw,rtl_raw,op0,-0.1,1.79998,0,-0.0997237,-0.129097,0.0044528,0.00445281,1.43613,-0.129119,-0.0202861,1.8915,-0.0997237,0.00437848,-0.12905,1.89146,12.0,12.0,32.0,True,True,True,True,True,True
sf,27,op0_0000_rtl_raw,rtl_raw,op0,0.0,1.79998,0,4.83115e-06,-0.126271,0.00843115,0.00843117,1.43613,-0.126291,-0.0161968,1.88775,4.83115e-06,0.0083595,-0.126229,1.88771,12.0,12.0,32.0,True,True,True,True,True,True
sf,27,op1_0900_rtl_hold,rtl_hold,op1,0.9,-1.72116,1,0.769665,1.24899,1.27988,1.79999,1.43613,1.13854,1.7983,-1.67392,0.769665,1.06545,1.2639,-1.35124,12.0,34.0,32.0,True,True,True,False,False,False
sf,27,op1_1000_rtl_hold,rtl_hold,op1,1.0,-1.68868,1,0.872103,1.24232,1.27992,1.79999,1.43613,1.13864,1.79827,-1.64215,0.872103,1.08818,1.25527,-1.33768,12.0,34.0,32.0,True,True,True,False,False,False
sf,27,op0_n100_rtl_hold,rtl_hold,op0,-0.1,1.79998,0,-0.0997237,-0.12162,7.75899e-08,7.75899e-08,1.43613,-0.126835,-0.000241572,1.80046,-0.0997237,0.000851034,-0.121584,1.90705,12.0,34.0,32.0,True,True,True,True,True,True
sf,27,op0_0000_rtl_hold,rtl_hold,op0,0.0,1.79998,0,4.83115e-06,-0.12162,7.77044e-08,7.77044e-08,1.43613,-0.126835,-0.000241594,1.80046,4.83115e-06,0.000933026,-0.121584,1.90705,12.0,34.0,32.0,True,True,True,True,True,True
sf,27,op1_0900_neg_missing_wb,neg_missing_wb,op1,0.9,-1.72116,1,0.769665,1.00067,0.927,2.96132e-06,1.43613,0.926999,3.04191e-06,-1.70036,0.769665,0.926996,1.01073,-1.48917,12.0,34.0,,True,False,True,False,False,False
sf,27,op1_1000_neg_missing_wb,neg_missing_wb,op1,1.0,-1.68868,1,0.872103,1.1301,1.0402,3.35516e-06,1.43613,1.0402,3.44041e-06,-1.65545,0.872103,1.0402,1.14041,-1.3908,12.0,34.0,,True,False,True,False,False,False
sf,27,op0_n100_neg_missing_wb,neg_missing_wb,op0,-0.1,1.79998,0,-0.0997237,0.0480161,0.0426389,-0.000127679,1.43613,0.0426389,-0.000127673,1.8,-0.0997237,0.0426396,0.0480122,1.90897,12.0,34.0,,True,False,True,True,True,True
sf,27,op0_0000_neg_missing_wb,neg_missing_wb,op0,0.0,1.79998,0,4.83115e-06,0.150523,0.145069,-2.31375e-05,1.43613,0.145069,-2.3129e-05,1.8,4.83115e-06,0.145069,0.150518,1.90897,12.0,34.0,,True,False,True,False,False,False
sf,27,op1_0900_neg_short_wb,neg_short_wb,op1,0.9,-1.72116,1,0.769665,0.984034,0.967297,1.32662,1.43613,0.912022,1.68474,-1.69532,0.769665,1.06545,0.993806,-1.49242,12.0,34.0,12.2,True,False,True,False,False,False
sf,27,op1_1000_neg_short_wb,neg_short_wb,op1,1.0,-1.68868,1,0.872103,1.01438,1.05637,1.31362,1.43613,0.935072,1.6754,-1.6586,0.872103,1.08818,1.02281,-1.40316,12.0,34.0,12.2,True,False,True,False,False,False
sf,27,op0_n100_neg_short_wb,neg_short_wb,op0,-0.1,1.79998,0,-0.0997237,-0.122403,0.0353541,0.01535,1.43613,-0.127726,-0.0291586,1.80001,-0.0997237,0.000851034,-0.122369,1.90896,12.0,34.0,12.2,True,False,True,True,True,True
sf,27,op0_0000_neg_short_wb,neg_short_wb,op0,0.0,1.79998,0,4.83115e-06,-0.122382,0.0369509,0.0167026,1.43613,-0.127706,-0.0291386,1.80001,4.83115e-06,0.000933026,-0.122348,1.90897,12.0,34.0,12.2,True,False,True,True,True,True
sf,27,op1_0900_rwl_late_raw,rwl_late_raw,op1,0.9,-1.72116,1,0.769665,1.41757,1.23136,1.25508,1.43613,1.10399,1.25086,-1.07424,1.10411,1.3606,1.43306,-0.574619,34.0,12.0,32.0,True,False,True,True,True,True
sf,27,op1_1000_rwl_late_raw,rwl_late_raw,op1,1.0,-1.68868,1,0.872103,1.40555,1.23411,1.26411,1.43613,1.10613,1.26052,-1.00584,1.10628,1.35843,1.42063,-0.577966,34.0,12.0,32.0,True,False,True,True,True,False
sf,27,op0_n100_rwl_late_raw,rwl_late_raw,op0,-0.1,1.79998,0,-0.0997237,0.00831219,-0.00129067,-0.00129065,1.43613,-0.133106,-0.0261868,1.89637,-0.133095,0.00831239,0.00830822,1.89684,34.0,12.0,32.0,True,False,True,True,True,True
sf,27,op0_0000_rwl_late_raw,rwl_late_raw,op0,0.0,1.79998,0,4.83115e-06,0.011183,0.00265174,0.00265175,1.43613,-0.130319,-0.0221343,1.89265,-0.130308,0.0111831,0.0111791,1.89312,34.0,12.0,32.0,True,False,True,True,True,True
sf,27,op1_0900_rwl_late_hold,rwl_late_hold,op1,0.9,-1.72116,1,0.769665,1.50497,1.27666,1.79999,1.43613,1.14932,1.79886,-1.7296,1.1493,1.43138,1.52153,-1.17774,34.0,34.0,32.0,True,False,True,True,True,True
sf,27,op1_1000_rwl_late_hold,rwl_late_hold,op1,1.0,-1.68868,1,0.872103,1.49663,1.27665,1.79999,1.43613,1.14933,1.79885,-1.69701,1.14931,1.4324,1.51294,-1.17676,34.0,34.0,32.0,True,False,True,True,True,True
sf,27,op0_n100_rwl_late_hold,rwl_late_hold,op0,-0.1,1.79998,0,-0.0997237,0.02019,7.75899e-08,7.75899e-08,1.43613,-0.126759,-0.000241471,1.80046,-0.126766,0.02019,0.0201863,1.90753,34.0,34.0,32.0,True,False,True,True,True,True
sf,27,op0_0000_rwl_late_hold,rwl_late_hold,op0,0.0,1.79998,0,4.83115e-06,0.0201901,7.77044e-08,7.77044e-08,1.43613,-0.126759,-0.000241493,1.80046,-0.126766,0.0201902,0.0201864,1.90753,34.0,34.0,32.0,True,False,True,True,True,True
sf,27,op1_0900_latch_early_hold,latch_early_hold,op1,0.9,-1.72116,1,0.769665,1.26895,1.41681,1.92889,1.43613,1.26844,1.92377,-1.17834,0.769665,1.06545,1.26987,-1.17519,12.0,30.0,32.0,True,True,True,False,False,False
sf,27,op1_1000_latch_early_hold,latch_early_hold,op1,1.0,-1.68868,1,0.872103,1.25934,1.40737,1.92427,1.43613,1.2588,1.91913,-1.18,0.872103,1.08818,1.2603,-1.17662,12.0,30.0,32.0,True,True,True,False,False,False
sf,27,op0_n100_latch_early_hold,latch_early_hold,op0,-0.1,1.79998,0,-0.0997237,-0.152748,-0.0291103,-0.0291103,1.43613,-0.1528,-0.0547533,1.91607,-0.0997237,0.000851034,-0.152638,1.91603,12.0,30.0,32.0,True,True,True,True,True,True
sf,27,op0_0000_latch_early_hold,latch_early_hold,op0,0.0,1.79998,0,4.83115e-06,-0.152748,-0.0291098,-0.0291098,1.43613,-0.1528,-0.0547526,1.91607,4.83115e-06,0.000933026,-0.152638,1.91603,12.0,30.0,32.0,True,True,True,True,True,True
sf,27,op1_0900_latch_late_hold,latch_late_hold,op1,0.9,-1.72116,1,0.769665,1.24899,1.27988,1.79999,1.43613,1.13854,1.7983,-1.67392,0.769665,1.06545,1.2639,-1.35972,12.0,36.0,32.0,True,True,True,False,False,False
sf,27,op1_1000_latch_late_hold,latch_late_hold,op1,1.0,-1.68868,1,0.872103,1.24232,1.27992,1.79999,1.43613,1.13864,1.79827,-1.64215,0.872103,1.08818,1.25526,-1.34646,12.0,36.0,32.0,True,True,True,False,False,False
sf,27,op0_n100_latch_late_hold,latch_late_hold,op0,-0.1,1.79998,0,-0.0997237,-0.121894,7.75899e-08,7.75899e-08,1.43613,-0.126835,-0.000241572,1.80046,-0.0997237,0.000851034,-0.121857,1.91019,12.0,36.0,32.0,True,True,True,True,True,True
sf,27,op0_0000_latch_late_hold,latch_late_hold,op0,0.0,1.79998,0,4.83115e-06,-0.121894,7.77044e-08,7.77044e-08,1.43613,-0.126835,-0.000241594,1.80046,4.83115e-06,0.000933026,-0.121857,1.91019,12.0,36.0,32.0,True,True,True,True,True,True
sf,27,op1_0900_combined_hold,combined_hold,op1,0.9,-1.72116,1,0.769665,1.50503,1.27666,1.79999,1.43613,1.14932,1.79886,-1.7296,1.1493,1.34518,1.52154,-1.1763,34.0,36.0,32.0,True,False,True,True,True,True
sf,27,op1_1000_combined_hold,combined_hold,op1,1.0,-1.68868,1,0.872103,1.49668,1.27665,1.79999,1.43613,1.14933,1.79885,-1.69701,1.14931,1.34636,1.51295,-1.17596,34.0,36.0,32.0,True,False,True,True,True,True
sf,27,op0_n100_combined_hold,combined_hold,op0,-0.1,1.79998,0,-0.0997237,0.0198463,7.75899e-08,7.75899e-08,1.43613,-0.126759,-0.000241471,1.80046,-0.126766,0.0147792,0.0198428,1.91019,34.0,36.0,32.0,True,False,True,True,True,True
sf,27,op0_0000_combined_hold,combined_hold,op0,0.0,1.79998,0,4.83115e-06,0.0198464,7.77044e-08,7.77044e-08,1.43613,-0.126759,-0.000241493,1.80046,-0.126766,0.0147792,0.019843,1.91019,34.0,36.0,32.0,True,False,True,True,True,True
sf,125,op1_0900_baseline_analog,baseline_analog,op1,0.9,-1.69738,1,0.77016,1.64426,1.37016,1.79998,1.56299,1.24166,1.79885,-1.70972,1.24164,1.55149,1.6647,-1.02627,37.0,37.0,35.0,True,True,True,True,True,True
sf,125,op1_1000_baseline_analog,baseline_analog,op1,1.0,-1.6625,1,0.872918,1.63517,1.37015,1.79998,1.56299,1.24168,1.79884,-1.67481,1.24165,1.55206,1.6554,-1.02638,37.0,37.0,35.0,True,True,True,True,True,True
sf,125,op0_n100_baseline_analog,baseline_analog,op0,-0.1,1.79996,0,-0.0886534,0.0269774,2.29436e-05,2.29436e-05,1.56299,-0.119558,-0.000781172,1.80109,-0.118996,0.0271322,0.0263132,1.90972,37.0,37.0,35.0,True,True,True,True,True,True
sf,125,op0_0000_baseline_analog,baseline_analog,op0,0.0,1.79996,0,0.000693342,0.0269779,2.29723e-05,2.29724e-05,1.56299,-0.119557,-0.000781416,1.80109,-0.118995,0.0271328,0.0263137,1.90972,37.0,37.0,35.0,True,True,True,True,True,True
sf,125,op1_0900_rtl_raw,rtl_raw,op1,0.9,-1.69734,1,0.770281,1.18021,1.3384,1.34986,1.56299,1.18024,1.34243,-0.494479,0.770281,1.11648,1.18026,-0.495901,12.0,12.0,32.0,True,True,True,False,False,False
sf,125,op1_1000_rtl_raw,rtl_raw,op1,1.0,-1.66245,1,0.873026,1.17851,1.33679,1.3491,1.56299,1.17842,1.34166,-0.490145,0.873026,1.13458,1.17877,-0.490631,12.0,12.0,32.0,True,True,True,False,False,False
sf,125,op0_n100_rtl_raw,rtl_raw,op0,-0.1,1.79996,0,-0.0895369,-0.112779,0.0156218,0.0156247,1.56299,-0.11363,-0.00940689,1.867,-0.0895369,0.00428399,-0.111027,1.86098,12.0,12.0,32.0,True,True,True,True,True,True
sf,125,op0_0000_rtl_raw,rtl_raw,op0,0.0,1.79996,0,0.000654906,-0.10988,0.019516,0.0195189,1.56299,-0.110654,-0.0054079,1.86336,0.000654906,0.00821768,-0.108282,1.85736,12.0,12.0,32.0,True,True,True,True,True,True
sf,125,op1_0900_rtl_hold,rtl_hold,op1,0.9,-1.69734,1,0.770281,1.36607,1.37437,1.79998,1.56299,1.23122,1.79819,-1.62834,0.770281,1.11209,1.38512,-1.21954,12.0,34.0,32.0,True,True,True,False,False,False
sf,125,op1_1000_rtl_hold,rtl_hold,op1,1.0,-1.66245,1,0.873026,1.35695,1.37437,1.79998,1.56299,1.23127,1.79816,-1.59425,0.873026,1.12085,1.37479,-1.21369,12.0,34.0,32.0,True,True,True,False,False,False
sf,125,op0_n100_rtl_hold,rtl_hold,op0,-0.1,1.79996,0,-0.0895369,-0.113234,2.29435e-05,2.29436e-05,1.56299,-0.119836,-0.000781974,1.80109,-0.0895369,0.00216667,-0.111551,1.9093,12.0,34.0,32.0,True,True,True,True,True,True
sf,125,op0_0000_rtl_hold,rtl_hold,op0,0.0,1.79996,0,0.000654906,-0.113234,2.29723e-05,2.29723e-05,1.56299,-0.119835,-0.00078222,1.80109,0.000654906,0.00238143,-0.111551,1.9093,12.0,34.0,32.0,True,True,True,True,True,True
sf,125,op1_0900_neg_missing_wb,neg_missing_wb,op1,0.9,-1.69734,1,0.770281,1.01558,0.934066,0.000220815,1.56299,0.934053,0.000225824,-1.6688,0.770281,0.934089,1.02835,-1.41803,12.0,34.0,,True,False,True,False,False,False
sf,125,op1_1000_neg_missing_wb,neg_missing_wb,op1,1.0,-1.66245,1,0.873026,1.14454,1.04821,0.000246529,1.56299,1.0482,0.000252118,-1.61975,0.873026,1.04823,1.15746,-1.31864,12.0,34.0,,True,False,True,False,False,False
sf,125,op0_n100_neg_missing_wb,neg_missing_wb,op0,-0.1,1.79996,0,-0.0895369,0.0574438,0.0520563,-0.00134983,1.56299,0.0520526,-0.00134874,1.79996,-0.0895369,0.0520656,0.0567628,1.91166,12.0,34.0,,True,False,True,False,False,False
sf,125,op0_0000_neg_missing_wb,neg_missing_wb,op0,0.0,1.79996,0,0.000654906,0.151198,0.145841,-0.000138982,1.56299,0.145836,-0.000137362,1.79996,0.000654906,0.145854,0.15047,1.91166,12.0,34.0,,True,False,True,False,False,False
sf,125,op1_0900_neg_short_wb,neg_short_wb,op1,0.9,-1.69734,1,0.770281,1.03895,0.959919,1.3439,1.56299,0.95459,1.69055,-1.66005,0.770281,1.11209,1.0525,-1.41248,12.0,34.0,12.2,True,False,True,False,False,False
sf,125,op1_1000_neg_short_wb,neg_short_wb,op1,1.0,-1.66245,1,0.873026,1.05225,1.03276,1.33557,1.56299,0.962865,1.68402,-1.6222,0.873026,1.12085,1.06399,-1.33115,12.0,34.0,12.2,True,False,True,False,False,False
sf,125,op0_n100_neg_short_wb,neg_short_wb,op0,-0.1,1.79996,0,-0.0895369,-0.115257,0.0419875,0.0180259,1.56299,-0.129471,-0.0320259,1.8,-0.0895369,0.00216667,-0.113579,1.91166,12.0,34.0,12.2,True,False,True,True,True,True
sf,125,op0_0000_neg_short_wb,neg_short_wb,op0,0.0,1.79996,0,0.000654906,-0.115206,0.0440462,0.0197889,1.56299,-0.129409,-0.0319536,1.8,0.000654906,0.00238143,-0.113531,1.91166,12.0,34.0,12.2,True,False,True,True,True,True
sf,125,op1_0900_rwl_late_raw,rwl_late_raw,op1,0.9,-1.69734,1,0.770281,1.47411,1.27042,1.27096,1.56299,1.13843,1.26666,-1.05941,1.13858,1.40812,1.49324,-0.510418,34.0,12.0,32.0,True,False,True,True,False,False
sf,125,op1_1000_rwl_late_raw,rwl_late_raw,op1,1.0,-1.66245,1,0.873026,1.47004,1.27843,1.27944,1.56299,1.14615,1.27578,-0.993571,1.14631,1.41387,1.48868,-0.506056,34.0,12.0,32.0,True,False,True,True,False,False
sf,125,op0_n100_rwl_late_raw,rwl_late_raw,op0,-0.1,1.79996,0,-0.0895369,0.0230667,0.00996568,0.00996861,1.56299,-0.117657,-0.0151949,1.87178,-0.117228,0.0232001,0.0224915,1.86624,34.0,12.0,32.0,True,False,True,True,True,True
sf,125,op0_0000_rwl_late_raw,rwl_late_raw,op0,0.0,1.79996,0,0.000654906,0.0261244,0.0138251,0.013828,1.56299,-0.114683,-0.0112314,1.86816,-0.114293,0.0262559,0.0255576,1.86264,34.0,12.0,32.0,True,False,True,True,True,True
sf,125,op1_0900_rwl_late_hold,rwl_late_hold,op1,0.9,-1.69734,1,0.770281,1.64424,1.37015,1.79998,1.56299,1.24166,1.79885,-1.70968,1.24163,1.55148,1.66467,-1.02628,34.0,34.0,32.0,True,False,True,True,True,True
sf,125,op1_1000_rwl_late_hold,rwl_late_hold,op1,1.0,-1.66245,1,0.873026,1.63515,1.37014,1.79998,1.56299,1.24167,1.79884,-1.67476,1.24164,1.55205,1.65537,-1.02638,34.0,34.0,32.0,True,False,True,True,True,True
sf,125,op0_n100_rwl_late_hold,rwl_late_hold,op0,-0.1,1.79996,0,-0.0895369,0.026978,2.29436e-05,2.29436e-05,1.56299,-0.119558,-0.000781134,1.80109,-0.118996,0.0271322,0.0263137,1.90972,34.0,34.0,32.0,True,False,True,True,True,True
sf,125,op0_0000_rwl_late_hold,rwl_late_hold,op0,0.0,1.79996,0,0.000654906,0.0269786,2.29723e-05,2.29724e-05,1.56299,-0.119557,-0.000781379,1.80109,-0.118995,0.0271328,0.0263142,1.90972,34.0,34.0,32.0,True,False,True,True,True,True
sf,125,op1_0900_latch_early_hold,latch_early_hold,op1,0.9,-1.69734,1,0.770281,1.38757,1.53432,1.9446,1.56299,1.38609,1.93951,-1.04137,0.770281,1.11209,1.3899,-1.02915,12.0,30.0,32.0,True,True,True,False,False,False
sf,125,op1_1000_latch_early_hold,latch_early_hold,op1,1.0,-1.66245,1,0.873026,1.37699,1.52393,1.93971,1.56299,1.37552,1.93461,-1.04385,0.873026,1.12085,1.3793,-1.03191,12.0,30.0,32.0,True,True,True,False,False,False
sf,125,op0_n100_latch_early_hold,latch_early_hold,op0,-0.1,1.79996,0,-0.0895369,-0.145148,-0.0274197,-0.0274164,1.56299,-0.147384,-0.0533841,1.92141,-0.0895369,0.00216667,-0.14086,1.91454,12.0,30.0,32.0,True,True,True,True,True,True
sf,125,op0_0000_latch_early_hold,latch_early_hold,op0,0.0,1.79996,0,0.000654906,-0.145144,-0.0274159,-0.0274126,1.56299,-0.14738,-0.053379,1.92141,0.000654906,0.00238143,-0.140856,1.91453,12.0,30.0,32.0,True,True,True,True,True,True
sf,125,op1_0900_latch_late_hold,latch_late_hold,op1,0.9,-1.69734,1,0.770281,1.36606,1.37437,1.79998,1.56299,1.23122,1.79819,-1.62834,0.770281,1.11209,1.38508,-1.22777,12.0,36.0,32.0,True,True,True,False,False,False
sf,125,op1_1000_latch_late_hold,latch_late_hold,op1,1.0,-1.66245,1,0.873026,1.35693,1.37437,1.79998,1.56299,1.23127,1.79816,-1.59425,0.873026,1.12085,1.37475,-1.2221,12.0,36.0,32.0,True,True,True,False,False,False
sf,125,op0_n100_latch_late_hold,latch_late_hold,op0,-0.1,1.79996,0,-0.0895369,-0.112568,2.29435e-05,2.29436e-05,1.56299,-0.119836,-0.000781974,1.80109,-0.0895369,0.00216667,-0.11088,1.9142,12.0,36.0,32.0,True,True,True,True,True,True
sf,125,op0_0000_latch_late_hold,latch_late_hold,op0,0.0,1.79996,0,0.000654906,-0.112568,2.29723e-05,2.29723e-05,1.56299,-0.119835,-0.00078222,1.80109,0.000654906,0.00238143,-0.110879,1.9142,12.0,36.0,32.0,True,True,True,True,True,True
sf,125,op1_0900_combined_hold,combined_hold,op1,0.9,-1.69734,1,0.770281,1.64432,1.37015,1.79998,1.56299,1.24166,1.79885,-1.70968,1.24163,1.45582,1.66469,-1.02251,34.0,36.0,32.0,True,False,True,True,True,True
sf,125,op1_1000_combined_hold,combined_hold,op1,1.0,-1.66245,1,0.873026,1.63522,1.37014,1.79998,1.56299,1.24167,1.79884,-1.67476,1.24164,1.45708,1.65538,-1.02312,34.0,36.0,32.0,True,False,True,True,True,True
sf,125,op0_n100_combined_hold,combined_hold,op0,-0.1,1.79996,0,-0.0895369,0.0268912,2.29436e-05,2.29436e-05,1.56299,-0.119558,-0.000781134,1.80109,-0.118996,0.0213141,0.0262556,1.9142,34.0,36.0,32.0,True,False,True,True,True,True
sf,125,op0_0000_combined_hold,combined_hold,op0,0.0,1.79996,0,0.000654906,0.0268918,2.29723e-05,2.29724e-05,1.56299,-0.119557,-0.000781379,1.80109,-0.118995,0.0213146,0.0262561,1.9142,34.0,36.0,32.0,True,False,True,True,True,True
fs,27,op1_0900_baseline_analog,baseline_analog,op1,0.9,-1.78175,1,0.770162,1.15449,1.07428,1.79999,1.13825,0.951707,1.79918,-1.78172,0.951697,1.11649,1.16782,-1.60533,37.0,37.0,35.0,True,True,True,True,True,True
fs,27,op1_1000_baseline_analog,baseline_analog,op1,1.0,-1.75798,1,0.873366,1.15592,1.07661,1.79999,1.13825,0.953965,1.79918,-1.75821,0.953955,1.12498,1.16735,-1.58506,37.0,37.0,35.0,True,True,True,True,True,True
fs,27,op0_n100_baseline_analog,baseline_analog,op0,-0.1,1.8,0,-0.0999978,-0.000202263,2.44942e-06,2.44942e-06,1.13825,-0.131836,-0.000321144,1.80049,-0.131848,-0.000184803,-0.000272572,1.90905,37.0,37.0,35.0,True,True,True,True,True,True
fs,27,op0_0000_baseline_analog,baseline_analog,op0,0.0,1.8,0,2.61812e-07,-0.000202134,2.44942e-06,2.44942e-06,1.13825,-0.131836,-0.000321153,1.80049,-0.131848,-0.000184674,-0.000272446,1.90905,37.0,37.0,35.0,True,True,True,True,True,True
fs,27,op1_0900_rtl_raw,rtl_raw,op1,0.9,-1.78175,1,0.770167,0.957206,1.10009,1.2836,1.13825,0.957135,1.27738,-0.899542,0.770167,1.04116,0.957348,-0.898979,12.0,12.0,32.0,True,True,True,False,False,False
fs,27,op1_1000_rtl_raw,rtl_raw,op1,1.0,-1.75798,1,0.873371,1.07066,1.21328,1.2918,1.13825,1.07057,1.2854,-0.808151,0.873371,1.15921,1.07081,-0.807619,12.0,12.0,32.0,True,True,True,True,False,False
fs,27,op0_n100_rtl_raw,rtl_raw,op0,-0.1,1.8,0,-0.0999979,-0.132645,0.0028207,0.00282115,1.13825,-0.132613,-0.0166766,1.89066,-0.0999979,0.00123274,-0.13271,1.88977,12.0,12.0,32.0,True,True,True,True,True,True
fs,27,op0_0000_rtl_raw,rtl_raw,op0,0.0,1.8,0,4.25854e-07,-0.128181,0.00713503,0.00713548,1.13825,-0.128149,-0.0123121,1.8867,4.25854e-07,0.00555281,-0.128245,1.88582,12.0,12.0,32.0,True,True,True,True,True,True
fs,27,op1_0900_rtl_hold,rtl_hold,op1,0.9,-1.78175,1,0.770167,0.987919,1.08323,1.79999,1.13825,0.950868,1.7989,-1.77278,0.770167,1.03168,0.997918,-1.68853,12.0,34.0,32.0,True,True,True,False,False,False
fs,27,op1_1000_rtl_hold,rtl_hold,op1,1.0,-1.75798,1,0.873371,1.05471,1.13841,1.8,1.13825,1.00689,1.79889,-1.74709,0.873371,1.13609,1.064,-1.61464,12.0,34.0,32.0,True,True,True,True,False,False
fs,27,op0_n100_rtl_hold,rtl_hold,op0,-0.1,1.8,0,-0.0999979,-0.126879,2.44942e-06,2.44942e-06,1.13825,-0.13185,-0.000321139,1.80049,-0.0999979,0.00136101,-0.126946,1.90865,12.0,34.0,32.0,True,True,True,True,True,True
fs,27,op0_0000_rtl_hold,rtl_hold,op0,0.0,1.8,0,4.25854e-07,-0.126879,2.44942e-06,2.44942e-06,1.13825,-0.13185,-0.000321149,1.80049,4.25854e-07,0.00157184,-0.126946,1.90865,12.0,34.0,32.0,True,True,True,True,True,True
fs,27,op1_0900_neg_missing_wb,neg_missing_wb,op1,0.9,-1.78175,1,0.770167,0.937871,0.905093,1.04135e-06,1.13825,0.905093,1.08687e-06,-1.777,0.770167,0.905087,0.946942,-1.71054,12.0,34.0,,True,False,True,False,False,False
fs,27,op1_1000_neg_missing_wb,neg_missing_wb,op1,1.0,-1.75798,1,0.873371,1.06089,1.01256,1.09629e-06,1.13825,1.01256,1.14182e-06,-1.74777,0.873371,1.01255,1.07028,-1.62266,12.0,34.0,,True,False,True,True,False,False
fs,27,op0_n100_neg_missing_wb,neg_missing_wb,op0,-0.1,1.8,0,-0.0999979,0.0325588,0.0274179,-1.6719e-05,1.13825,0.0274179,-1.6719e-05,1.8,-0.0999979,0.0274169,0.0324886,1.91159,12.0,34.0,,True,False,True,True,True,True
fs,27,op0_0000_neg_missing_wb,neg_missing_wb,op0,0.0,1.8,0,4.25854e-07,0.135451,0.130209,-3.15679e-06,1.13825,0.130209,-3.15678e-06,1.8,4.25854e-07,0.130208,0.135379,1.91159,12.0,34.0,,True,False,True,False,False,False
fs,27,op1_0900_neg_short_wb,neg_short_wb,op1,0.9,-1.78175,1,0.770167,0.928358,1.03003,1.37834,1.13825,0.896329,1.73281,-1.7757,0.770167,1.03168,0.937275,-1.71227,12.0,34.0,12.2,True,False,True,False,False,False
fs,27,op1_1000_neg_short_wb,neg_short_wb,op1,1.0,-1.75798,1,0.873371,1.04994,1.1366,1.37185,1.13825,1.00255,1.72938,-1.74662,0.873371,1.13609,1.05915,-1.62473,12.0,34.0,12.2,True,False,True,True,False,False
fs,27,op0_n100_neg_short_wb,neg_short_wb,op0,-0.1,1.8,0,-0.0999979,-0.129835,0.0403094,0.01528,1.13825,-0.134787,-0.0206826,1.80002,-0.0999979,0.00136101,-0.129901,1.91159,12.0,34.0,12.2,True,False,True,True,True,True
fs,27,op0_0000_neg_short_wb,neg_short_wb,op0,0.0,1.8,0,4.25854e-07,-0.129767,0.0433153,0.0176703,1.13825,-0.134719,-0.020628,1.80002,4.25854e-07,0.00157184,-0.129833,1.91159,12.0,34.0,12.2,True,False,True,True,True,True
fs,27,op1_0900_rwl_late_raw,rwl_late_raw,op1,0.9,-1.78175,1,0.770167,1.10273,1.04385,1.23791,1.13825,0.92072,1.23443,-1.13925,0.9236,1.08017,1.11458,-0.978883,34.0,12.0,32.0,True,False,True,True,True,False
fs,27,op1_1000_rwl_late_raw,rwl_late_raw,op1,1.0,-1.75798,1,0.873371,1.10839,1.05233,1.24876,1.13825,0.927465,1.24674,-1.06838,0.93017,1.09379,1.11778,-0.943265,34.0,12.0,32.0,True,False,True,True,True,False
fs,27,op0_n100_rwl_late_raw,rwl_late_raw,op0,-0.1,1.8,0,-0.0999979,-0.0120102,-0.0026978,-0.00269735,1.13825,-0.138312,-0.022257,1.89526,-0.138327,-0.011995,-0.0120783,1.89485,34.0,12.0,32.0,True,False,True,True,True,True
fs,27,op0_0000_rwl_late_raw,rwl_late_raw,op0,0.0,1.8,0,4.25854e-07,-0.00742088,0.00160863,0.00160908,1.13825,-0.133854,-0.0179026,1.89131,-0.133869,-0.00740568,-0.00748876,1.8909,34.0,12.0,32.0,True,False,True,True,True,True
fs,27,op1_0900_rwl_late_hold,rwl_late_hold,op1,0.9,-1.78175,1,0.770167,1.15449,1.07428,1.79999,1.13825,0.951707,1.79918,-1.78172,0.951696,1.11649,1.16782,-1.60533,34.0,34.0,32.0,True,False,True,True,True,True
fs,27,op1_1000_rwl_late_hold,rwl_late_hold,op1,1.0,-1.75798,1,0.873371,1.15592,1.07661,1.79999,1.13825,0.953965,1.79918,-1.75821,0.953955,1.12499,1.16735,-1.58507,34.0,34.0,32.0,True,False,True,True,True,True
fs,27,op0_n100_rwl_late_hold,rwl_late_hold,op0,-0.1,1.8,0,-0.0999979,-0.000200994,2.44942e-06,2.44942e-06,1.13825,-0.131836,-0.000321123,1.80049,-0.131848,-0.000184874,-0.000270631,1.90906,34.0,34.0,32.0,True,False,True,True,True,True
fs,27,op0_0000_rwl_late_hold,rwl_late_hold,op0,0.0,1.8,0,4.25854e-07,-0.000200865,2.44942e-06,2.44942e-06,1.13825,-0.131836,-0.000321133,1.80049,-0.131848,-0.000184745,-0.000270505,1.90906,34.0,34.0,32.0,True,False,True,True,True,True
fs,27,op1_0900_latch_early_hold,latch_early_hold,op1,0.9,-1.78175,1,0.770167,0.999633,1.13644,1.8943,1.13825,0.998698,1.88902,-1.57615,0.770167,1.03168,1.00111,-1.56961,12.0,30.0,32.0,True,True,True,False,False,False
fs,27,op1_1000_latch_early_hold,latch_early_hold,op1,1.0,-1.75798,1,0.873371,1.06494,1.20112,1.89892,1.13825,1.06329,1.89368,-1.51969,0.873371,1.13609,1.06711,-1.50821,12.0,30.0,32.0,True,True,True,True,False,False
fs,27,op0_n100_latch_early_hold,latch_early_hold,op0,-0.1,1.8,0,-0.0999979,-0.16184,-0.0254145,-0.0254141,1.13825,-0.161808,-0.045222,1.91645,-0.0999979,0.00136101,-0.161906,1.91554,12.0,30.0,32.0,True,True,True,True,True,True
fs,27,op0_0000_latch_early_hold,latch_early_hold,op0,0.0,1.8,0,4.25854e-07,-0.16184,-0.0254143,-0.0254138,1.13825,-0.161808,-0.0452217,1.91645,4.25854e-07,0.00157184,-0.161906,1.91554,12.0,30.0,32.0,True,True,True,True,True,True
fs,27,op1_0900_latch_late_hold,latch_late_hold,op1,0.9,-1.78175,1,0.770167,0.987917,1.08323,1.79999,1.13825,0.950868,1.7989,-1.77278,0.770167,1.03168,0.997919,-1.69935,12.0,36.0,32.0,True,True,True,False,False,False
fs,27,op1_1000_latch_late_hold,latch_late_hold,op1,1.0,-1.75798,1,0.873371,1.05471,1.13841,1.8,1.13825,1.00689,1.79889,-1.74709,0.873371,1.13609,1.064,-1.62574,12.0,36.0,32.0,True,True,True,True,False,False
fs,27,op0_n100_latch_late_hold,latch_late_hold,op0,-0.1,1.8,0,-0.0999979,-0.126798,2.44942e-06,2.44942e-06,1.13825,-0.13185,-0.000321139,1.80049,-0.0999979,0.00136101,-0.126865,1.91383,12.0,36.0,32.0,True,True,True,True,True,True
fs,27,op0_0000_latch_late_hold,latch_late_hold,op0,0.0,1.8,0,4.25854e-07,-0.126797,2.44942e-06,2.44942e-06,1.13825,-0.13185,-0.000321149,1.80049,4.25854e-07,0.00157184,-0.126865,1.91383,12.0,36.0,32.0,True,True,True,True,True,True
fs,27,op1_0900_combined_hold,combined_hold,op1,0.9,-1.78175,1,0.770167,1.15456,1.07428,1.79999,1.13825,0.951707,1.79918,-1.78172,0.951696,1.09527,1.16783,-1.61212,34.0,36.0,32.0,True,False,True,True,True,True
fs,27,op1_1000_combined_hold,combined_hold,op1,1.0,-1.75798,1,0.873371,1.15596,1.07661,1.79999,1.13825,0.953965,1.79918,-1.75821,0.953955,1.09789,1.16736,-1.59296,34.0,36.0,32.0,True,False,True,True,True,True
fs,27,op0_n100_combined_hold,combined_hold,op0,-0.1,1.8,0,-0.0999979,-0.000144971,2.44942e-06,2.44942e-06,1.13825,-0.131836,-0.000321123,1.80049,-0.131848,-0.00535886,-0.000215564,1.91383,34.0,36.0,32.0,True,False,True,True,True,True
fs,27,op0_0000_combined_hold,combined_hold,op0,0.0,1.8,0,4.25854e-07,-0.000144841,2.44942e-06,2.44942e-06,1.13825,-0.131836,-0.000321133,1.80049,-0.131848,-0.00535882,-0.000215437,1.91383,34.0,36.0,32.0,True,False,True,True,True,True
fs,125,op1_0900_baseline_analog,baseline_analog,op1,0.9,-1.76536,1,0.771388,1.29083,1.16891,1.7999,1.26191,1.04621,1.79904,-1.76787,1.04619,1.23595,1.31006,-1.44916,37.0,37.0,35.0,True,True,True,True,True,True
fs,125,op1_1000_baseline_analog,baseline_analog,op1,1.0,-1.73696,1,0.874301,1.28674,1.16944,1.7999,1.26191,1.04673,1.79905,-1.74024,1.04671,1.24031,1.30484,-1.44094,37.0,37.0,35.0,True,True,True,True,True,True
fs,125,op0_n100_baseline_analog,baseline_analog,op0,-0.1,1.79971,0,-0.0982179,-0.0104569,0.000198547,0.000198548,1.26191,-0.140168,-0.000721074,1.80086,-0.14,-0.00954718,-0.0135724,1.88725,37.0,37.0,35.0,True,True,True,True,True,True
fs,125,op0_0000_baseline_analog,baseline_analog,op0,0.0,1.79971,0,0.000125415,-0.0104564,0.000198548,0.000198548,1.26191,-0.140168,-0.000721221,1.80086,-0.14,-0.00954664,-0.013572,1.88725,37.0,37.0,35.0,True,True,True,True,True,True
fs,125,op1_0900_rtl_raw,rtl_raw,op1,0.9,-1.76536,1,0.771408,1.01959,1.16338,1.32569,1.26191,1.01929,1.31967,-0.818522,0.771408,1.0441,1.02021,-0.818617,12.0,12.0,32.0,True,True,True,False,False,False
fs,125,op1_1000_rtl_raw,rtl_raw,op1,1.0,-1.73696,1,0.874321,1.0801,1.22366,1.33184,1.26191,1.07973,1.3258,-0.756129,0.874321,1.15677,1.08082,-0.755719,12.0,12.0,32.0,True,True,True,False,False,False
fs,125,op0_n100_rtl_raw,rtl_raw,op0,-0.1,1.79971,0,-0.0983816,-0.0806657,0.0630054,0.0630233,1.26191,-0.0799399,0.0447999,1.73149,-0.0983816,0.00163728,-0.0818908,1.707,12.0,12.0,32.0,True,True,True,True,True,True
fs,125,op0_0000_rtl_raw,rtl_raw,op0,0.0,1.79971,0,0.000120329,-0.0766105,0.06706,0.0670779,1.26191,-0.075876,0.0489015,1.72792,0.000120329,0.00588416,-0.0778545,1.70349,12.0,12.0,32.0,True,True,True,True,True,True
fs,125,op1_0900_rtl_hold,rtl_hold,op1,0.9,-1.76536,1,0.771408,1.09765,1.17381,1.79991,1.26191,1.0395,1.79861,-1.74258,0.771408,1.0335,1.11424,-1.56598,12.0,34.0,32.0,True,True,True,False,False,False
fs,125,op1_1000_rtl_hold,rtl_hold,op1,1.0,-1.73696,1,0.874321,1.11183,1.18463,1.79991,1.26191,1.05072,1.79864,-1.71677,0.874321,1.13316,1.12628,-1.51926,12.0,34.0,32.0,True,True,True,False,False,False
fs,125,op0_n100_rtl_hold,rtl_hold,op0,-0.1,1.79971,0,-0.0983816,-0.135596,0.000198547,0.000198548,1.26191,-0.140268,-0.000721251,1.80086,-0.0983816,0.00318288,-0.137793,1.88695,12.0,34.0,32.0,True,True,True,True,True,True
fs,125,op0_0000_rtl_hold,rtl_hold,op0,0.0,1.79971,0,0.000120329,-0.135596,0.000198548,0.000198548,1.26191,-0.140267,-0.000721398,1.80087,0.000120329,0.00363844,-0.137793,1.88695,12.0,34.0,32.0,True,True,True,True,True,True
fs,125,op1_0900_neg_missing_wb,neg_missing_wb,op1,0.9,-1.76536,1,0.771408,0.95333,0.909449,3.0157e-06,1.26191,0.909448,3.10176e-06,-1.75684,0.771408,0.909443,0.966964,-1.62394,12.0,34.0,,True,False,True,False,False,False
fs,125,op1_1000_neg_missing_wb,neg_missing_wb,op1,1.0,-1.73696,1,0.874321,1.07653,1.01842,3.40487e-06,1.26191,1.01842,3.49621e-06,-1.7213,0.874321,1.01842,1.09031,-1.53368,12.0,34.0,,True,False,True,False,False,False
fs,125,op0_n100_neg_missing_wb,neg_missing_wb,op0,-0.1,1.79971,0,-0.0983816,0.0324642,0.0280462,-7.96636e-05,1.26191,0.0280455,-7.96566e-05,1.79971,-0.0983816,0.0280476,0.0292991,1.89009,12.0,34.0,,True,False,True,True,True,True
fs,125,op0_0000_neg_missing_wb,neg_missing_wb,op0,0.0,1.79971,0,0.000120329,0.134223,0.129764,-3.08892e-05,1.26191,0.129763,-3.08769e-05,1.79971,0.000120329,0.129767,0.130969,1.89009,12.0,34.0,,True,False,True,False,False,False
fs,125,op1_0900_neg_short_wb,neg_short_wb,op1,0.9,-1.76536,1,0.771408,0.934858,1.02789,1.37571,1.26191,0.892381,1.72731,-1.75557,0.771408,1.0335,0.948159,-1.6274,12.0,34.0,12.2,True,False,True,False,False,False
fs,125,op1_1000_neg_short_wb,neg_short_wb,op1,1.0,-1.73696,1,0.874321,1.05134,1.13326,1.36976,1.26191,0.995229,1.72379,-1.72074,0.874321,1.13316,1.06467,-1.53837,12.0,34.0,12.2,True,False,True,False,False,False
fs,125,op0_n100_neg_short_wb,neg_short_wb,op0,-0.1,1.79971,0,-0.0983816,-0.129902,0.0480974,0.01753,1.26191,-0.136453,-0.0230138,1.79977,-0.0983816,0.00318288,-0.13221,1.89009,12.0,34.0,12.2,True,False,True,True,True,True
fs,125,op0_0000_neg_short_wb,neg_short_wb,op0,0.0,1.79971,0,0.000120329,-0.129736,0.0517787,0.0202426,1.26191,-0.136279,-0.0228535,1.79976,0.000120329,0.00363844,-0.132047,1.89009,12.0,34.0,12.2,True,False,True,True,True,True
fs,125,op1_0900_rwl_late_raw,rwl_late_raw,op1,0.9,-1.76536,1,0.771408,1.22754,1.13236,1.2638,1.26191,1.00981,1.25996,-1.15152,1.01104,1.18823,1.24429,-0.884522,34.0,12.0,32.0,True,False,True,True,True,False
fs,125,op1_1000_rwl_late_raw,rwl_late_raw,op1,1.0,-1.73696,1,0.874321,1.22144,1.13487,1.27342,1.26191,1.01112,1.27086,-1.08751,1.01236,1.19146,1.23629,-0.870555,34.0,12.0,32.0,True,False,True,True,True,False
fs,125,op0_n100_rwl_late_raw,rwl_late_raw,op0,-0.1,1.79971,0,-0.0983816,0.0410615,0.0577302,0.0577481,1.26191,-0.0850836,0.0394682,1.73594,-0.0854292,0.0414427,0.0395515,1.71182,34.0,12.0,32.0,True,False,True,True,True,True
fs,125,op0_0000_rwl_late_raw,rwl_late_raw,op0,0.0,1.79971,0,0.000120329,0.0452422,0.061766,0.0617839,1.26191,-0.0810335,0.0435496,1.73238,-0.0813834,0.045623,0.0437332,1.70833,34.0,12.0,32.0,True,False,True,True,True,True
fs,125,op1_0900_rwl_late_hold,rwl_late_hold,op1,0.9,-1.76536,1,0.771408,1.29083,1.16891,1.7999,1.26191,1.04621,1.79904,-1.76787,1.04619,1.23594,1.31006,-1.44916,34.0,34.0,32.0,True,False,True,True,True,True
fs,125,op1_1000_rwl_late_hold,rwl_late_hold,op1,1.0,-1.73696,1,0.874321,1.28674,1.16944,1.7999,1.26191,1.04673,1.79905,-1.74023,1.04671,1.24031,1.30484,-1.44093,34.0,34.0,32.0,True,False,True,True,True,True
fs,125,op0_n100_rwl_late_hold,rwl_late_hold,op0,-0.1,1.79971,0,-0.0983816,-0.0104562,0.000198547,0.000198548,1.26191,-0.140168,-0.00072105,1.80086,-0.14,-0.00954716,-0.0135717,1.88725,34.0,34.0,32.0,True,False,True,True,True,True
fs,125,op0_0000_rwl_late_hold,rwl_late_hold,op0,0.0,1.79971,0,0.000120329,-0.0104557,0.000198548,0.000198548,1.26191,-0.140168,-0.000721196,1.80086,-0.14,-0.00954662,-0.0135713,1.88725,34.0,34.0,32.0,True,False,True,True,True,True
fs,125,op1_0900_latch_early_hold,latch_early_hold,op1,0.9,-1.76536,1,0.771408,1.11441,1.2491,1.90103,1.26191,1.11123,1.89476,-1.43517,0.771408,1.0335,1.1189,-1.3954,12.0,30.0,32.0,True,True,True,False,False,False
fs,125,op1_1000_latch_early_hold,latch_early_hold,op1,1.0,-1.73696,1,0.874321,1.12443,1.25887,1.90041,1.26191,1.12062,1.89416,-1.41612,0.874321,1.13316,1.12926,-1.37215,12.0,30.0,32.0,True,True,True,False,False,False
fs,125,op0_n100_latch_early_hold,latch_early_hold,op0,-0.1,1.79971,0,-0.0983816,-0.162044,-0.019226,-0.0191983,1.26191,-0.161142,-0.0379654,1.89566,-0.0983816,0.00318288,-0.163024,1.85311,12.0,30.0,32.0,True,True,True,True,True,True
fs,125,op0_0000_latch_early_hold,latch_early_hold,op0,0.0,1.79971,0,0.000120329,-0.162043,-0.019225,-0.0191973,1.26191,-0.161141,-0.037964,1.89566,0.000120329,0.00363844,-0.163023,1.85311,12.0,30.0,32.0,True,True,True,True,True,True
fs,125,op1_0900_latch_late_hold,latch_late_hold,op1,0.9,-1.76536,1,0.771408,1.09764,1.17381,1.79991,1.26191,1.0395,1.79861,-1.74258,0.771408,1.0335,1.11426,-1.57153,12.0,36.0,32.0,True,True,True,False,False,False
fs,125,op1_1000_latch_late_hold,latch_late_hold,op1,1.0,-1.73696,1,0.874321,1.11183,1.18463,1.79991,1.26191,1.05072,1.79864,-1.71677,0.874321,1.13316,1.1263,-1.52487,12.0,36.0,32.0,True,True,True,False,False,False
fs,125,op0_n100_latch_late_hold,latch_late_hold,op0,-0.1,1.79971,0,-0.0983816,-0.135443,0.000198547,0.000198548,1.26191,-0.140268,-0.000721251,1.80086,-0.0983816,0.00318288,-0.13764,1.89152,12.0,36.0,32.0,True,True,True,True,True,True
fs,125,op0_0000_latch_late_hold,latch_late_hold,op0,0.0,1.79971,0,0.000120329,-0.135443,0.000198548,0.000198548,1.26191,-0.140267,-0.000721398,1.80087,0.000120329,0.00363844,-0.13764,1.89152,12.0,36.0,32.0,True,True,True,True,True,True
fs,125,op1_0900_combined_hold,combined_hold,op1,0.9,-1.76536,1,0.771408,1.29092,1.16891,1.7999,1.26191,1.04621,1.79904,-1.76787,1.04619,1.20384,1.31006,-1.44909,34.0,36.0,32.0,True,False,True,True,True,True
fs,125,op1_1000_combined_hold,combined_hold,op1,1.0,-1.73696,1,0.874321,1.2868,1.16944,1.7999,1.26191,1.04673,1.79905,-1.74023,1.04671,1.20429,1.30484,-1.44186,34.0,36.0,32.0,True,False,True,True,True,True
fs,125,op0_n100_combined_hold,combined_hold,op0,-0.1,1.79971,0,-0.0983816,-0.0105819,0.000198547,0.000198548,1.26191,-0.140168,-0.00072105,1.80086,-0.14,-0.0149711,-0.0136784,1.89152,34.0,36.0,32.0,True,False,True,True,True,True
fs,125,op0_0000_combined_hold,combined_hold,op0,0.0,1.79971,0,0.000120329,-0.0105814,0.000198548,0.000198548,1.26191,-0.140168,-0.000721196,1.80086,-0.14,-0.0149706,-0.013678,1.89152,34.0,36.0,32.0,True,False,True,True,True,True
