corner,temp_c,instance,settle_s,vrel_v,sn_v,din_v,dend_v,tdec_s
ff,27,ideal_w1,1.0999999999999859e-11,0.9,1.08833,-0.305947,-1.61236,1.0630000000000407e-10
ff,27,ideal_w0,1.105999999999996e-11,0.9,-0.128406,0.101123,1.79999,1.4280000000000575e-10
ff,27,real_w1,5.541599999999999e-10,0.900017,1.08831,-0.33712,-1.79998,5.830000000000258e-11
ff,27,real_w0,5.848899999999998e-10,0.900012,-0.148516,0.184919,1.79998,6.590000000000326e-11
ff,27,sw_0100,1.4903e-09,0.900059,,,,
ff,27,sw_0200,9.0014e-10,0.900032,,,,
ff,27,sw_0400,5.541599999999999e-10,0.900017,,,,
ff,27,sw_0800,3.5706e-10,0.900009,,,,
ff,125,ideal_w1,1.0889999999999949e-11,0.900007,1.19004,-0.371714,-1.58964,8.269999999999848e-11
ff,125,ideal_w0,1.0999999999999859e-11,0.900004,-0.119868,0.118825,1.79932,1.2540000000000455e-10
ff,125,real_w1,2.9073999999999997e-10,0.900185,1.19002,-0.42087,-1.7992,4.6600000000005195e-11
ff,125,real_w0,3.133099999999998e-10,0.900102,-0.137599,0.230509,1.79922,5.420000000000587e-11
ff,125,sw_0100,8.065099999999999e-10,0.90074,,,,
ff,125,sw_0200,4.686999999999998e-10,0.90037,,,,
ff,125,sw_0400,2.9073999999999997e-10,0.900185,,,,
ff,125,sw_0800,1.9894999999999981e-10,0.900092,,,,
fs,27,ideal_w1,1.119999999999992e-11,0.9,0.932196,-0.119935,-1.70217,1.7110000000000078e-10
fs,27,ideal_w0,1.1210000000000006e-11,0.9,-0.121921,0.101796,1.8,1.79800000000008e-10
fs,27,real_w1,6.2295e-10,0.900011,0.932182,-0.0188751,-1.8,1.476000000000006e-10
fs,27,real_w0,6.245099999999999e-10,0.90001,-0.144203,0.184108,1.79999,8.29000000000093e-11
fs,27,sw_0100,1.67592e-09,0.900031,,,,
fs,27,sw_0200,1.01792e-09,0.900019,,,,
fs,27,sw_0400,6.2295e-10,0.900011,,,,
fs,27,sw_0800,3.8536e-10,0.900006,,,,
fs,125,ideal_w1,1.1179999999999955e-11,0.900003,1.02752,-0.379661,-1.67394,8.940000000000343e-11
fs,125,ideal_w0,1.119999999999992e-11,0.900003,-0.129391,0.113824,1.79966,1.5610000000001025e-10
fs,125,real_w1,3.6870999999999986e-10,0.90007,1.0275,-0.432911,-1.79957,5.270000000000417e-11
fs,125,real_w0,3.7259999999999993e-10,0.900069,-0.149492,0.219953,1.79959,6.790000000000552e-11
fs,125,sw_0100,1.0884399999999998e-09,0.900277,,,,
fs,125,sw_0200,6.138999999999999e-10,0.900138,,,,
fs,125,sw_0400,3.6870999999999986e-10,0.90007,,,,
fs,125,sw_0800,2.322999999999999e-10,0.900035,,,,
sf,27,ideal_w1,1.0949999999999843e-11,0.900001,1.1236,-0.304914,-1.60665,1.3629999999999838e-10
sf,27,ideal_w0,1.1029999999999909e-11,0.9,-0.119872,0.101441,1.8,1.6710000000000948e-10
sf,27,real_w1,1.5233999999999997e-09,0.900092,1.12357,-0.321811,-1.79999,7.829999999999879e-11
sf,27,real_w0,1.71967e-09,0.900038,-0.137105,0.162946,1.79998,8.84000000000023e-11
sf,27,sw_0100,3.7841199999999995e-09,0.900318,,,,
sf,27,sw_0200,2.3869599999999998e-09,0.900173,,,,
sf,27,sw_0400,1.5233999999999997e-09,0.900092,,,,
sf,27,sw_0800,9.916499999999998e-10,0.900048,,,,
sf,125,ideal_w1,1.0800000000000004e-11,0.900009,1.22105,-0.309407,-1.58432,1.1560000000000403e-10
sf,125,ideal_w0,1.0969999999999808e-11,0.9,-0.107866,0.102841,1.79996,1.5220000000001112e-10
sf,125,real_w1,3.919899999999998e-10,0.900358,1.22102,-0.343196,-1.79994,6.470000000000454e-11
sf,125,real_w0,4.4533999999999983e-10,0.900018,-0.126428,0.194256,1.79995,7.10000000000011e-11
sf,125,sw_0100,1.0218299999999998e-09,0.901417,,,,
sf,125,sw_0200,6.158899999999998e-10,0.900712,,,,
sf,125,sw_0400,3.919899999999998e-10,0.900358,,,,
sf,125,sw_0800,2.655299999999998e-10,0.900178,,,,
ss,27,ideal_w1,1.1189999999999834e-11,0.9,0.960392,-0.326111,-1.68954,1.3810000000000307e-10
ss,27,ideal_w0,1.1210000000000006e-11,0.9,-0.128161,0.102194,1.8,2.175000000000084e-10
ss,27,real_w1,1.6180399999999997e-09,0.900024,0.960375,-0.289374,-1.79999,9.560000000000782e-11
ss,27,real_w0,1.6338999999999997e-09,0.900023,-0.150403,0.164675,1.8,1.103000000000086e-10
ss,27,sw_0100,4.0686e-09,0.900053,,,,
ss,27,sw_0200,2.58861e-09,0.900037,,,,
ss,27,sw_0400,1.6180399999999997e-09,0.900024,,,,
ss,27,sw_0800,9.889899999999997e-10,0.900014,,,,
ss,125,ideal_w1,1.116999999999987e-11,0.9,1.04847,-0.361999,-1.66332,1.1310000000000119e-10
ss,125,ideal_w0,1.1210000000000006e-11,0.9,-0.133412,0.103061,1.79997,1.868000000000027e-10
ss,125,real_w1,5.324099999999998e-10,0.900016,1.04845,-0.404732,-1.79996,6.940000000000723e-11
ss,125,real_w0,5.451199999999999e-10,0.900016,-0.152479,0.193084,1.79996,8.820000000000472e-11
ss,125,sw_0100,1.58841e-09,0.900062,,,,
ss,125,sw_0200,8.9173e-10,0.900032,,,,
ss,125,sw_0400,5.324099999999998e-10,0.900016,,,,
ss,125,sw_0800,3.3507999999999984e-10,0.900008,,,,
tt,27,ideal_w1,1.1109999999999975e-11,0.9,1.0279,-0.328783,-1.65251,1.1690000000000815e-10
tt,27,ideal_w0,1.1149999999999905e-11,0.9,-0.128991,0.101673,1.8,1.7290000000000547e-10
tt,27,real_w1,9.208400000000001e-10,0.900018,1.02788,-0.355567,-1.8,7.10000000000011e-11
tt,27,real_w0,9.542599999999998e-10,0.900018,-0.151127,0.17429,1.79998,8.500000000000374e-11
tt,27,sw_0100,2.3718800000000003e-09,0.900057,,,,
tt,27,sw_0200,1.4797799999999998e-09,0.900033,,,,
tt,27,sw_0400,9.208400000000001e-10,0.900018,,,,
tt,27,sw_0800,5.746799999999999e-10,0.90001,,,,
tt,125,ideal_w1,1.1069999999999839e-11,0.900001,1.12373,-0.360946,-1.62682,9.820000000000282e-11
tt,125,ideal_w0,1.1119999999999854e-11,0.900001,-0.126987,0.105561,1.79987,1.5589999999999943e-10
tt,125,real_w1,3.9302999999999983e-10,0.900041,1.12371,-0.40826,-1.79984,5.699999999999846e-11
tt,125,real_w0,4.120099999999999e-10,0.90003,-0.145774,0.205285,1.79985,6.970000000001021e-11
tt,125,sw_0100,1.1385099999999998e-09,0.900162,,,,
tt,125,sw_0200,6.4826e-10,0.900081,,,,
tt,125,sw_0400,3.9302999999999983e-10,0.900041,,,,
tt,125,sw_0800,2.5675999999999985e-10,0.90002,,,,
