timestamp_utc,repo_git_sha,pdk_open_pdks_commit,ngspice_version,corner,temp_c,stored_value,c_sn_ff,c_sn_source,vdd_v,vrbl_bias_v,t_edge_ns,t_wl_pulse_ns,t_rwl_pulse_ns,tmax_s,tstop_s,v_sn_end_wl_pulse_v,v_sn_after_write_settled_v,v_sn_read_gate_v,i_read_a,i_rbl_deselect_a,i_read_ratio_1_over_0,v_sn_read_disturb_v,v_sn_hold_start_v,v_sn_hold_end_v,hold_window_s,dvdt_hold_start_v_per_s,delta_v_sense_margin_v_ASSUMPTION,t_ret_tran_s,t_ret_linear_extrap_s,notes
2026-09-09T23:13:47+00:00,c972c05,c6d73a35f524070e85faff4a6a9eef49553ebc2b,** ngspice-46 : Circuit level simulation program,tt,-40,1,0.605354,extracted,1.8,0.9,0.1,20.0,20.0,2.700979e-06,5.402012e-03,1.114414,0.960983,0.788438,1.995982e-06,4.673615e-11,7.439381e+02,0.000008,0.960991,0.016527,5.401957e-03,-7.420646e+02,0.9,3.620912e-03,1.212832e-03,"EXTRACTED post-layout total for net `sn` from layout/gain_cell_2t.extract.parasitics.json (klt 0.3.0, input sha256:f55f08e3a2f85199d04d90f9007b5724b0d013604f054ce0dbf656f9f954d259): ground 0.586490 fF + lateral coupling to bl,rwl 0.018864 fF"
2026-09-09T23:13:47+00:00,c972c05,c6d73a35f524070e85faff4a6a9eef49553ebc2b,** ngspice-46 : Circuit level simulation program,tt,-40,0,0.605354,extracted,1.8,0.9,0.1,20.0,20.0,2.700979e-06,5.402012e-03,-0.003789,-0.128016,-0.258583,2.682995e-09,1.153092e-12,7.439381e+02,0.000019,-0.127998,-0.002552,5.401957e-03,8.840456e+01,0.9,,,"EXTRACTED post-layout total for net `sn` from layout/gain_cell_2t.extract.parasitics.json (klt 0.3.0, input sha256:f55f08e3a2f85199d04d90f9007b5724b0d013604f054ce0dbf656f9f954d259): ground 0.586490 fF + lateral coupling to bl,rwl 0.018864 fF; stored '0': written by pulsing wl with bl at 0 from an initial sn = 1.8 V (a genuine overwrite). t_ret_tran_s/t_ret_linear_extrap_s are not defined for a cell written low -- there is no stored charge to decay; v_sn_hold_end_v records where the node actually sat at the end of the same hold window the stored-'1' run used"
2026-09-09T23:13:47+00:00,c972c05,c6d73a35f524070e85faff4a6a9eef49553ebc2b,** ngspice-46 : Circuit level simulation program,tt,27,1,0.605354,extracted,1.8,0.9,0.1,20.0,20.0,2.649515e-06,5.299085e-03,1.184168,1.029887,0.841048,7.344875e-06,7.235139e-11,2.865799e+03,-0.000015,1.029872,0.016578,5.299030e-03,-8.097725e+02,0.9,2.640651e-03,1.111423e-03,"EXTRACTED post-layout total for net `sn` from layout/gain_cell_2t.extract.parasitics.json (klt 0.3.0, input sha256:f55f08e3a2f85199d04d90f9007b5724b0d013604f054ce0dbf656f9f954d259): ground 0.586490 fF + lateral coupling to bl,rwl 0.018864 fF"
2026-09-09T23:13:47+00:00,c972c05,c6d73a35f524070e85faff4a6a9eef49553ebc2b,** ngspice-46 : Circuit level simulation program,tt,27,0,0.605354,extracted,1.8,0.9,0.1,20.0,20.0,2.649515e-06,5.299085e-03,-0.003111,-0.128910,-0.257427,2.562942e-09,1.414111e-12,2.865799e+03,0.000898,-0.128012,-0.001130,5.299030e-03,2.467844e+02,0.9,,,"EXTRACTED post-layout total for net `sn` from layout/gain_cell_2t.extract.parasitics.json (klt 0.3.0, input sha256:f55f08e3a2f85199d04d90f9007b5724b0d013604f054ce0dbf656f9f954d259): ground 0.586490 fF + lateral coupling to bl,rwl 0.018864 fF; stored '0': written by pulsing wl with bl at 0 from an initial sn = 1.8 V (a genuine overwrite). t_ret_tran_s/t_ret_linear_extrap_s are not defined for a cell written low -- there is no stored charge to decay; v_sn_hold_end_v records where the node actually sat at the end of the same hold window the stored-'1' run used"
2026-09-09T23:13:47+00:00,c972c05,c6d73a35f524070e85faff4a6a9eef49553ebc2b,** ngspice-46 : Circuit level simulation program,tt,125,1,0.605354,extracted,1.8,0.9,0.1,20.0,20.0,4.243655e-07,8.487861e-04,1.280549,1.126287,0.913721,1.778246e-05,2.011040e-10,8.290680e+03,-0.000256,1.126030,0.000006,8.487311e-04,-1.058381e+04,0.9,1.044864e-04,8.503552e-05,"EXTRACTED post-layout total for net `sn` from layout/gain_cell_2t.extract.parasitics.json (klt 0.3.0, input sha256:f55f08e3a2f85199d04d90f9007b5724b0d013604f054ce0dbf656f9f954d259): ground 0.586490 fF + lateral coupling to bl,rwl 0.018864 fF"
2026-09-09T23:13:47+00:00,c972c05,c6d73a35f524070e85faff4a6a9eef49553ebc2b,** ngspice-46 : Circuit level simulation program,tt,125,0,0.605354,extracted,1.8,0.9,0.1,20.0,20.0,4.243655e-07,8.487861e-04,-0.001787,-0.123040,-0.218599,2.144874e-09,1.588155e-12,8.290680e+03,0.033827,-0.089213,0.000007,8.487311e-04,5.036452e+03,0.9,,,"EXTRACTED post-layout total for net `sn` from layout/gain_cell_2t.extract.parasitics.json (klt 0.3.0, input sha256:f55f08e3a2f85199d04d90f9007b5724b0d013604f054ce0dbf656f9f954d259): ground 0.586490 fF + lateral coupling to bl,rwl 0.018864 fF; stored '0': written by pulsing wl with bl at 0 from an initial sn = 1.8 V (a genuine overwrite). t_ret_tran_s/t_ret_linear_extrap_s are not defined for a cell written low -- there is no stored charge to decay; v_sn_hold_end_v records where the node actually sat at the end of the same hold window the stored-'1' run used"
2026-09-09T23:13:47+00:00,c972c05,c6d73a35f524070e85faff4a6a9eef49553ebc2b,** ngspice-46 : Circuit level simulation program,ss,-40,1,0.605354,extracted,1.8,0.9,0.1,20.0,20.0,2.701055e-06,5.402164e-03,1.042467,0.897842,0.746269,1.929544e-07,5.256293e-11,8.089302e+01,-0.000013,0.897828,0.017131,5.402109e-03,-6.780035e+02,0.9,,1.327427e-03,"EXTRACTED post-layout total for net `sn` from layout/gain_cell_2t.extract.parasitics.json (klt 0.3.0, input sha256:f55f08e3a2f85199d04d90f9007b5724b0d013604f054ce0dbf656f9f954d259): ground 0.586490 fF + lateral coupling to bl,rwl 0.018864 fF; t_ret_tran_s BLANK: the retained level 0.897828 V leaves a decay threshold of -0.002172 V, at or below the 0.05 V floor above the bitline rail (0 V) that V(sn) only approaches asymptotically -- the 0.9 V sense margin is not attainable at this corner with a plain-VDD wordline. A WRITE-margin failure, not a retention result; t_ret_linear_extrap_s is still recorded"
2026-09-09T23:13:47+00:00,c972c05,c6d73a35f524070e85faff4a6a9eef49553ebc2b,** ngspice-46 : Circuit level simulation program,ss,-40,0,0.605354,extracted,1.8,0.9,0.1,20.0,20.0,2.701055e-06,5.402164e-03,-0.004827,-0.125330,-0.247883,2.385304e-09,1.072854e-12,8.089302e+01,0.000004,-0.125327,-0.002792,5.402109e-03,8.351200e+01,0.9,,,"EXTRACTED post-layout total for net `sn` from layout/gain_cell_2t.extract.parasitics.json (klt 0.3.0, input sha256:f55f08e3a2f85199d04d90f9007b5724b0d013604f054ce0dbf656f9f954d259): ground 0.586490 fF + lateral coupling to bl,rwl 0.018864 fF; stored '0': written by pulsing wl with bl at 0 from an initial sn = 1.8 V (a genuine overwrite). t_ret_tran_s/t_ret_linear_extrap_s are not defined for a cell written low -- there is no stored charge to decay; v_sn_hold_end_v records where the node actually sat at the end of the same hold window the stored-'1' run used"
2026-09-09T23:13:47+00:00,c972c05,c6d73a35f524070e85faff4a6a9eef49553ebc2b,** ngspice-46 : Circuit level simulation program,ss,27,1,0.605354,extracted,1.8,0.9,0.1,20.0,20.0,2.700227e-06,5.400508e-03,1.107892,0.962321,0.797648,1.534749e-06,6.208744e-11,6.646745e+02,-0.000006,0.962315,0.018021,5.400453e-03,-7.292933e+02,0.9,3.677321e-03,1.234071e-03,"EXTRACTED post-layout total for net `sn` from layout/gain_cell_2t.extract.parasitics.json (klt 0.3.0, input sha256:f55f08e3a2f85199d04d90f9007b5724b0d013604f054ce0dbf656f9f954d259): ground 0.586490 fF + lateral coupling to bl,rwl 0.018864 fF"
2026-09-09T23:13:47+00:00,c972c05,c6d73a35f524070e85faff4a6a9eef49553ebc2b,** ngspice-46 : Circuit level simulation program,ss,27,0,0.605354,extracted,1.8,0.9,0.1,20.0,20.0,2.700227e-06,5.400508e-03,-0.002605,-0.132207,-0.253607,2.309024e-09,1.334261e-12,6.646745e+02,0.000063,-0.132144,-0.002487,5.400453e-03,1.121964e+02,0.9,,,"EXTRACTED post-layout total for net `sn` from layout/gain_cell_2t.extract.parasitics.json (klt 0.3.0, input sha256:f55f08e3a2f85199d04d90f9007b5724b0d013604f054ce0dbf656f9f954d259): ground 0.586490 fF + lateral coupling to bl,rwl 0.018864 fF; stored '0': written by pulsing wl with bl at 0 from an initial sn = 1.8 V (a genuine overwrite). t_ret_tran_s/t_ret_linear_extrap_s are not defined for a cell written low -- there is no stored charge to decay; v_sn_hold_end_v records where the node actually sat at the end of the same hold window the stored-'1' run used"
2026-09-09T23:13:47+00:00,c972c05,c6d73a35f524070e85faff4a6a9eef49553ebc2b,** ngspice-46 : Circuit level simulation program,ss,125,1,0.605354,extracted,1.8,0.9,0.1,20.0,20.0,2.171971e-06,4.343997e-03,1.197624,1.050878,0.865288,6.585985e-06,1.273891e-10,3.131915e+03,-0.000163,1.050715,0.000001,4.343942e-03,-6.234208e+03,0.9,1.517466e-04,1.443648e-04,"EXTRACTED post-layout total for net `sn` from layout/gain_cell_2t.extract.parasitics.json (klt 0.3.0, input sha256:f55f08e3a2f85199d04d90f9007b5724b0d013604f054ce0dbf656f9f954d259): ground 0.586490 fF + lateral coupling to bl,rwl 0.018864 fF"
2026-09-09T23:13:47+00:00,c972c05,c6d73a35f524070e85faff4a6a9eef49553ebc2b,** ngspice-46 : Circuit level simulation program,ss,125,0,0.605354,extracted,1.8,0.9,0.1,20.0,20.0,2.171971e-06,4.343997e-03,0.000073,-0.134167,-0.230729,2.102862e-09,7.671455e-13,3.131915e+03,0.024498,-0.109669,0.000000,4.343942e-03,1.262308e+03,0.9,,,"EXTRACTED post-layout total for net `sn` from layout/gain_cell_2t.extract.parasitics.json (klt 0.3.0, input sha256:f55f08e3a2f85199d04d90f9007b5724b0d013604f054ce0dbf656f9f954d259): ground 0.586490 fF + lateral coupling to bl,rwl 0.018864 fF; stored '0': written by pulsing wl with bl at 0 from an initial sn = 1.8 V (a genuine overwrite). t_ret_tran_s/t_ret_linear_extrap_s are not defined for a cell written low -- there is no stored charge to decay; v_sn_hold_end_v records where the node actually sat at the end of the same hold window the stored-'1' run used"
2026-09-09T23:13:47+00:00,c972c05,c6d73a35f524070e85faff4a6a9eef49553ebc2b,** ngspice-46 : Circuit level simulation program,ff,-40,1,0.605354,extracted,1.8,0.9,0.1,20.0,20.0,2.699433e-06,5.398922e-03,1.179349,1.017380,0.824984,9.145020e-06,4.119125e-11,3.121830e+03,-0.000041,1.017339,0.015788,5.398867e-03,-8.013639e+02,0.9,2.744341e-03,1.123085e-03,"EXTRACTED post-layout total for net `sn` from layout/gain_cell_2t.extract.parasitics.json (klt 0.3.0, input sha256:f55f08e3a2f85199d04d90f9007b5724b0d013604f054ce0dbf656f9f954d259): ground 0.586490 fF + lateral coupling to bl,rwl 0.018864 fF"
2026-09-09T23:13:47+00:00,c972c05,c6d73a35f524070e85faff4a6a9eef49553ebc2b,** ngspice-46 : Circuit level simulation program,ff,-40,0,0.605354,extracted,1.8,0.9,0.1,20.0,20.0,2.699433e-06,5.398922e-03,-0.001129,-0.127699,-0.266903,2.929378e-09,1.188095e-12,3.121830e+03,0.000195,-0.127505,-0.002202,5.398867e-03,9.876283e+01,0.9,,,"EXTRACTED post-layout total for net `sn` from layout/gain_cell_2t.extract.parasitics.json (klt 0.3.0, input sha256:f55f08e3a2f85199d04d90f9007b5724b0d013604f054ce0dbf656f9f954d259): ground 0.586490 fF + lateral coupling to bl,rwl 0.018864 fF; stored '0': written by pulsing wl with bl at 0 from an initial sn = 1.8 V (a genuine overwrite). t_ret_tran_s/t_ret_linear_extrap_s are not defined for a cell written low -- there is no stored charge to decay; v_sn_hold_end_v records where the node actually sat at the end of the same hold window the stored-'1' run used"
2026-09-09T23:13:47+00:00,c972c05,c6d73a35f524070e85faff4a6a9eef49553ebc2b,** ngspice-46 : Circuit level simulation program,ff,27,1,0.605354,extracted,1.8,0.9,0.1,20.0,20.0,2.207044e-06,4.414143e-03,1.252726,1.090334,0.880469,1.987740e-05,8.230186e-11,7.122449e+03,-0.000022,1.090312,0.013549,4.414088e-03,-1.010204e+03,0.9,1.887001e-03,8.909093e-04,"EXTRACTED post-layout total for net `sn` from layout/gain_cell_2t.extract.parasitics.json (klt 0.3.0, input sha256:f55f08e3a2f85199d04d90f9007b5724b0d013604f054ce0dbf656f9f954d259): ground 0.586490 fF + lateral coupling to bl,rwl 0.018864 fF"
2026-09-09T23:13:47+00:00,c972c05,c6d73a35f524070e85faff4a6a9eef49553ebc2b,** ngspice-46 : Circuit level simulation program,ff,27,0,0.605354,extracted,1.8,0.9,0.1,20.0,20.0,2.207044e-06,4.414143e-03,-0.001227,-0.122531,-0.256125,2.790810e-09,1.285793e-12,7.122449e+03,0.004806,-0.117725,-0.000142,4.414088e-03,5.272661e+02,0.9,,,"EXTRACTED post-layout total for net `sn` from layout/gain_cell_2t.extract.parasitics.json (klt 0.3.0, input sha256:f55f08e3a2f85199d04d90f9007b5724b0d013604f054ce0dbf656f9f954d259): ground 0.586490 fF + lateral coupling to bl,rwl 0.018864 fF; stored '0': written by pulsing wl with bl at 0 from an initial sn = 1.8 V (a genuine overwrite). t_ret_tran_s/t_ret_linear_extrap_s are not defined for a cell written low -- there is no stored charge to decay; v_sn_hold_end_v records where the node actually sat at the end of the same hold window the stored-'1' run used"
2026-09-09T23:13:47+00:00,c972c05,c6d73a35f524070e85faff4a6a9eef49553ebc2b,** ngspice-46 : Circuit level simulation program,ff,125,1,0.605354,extracted,1.8,0.9,0.1,20.0,20.0,7.378593e-08,1.476269e-04,1.353138,1.192761,0.958300,3.468851e-05,1.187401e-10,1.551222e+04,-0.000824,1.191937,0.000018,1.475719e-04,-3.622369e+04,0.9,3.874245e-05,2.484562e-05,"EXTRACTED post-layout total for net `sn` from layout/gain_cell_2t.extract.parasitics.json (klt 0.3.0, input sha256:f55f08e3a2f85199d04d90f9007b5724b0d013604f054ce0dbf656f9f954d259): ground 0.586490 fF + lateral coupling to bl,rwl 0.018864 fF"
2026-09-09T23:13:47+00:00,c972c05,c6d73a35f524070e85faff4a6a9eef49553ebc2b,** ngspice-46 : Circuit level simulation program,ff,125,0,0.605354,extracted,1.8,0.9,0.1,20.0,20.0,7.378593e-08,1.476269e-04,-0.001049,-0.113178,-0.198478,2.236205e-09,7.351372e-12,1.551222e+04,0.053892,-0.059287,0.000019,1.475719e-04,1.351006e+04,0.9,,,"EXTRACTED post-layout total for net `sn` from layout/gain_cell_2t.extract.parasitics.json (klt 0.3.0, input sha256:f55f08e3a2f85199d04d90f9007b5724b0d013604f054ce0dbf656f9f954d259): ground 0.586490 fF + lateral coupling to bl,rwl 0.018864 fF; stored '0': written by pulsing wl with bl at 0 from an initial sn = 1.8 V (a genuine overwrite). t_ret_tran_s/t_ret_linear_extrap_s are not defined for a cell written low -- there is no stored charge to decay; v_sn_hold_end_v records where the node actually sat at the end of the same hold window the stored-'1' run used"
2026-09-09T23:13:47+00:00,c972c05,c6d73a35f524070e85faff4a6a9eef49553ebc2b,** ngspice-46 : Circuit level simulation program,sf,-40,1,0.605354,extracted,1.8,0.9,0.1,20.0,20.0,2.697295e-06,5.394645e-03,1.216736,1.056349,0.848424,1.693541e-05,3.947145e-11,6.337296e+03,-0.000019,1.056331,0.014571,5.394590e-03,-8.535334e+02,0.9,2.351106e-03,1.054440e-03,"EXTRACTED post-layout total for net `sn` from layout/gain_cell_2t.extract.parasitics.json (klt 0.3.0, input sha256:f55f08e3a2f85199d04d90f9007b5724b0d013604f054ce0dbf656f9f954d259): ground 0.586490 fF + lateral coupling to bl,rwl 0.018864 fF"
2026-09-09T23:13:47+00:00,c972c05,c6d73a35f524070e85faff4a6a9eef49553ebc2b,** ngspice-46 : Circuit level simulation program,sf,-40,0,0.605354,extracted,1.8,0.9,0.1,20.0,20.0,2.697295e-06,5.394645e-03,-0.000634,-0.119756,-0.257561,2.672339e-09,1.185985e-12,6.337296e+03,0.000718,-0.119039,-0.001695,5.394590e-03,1.119715e+02,0.9,,,"EXTRACTED post-layout total for net `sn` from layout/gain_cell_2t.extract.parasitics.json (klt 0.3.0, input sha256:f55f08e3a2f85199d04d90f9007b5724b0d013604f054ce0dbf656f9f954d259): ground 0.586490 fF + lateral coupling to bl,rwl 0.018864 fF; stored '0': written by pulsing wl with bl at 0 from an initial sn = 1.8 V (a genuine overwrite). t_ret_tran_s/t_ret_linear_extrap_s are not defined for a cell written low -- there is no stored charge to decay; v_sn_hold_end_v records where the node actually sat at the end of the same hold window the stored-'1' run used"
2026-09-09T23:13:47+00:00,c972c05,c6d73a35f524070e85faff4a6a9eef49553ebc2b,** ngspice-46 : Circuit level simulation program,sf,27,1,0.605354,extracted,1.8,0.9,0.1,20.0,20.0,1.913540e-06,3.827135e-03,1.285790,1.125588,0.900063,2.711267e-05,8.934554e-11,1.071714e+04,-0.000020,1.125568,0.004102,3.827080e-03,-1.225821e+03,0.9,1.445444e-03,7.342017e-04,"EXTRACTED post-layout total for net `sn` from layout/gain_cell_2t.extract.parasitics.json (klt 0.3.0, input sha256:f55f08e3a2f85199d04d90f9007b5724b0d013604f054ce0dbf656f9f954d259): ground 0.586490 fF + lateral coupling to bl,rwl 0.018864 fF"
2026-09-09T23:13:47+00:00,c972c05,c6d73a35f524070e85faff4a6a9eef49553ebc2b,** ngspice-46 : Circuit level simulation program,sf,27,0,0.605354,extracted,1.8,0.9,0.1,20.0,20.0,1.913540e-06,3.827135e-03,-0.000877,-0.109186,-0.237065,2.529843e-09,1.114598e-12,1.071714e+04,0.009879,-0.099307,0.000019,3.827080e-03,6.633609e+02,0.9,,,"EXTRACTED post-layout total for net `sn` from layout/gain_cell_2t.extract.parasitics.json (klt 0.3.0, input sha256:f55f08e3a2f85199d04d90f9007b5724b0d013604f054ce0dbf656f9f954d259): ground 0.586490 fF + lateral coupling to bl,rwl 0.018864 fF; stored '0': written by pulsing wl with bl at 0 from an initial sn = 1.8 V (a genuine overwrite). t_ret_tran_s/t_ret_linear_extrap_s are not defined for a cell written low -- there is no stored charge to decay; v_sn_hold_end_v records where the node actually sat at the end of the same hold window the stored-'1' run used"
2026-09-09T23:13:47+00:00,c972c05,c6d73a35f524070e85faff4a6a9eef49553ebc2b,** ngspice-46 : Circuit level simulation program,sf,125,1,0.605354,extracted,1.8,0.9,0.1,20.0,20.0,4.938853e-08,9.883207e-05,1.380320,1.223832,0.974101,4.004895e-05,1.132303e-09,2.138109e+04,-0.001275,1.222557,0.000016,9.877707e-05,-5.637879e+04,0.9,2.395817e-05,1.596345e-05,"EXTRACTED post-layout total for net `sn` from layout/gain_cell_2t.extract.parasitics.json (klt 0.3.0, input sha256:f55f08e3a2f85199d04d90f9007b5724b0d013604f054ce0dbf656f9f954d259): ground 0.586490 fF + lateral coupling to bl,rwl 0.018864 fF"
2026-09-09T23:13:47+00:00,c972c05,c6d73a35f524070e85faff4a6a9eef49553ebc2b,** ngspice-46 : Circuit level simulation program,sf,125,0,0.605354,extracted,1.8,0.9,0.1,20.0,20.0,4.938853e-08,9.883207e-05,-0.000802,-0.101860,-0.172800,1.873101e-09,1.293071e-11,2.138109e+04,0.067881,-0.033979,0.000016,9.877707e-05,1.115609e+04,0.9,,,"EXTRACTED post-layout total for net `sn` from layout/gain_cell_2t.extract.parasitics.json (klt 0.3.0, input sha256:f55f08e3a2f85199d04d90f9007b5724b0d013604f054ce0dbf656f9f954d259): ground 0.586490 fF + lateral coupling to bl,rwl 0.018864 fF; stored '0': written by pulsing wl with bl at 0 from an initial sn = 1.8 V (a genuine overwrite). t_ret_tran_s/t_ret_linear_extrap_s are not defined for a cell written low -- there is no stored charge to decay; v_sn_hold_end_v records where the node actually sat at the end of the same hold window the stored-'1' run used"
2026-09-09T23:13:47+00:00,c972c05,c6d73a35f524070e85faff4a6a9eef49553ebc2b,** ngspice-46 : Circuit level simulation program,fs,-40,1,0.605354,extracted,1.8,0.9,0.1,20.0,20.0,2.701055e-06,5.402164e-03,1.012100,0.865236,0.716725,3.444104e-08,5.950632e-11,1.335266e+01,-0.000018,0.865218,0.018033,5.402109e-03,-6.399316e+02,0.9,,1.406400e-03,"EXTRACTED post-layout total for net `sn` from layout/gain_cell_2t.extract.parasitics.json (klt 0.3.0, input sha256:f55f08e3a2f85199d04d90f9007b5724b0d013604f054ce0dbf656f9f954d259): ground 0.586490 fF + lateral coupling to bl,rwl 0.018864 fF; t_ret_tran_s BLANK: the retained level 0.865218 V leaves a decay threshold of -0.034782 V, at or below the 0.05 V floor above the bitline rail (0 V) that V(sn) only approaches asymptotically -- the 0.9 V sense margin is not attainable at this corner with a plain-VDD wordline. A WRITE-margin failure, not a retention result; t_ret_linear_extrap_s is still recorded"
2026-09-09T23:13:47+00:00,c972c05,c6d73a35f524070e85faff4a6a9eef49553ebc2b,** ngspice-46 : Circuit level simulation program,fs,-40,0,0.605354,extracted,1.8,0.9,0.1,20.0,20.0,2.701055e-06,5.402164e-03,-0.005605,-0.118363,-0.242274,2.579340e-09,1.446117e-12,1.335266e+01,0.000003,-0.118360,-0.002886,5.402109e-03,7.708054e+01,0.9,,,"EXTRACTED post-layout total for net `sn` from layout/gain_cell_2t.extract.parasitics.json (klt 0.3.0, input sha256:f55f08e3a2f85199d04d90f9007b5724b0d013604f054ce0dbf656f9f954d259): ground 0.586490 fF + lateral coupling to bl,rwl 0.018864 fF; stored '0': written by pulsing wl with bl at 0 from an initial sn = 1.8 V (a genuine overwrite). t_ret_tran_s/t_ret_linear_extrap_s are not defined for a cell written low -- there is no stored charge to decay; v_sn_hold_end_v records where the node actually sat at the end of the same hold window the stored-'1' run used"
2026-09-09T23:13:47+00:00,c972c05,c6d73a35f524070e85faff4a6a9eef49553ebc2b,** ngspice-46 : Circuit level simulation program,fs,27,1,0.605354,extracted,1.8,0.9,0.1,20.0,20.0,2.698609e-06,5.397274e-03,1.082132,0.934181,0.774793,5.195531e-07,7.254973e-11,2.087055e+02,-0.000029,0.934153,0.019084,5.397219e-03,-6.940697e+02,0.9,,1.296700e-03,"EXTRACTED post-layout total for net `sn` from layout/gain_cell_2t.extract.parasitics.json (klt 0.3.0, input sha256:f55f08e3a2f85199d04d90f9007b5724b0d013604f054ce0dbf656f9f954d259): ground 0.586490 fF + lateral coupling to bl,rwl 0.018864 fF; t_ret_tran_s BLANK: the retained level 0.934153 V leaves a decay threshold of 0.034153 V, at or below the 0.05 V floor above the bitline rail (0 V) that V(sn) only approaches asymptotically -- the 0.9 V sense margin is not attainable at this corner with a plain-VDD wordline. A WRITE-margin failure, not a retention result; t_ret_linear_extrap_s is still recorded"
2026-09-09T23:13:47+00:00,c972c05,c6d73a35f524070e85faff4a6a9eef49553ebc2b,** ngspice-46 : Circuit level simulation program,fs,27,0,0.605354,extracted,1.8,0.9,0.1,20.0,20.0,2.698609e-06,5.397274e-03,-0.003417,-0.126387,-0.249185,2.489408e-09,1.620506e-12,2.087055e+02,0.000047,-0.126340,-0.002586,5.397219e-03,1.045559e+02,0.9,,,"EXTRACTED post-layout total for net `sn` from layout/gain_cell_2t.extract.parasitics.json (klt 0.3.0, input sha256:f55f08e3a2f85199d04d90f9007b5724b0d013604f054ce0dbf656f9f954d259): ground 0.586490 fF + lateral coupling to bl,rwl 0.018864 fF; stored '0': written by pulsing wl with bl at 0 from an initial sn = 1.8 V (a genuine overwrite). t_ret_tran_s/t_ret_linear_extrap_s are not defined for a cell written low -- there is no stored charge to decay; v_sn_hold_end_v records where the node actually sat at the end of the same hold window the stored-'1' run used"
2026-09-09T23:13:47+00:00,c972c05,c6d73a35f524070e85faff4a6a9eef49553ebc2b,** ngspice-46 : Circuit level simulation program,fs,125,1,0.605354,extracted,1.8,0.9,0.1,20.0,20.0,1.769703e-06,3.539460e-03,1.179334,1.030055,0.850223,3.962567e-06,1.543407e-10,1.805752e+03,-0.000151,1.029904,0.000000,3.539405e-03,-6.297756e+03,0.9,1.532384e-04,1.429080e-04,"EXTRACTED post-layout total for net `sn` from layout/gain_cell_2t.extract.parasitics.json (klt 0.3.0, input sha256:f55f08e3a2f85199d04d90f9007b5724b0d013604f054ce0dbf656f9f954d259): ground 0.586490 fF + lateral coupling to bl,rwl 0.018864 fF"
2026-09-09T23:13:47+00:00,c972c05,c6d73a35f524070e85faff4a6a9eef49553ebc2b,** ngspice-46 : Circuit level simulation program,fs,125,0,0.605354,extracted,1.8,0.9,0.1,20.0,20.0,1.769703e-06,3.539460e-03,-0.000793,-0.132660,-0.231277,2.194414e-09,3.350999e-13,1.805752e+03,0.023744,-0.108916,0.000002,3.539405e-03,1.538431e+03,0.9,,,"EXTRACTED post-layout total for net `sn` from layout/gain_cell_2t.extract.parasitics.json (klt 0.3.0, input sha256:f55f08e3a2f85199d04d90f9007b5724b0d013604f054ce0dbf656f9f954d259): ground 0.586490 fF + lateral coupling to bl,rwl 0.018864 fF; stored '0': written by pulsing wl with bl at 0 from an initial sn = 1.8 V (a genuine overwrite). t_ret_tran_s/t_ret_linear_extrap_s are not defined for a cell written low -- there is no stored charge to decay; v_sn_hold_end_v records where the node actually sat at the end of the same hold window the stored-'1' run used"
2026-09-09T23:21:55+00:00,c972c05,c6d73a35f524070e85faff4a6a9eef49553ebc2b,** ngspice-46 : Circuit level simulation program,tt,-40,1,0.000000,override,1.8,0.9,0.1,20.0,20.0,8.950019e-07,1.790059e-03,1.130908,0.831921,0.542490,4.016203e-09,9.332807e-11,1.271978e+00,-0.000031,0.831889,0.066937,1.790004e-03,-1.255281e+03,0.9,,7.169711e-04,"intrinsic device-model capacitance only (--c-sn-ff 0); t_ret_tran_s BLANK: the retained level 0.831889 V leaves a decay threshold of -0.068111 V, at or below the 0.05 V floor above the bitline rail (0 V) that V(sn) only approaches asymptotically -- the 0.9 V sense margin is not attainable at this corner with a plain-VDD wordline. A WRITE-margin failure, not a retention result; t_ret_linear_extrap_s is still recorded"
2026-09-09T23:21:55+00:00,c972c05,c6d73a35f524070e85faff4a6a9eef49553ebc2b,** ngspice-46 : Circuit level simulation program,tt,-40,0,0.000000,override,1.8,0.9,0.1,20.0,20.0,8.950019e-07,1.790059e-03,0.000188,-0.195435,-0.389451,3.157447e-09,1.432291e-12,1.271978e+00,0.023893,-0.171542,-0.017333,1.790004e-03,2.190719e+02,0.9,,,intrinsic device-model capacitance only (--c-sn-ff 0); stored '0': written by pulsing wl with bl at 0 from an initial sn = 1.8 V (a genuine overwrite). t_ret_tran_s/t_ret_linear_extrap_s are not defined for a cell written low -- there is no stored charge to decay; v_sn_hold_end_v records where the node actually sat at the end of the same hold window the stored-'1' run used
2026-09-09T23:21:55+00:00,c972c05,c6d73a35f524070e85faff4a6a9eef49553ebc2b,** ngspice-46 : Circuit level simulation program,tt,27,1,0.000000,override,1.8,0.9,0.1,20.0,20.0,8.779489e-07,1.755953e-03,1.204463,0.903185,0.597049,1.371192e-07,1.406675e-10,4.732822e+01,-0.000035,0.903150,0.071877,1.755898e-03,-1.392700e+03,0.9,,6.462268e-04,"intrinsic device-model capacitance only (--c-sn-ff 0); t_ret_tran_s BLANK: the retained level 0.903150 V leaves a decay threshold of 0.003150 V, at or below the 0.05 V floor above the bitline rail (0 V) that V(sn) only approaches asymptotically -- the 0.9 V sense margin is not attainable at this corner with a plain-VDD wordline. A WRITE-margin failure, not a retention result; t_ret_linear_extrap_s is still recorded"
2026-09-09T23:21:55+00:00,c972c05,c6d73a35f524070e85faff4a6a9eef49553ebc2b,** ngspice-46 : Circuit level simulation program,tt,27,0,0.000000,override,1.8,0.9,0.1,20.0,20.0,8.779489e-07,1.755953e-03,0.000104,-0.187083,-0.334118,2.897197e-09,1.180252e-12,4.732822e+01,0.072868,-0.114215,-0.006310,1.755898e-03,3.587342e+02,0.9,,,intrinsic device-model capacitance only (--c-sn-ff 0); stored '0': written by pulsing wl with bl at 0 from an initial sn = 1.8 V (a genuine overwrite). t_ret_tran_s/t_ret_linear_extrap_s are not defined for a cell written low -- there is no stored charge to decay; v_sn_hold_end_v records where the node actually sat at the end of the same hold window the stored-'1' run used
2026-09-09T23:21:55+00:00,c972c05,c6d73a35f524070e85faff4a6a9eef49553ebc2b,** ngspice-46 : Circuit level simulation program,tt,125,1,0.000000,override,1.8,0.9,0.1,20.0,20.0,1.406187e-07,2.812923e-04,1.305977,1.005179,0.663757,1.646671e-06,3.870319e-10,6.664050e+02,-0.000457,1.004722,0.000014,2.812373e-04,-1.973389e+04,0.9,5.977903e-05,4.560682e-05,intrinsic device-model capacitance only (--c-sn-ff 0)
2026-09-09T23:21:55+00:00,c972c05,c6d73a35f524070e85faff4a6a9eef49553ebc2b,** ngspice-46 : Circuit level simulation program,tt,125,0,0.000000,override,1.8,0.9,0.1,20.0,20.0,1.406187e-07,2.812923e-04,0.000095,-0.166168,-0.219848,2.470977e-09,4.440031e-11,6.664050e+02,0.173342,0.007174,0.000011,2.812373e-04,-9.216011e+02,0.9,,,intrinsic device-model capacitance only (--c-sn-ff 0); stored '0': written by pulsing wl with bl at 0 from an initial sn = 1.8 V (a genuine overwrite). t_ret_tran_s/t_ret_linear_extrap_s are not defined for a cell written low -- there is no stored charge to decay; v_sn_hold_end_v records where the node actually sat at the end of the same hold window the stored-'1' run used
2026-09-09T23:21:55+00:00,c972c05,c6d73a35f524070e85faff4a6a9eef49553ebc2b,** ngspice-46 : Circuit level simulation program,ss,-40,1,0.000000,override,1.8,0.9,0.1,20.0,20.0,8.950271e-07,1.790109e-03,1.057976,0.782119,0.518754,2.480533e-09,1.037503e-10,8.389772e-01,-0.000023,0.782096,0.070357,1.790054e-03,-1.129707e+03,0.9,,7.966669e-04,"intrinsic device-model capacitance only (--c-sn-ff 0); t_ret_tran_s BLANK: the retained level 0.782096 V leaves a decay threshold of -0.117904 V, at or below the 0.05 V floor above the bitline rail (0 V) that V(sn) only approaches asymptotically -- the 0.9 V sense margin is not attainable at this corner with a plain-VDD wordline. A WRITE-margin failure, not a retention result; t_ret_linear_extrap_s is still recorded"
2026-09-09T23:21:55+00:00,c972c05,c6d73a35f524070e85faff4a6a9eef49553ebc2b,** ngspice-46 : Circuit level simulation program,ss,-40,0,0.000000,override,1.8,0.9,0.1,20.0,20.0,8.950271e-07,1.790109e-03,-0.003342,-0.190835,-0.389489,2.956615e-09,1.329731e-12,8.389772e-01,0.001050,-0.189785,-0.021845,1.790054e-03,2.162249e+02,0.9,,,intrinsic device-model capacitance only (--c-sn-ff 0); stored '0': written by pulsing wl with bl at 0 from an initial sn = 1.8 V (a genuine overwrite). t_ret_tran_s/t_ret_linear_extrap_s are not defined for a cell written low -- there is no stored charge to decay; v_sn_hold_end_v records where the node actually sat at the end of the same hold window the stored-'1' run used
2026-09-09T23:21:55+00:00,c972c05,c6d73a35f524070e85faff4a6a9eef49553ebc2b,** ngspice-46 : Circuit level simulation program,ss,27,1,0.000000,override,1.8,0.9,0.1,20.0,20.0,8.947528e-07,1.789561e-03,1.126534,0.848179,0.575774,1.652131e-08,1.216140e-10,6.150980e+00,-0.000034,0.848145,0.075753,1.789506e-03,-1.233874e+03,0.9,,7.294100e-04,"intrinsic device-model capacitance only (--c-sn-ff 0); t_ret_tran_s BLANK: the retained level 0.848145 V leaves a decay threshold of -0.051855 V, at or below the 0.05 V floor above the bitline rail (0 V) that V(sn) only approaches asymptotically -- the 0.9 V sense margin is not attainable at this corner with a plain-VDD wordline. A WRITE-margin failure, not a retention result; t_ret_linear_extrap_s is still recorded"
2026-09-09T23:21:55+00:00,c972c05,c6d73a35f524070e85faff4a6a9eef49553ebc2b,** ngspice-46 : Circuit level simulation program,ss,27,0,0.000000,override,1.8,0.9,0.1,20.0,20.0,8.947528e-07,1.789561e-03,-0.003268,-0.194893,-0.372711,2.685964e-09,1.565938e-12,6.150980e+00,0.019835,-0.175058,-0.015744,1.789506e-03,3.841820e+02,0.9,,,intrinsic device-model capacitance only (--c-sn-ff 0); stored '0': written by pulsing wl with bl at 0 from an initial sn = 1.8 V (a genuine overwrite). t_ret_tran_s/t_ret_linear_extrap_s are not defined for a cell written low -- there is no stored charge to decay; v_sn_hold_end_v records where the node actually sat at the end of the same hold window the stored-'1' run used
2026-09-09T23:21:55+00:00,c972c05,c6d73a35f524070e85faff4a6a9eef49553ebc2b,** ngspice-46 : Circuit level simulation program,ss,125,1,0.000000,override,1.8,0.9,0.1,20.0,20.0,7.197089e-07,1.439473e-03,1.221220,0.939874,0.642142,3.883476e-07,2.340072e-10,1.636591e+02,-0.000284,0.939590,0.000001,1.439418e-03,-1.177746e+04,0.9,,7.641715e-05,"intrinsic device-model capacitance only (--c-sn-ff 0); t_ret_tran_s BLANK: the retained level 0.939590 V leaves a decay threshold of 0.039590 V, at or below the 0.05 V floor above the bitline rail (0 V) that V(sn) only approaches asymptotically -- the 0.9 V sense margin is not attainable at this corner with a plain-VDD wordline. A WRITE-margin failure, not a retention result; t_ret_linear_extrap_s is still recorded"
2026-09-09T23:21:55+00:00,c972c05,c6d73a35f524070e85faff4a6a9eef49553ebc2b,** ngspice-46 : Circuit level simulation program,ss,125,0,0.000000,override,1.8,0.9,0.1,20.0,20.0,7.197089e-07,1.439473e-03,-0.002538,-0.183279,-0.243689,2.372905e-09,4.172725e-11,1.636591e+02,0.145798,-0.037481,-0.000000,1.439418e-03,1.298907e+03,0.9,,,intrinsic device-model capacitance only (--c-sn-ff 0); stored '0': written by pulsing wl with bl at 0 from an initial sn = 1.8 V (a genuine overwrite). t_ret_tran_s/t_ret_linear_extrap_s are not defined for a cell written low -- there is no stored charge to decay; v_sn_hold_end_v records where the node actually sat at the end of the same hold window the stored-'1' run used
2026-09-09T23:21:55+00:00,c972c05,c6d73a35f524070e85faff4a6a9eef49553ebc2b,** ngspice-46 : Circuit level simulation program,ff,-40,1,0.000000,override,1.8,0.9,0.1,20.0,20.0,8.944899e-07,1.789035e-03,1.196696,0.874752,0.557330,3.798121e-08,8.252381e-11,1.142694e+01,-0.000061,0.874691,0.062847,1.788980e-03,-1.373552e+03,0.9,,6.552353e-04,"intrinsic device-model capacitance only (--c-sn-ff 0); t_ret_tran_s BLANK: the retained level 0.874691 V leaves a decay threshold of -0.025309 V, at or below the 0.05 V floor above the bitline rail (0 V) that V(sn) only approaches asymptotically -- the 0.9 V sense margin is not attainable at this corner with a plain-VDD wordline. A WRITE-margin failure, not a retention result; t_ret_linear_extrap_s is still recorded"
2026-09-09T23:21:55+00:00,c972c05,c6d73a35f524070e85faff4a6a9eef49553ebc2b,** ngspice-46 : Circuit level simulation program,ff,-40,0,0.000000,override,1.8,0.9,0.1,20.0,20.0,8.944899e-07,1.789035e-03,0.002907,-0.192386,-0.360336,3.323832e-09,1.398466e-12,1.142694e+01,0.074957,-0.117428,-0.010199,1.788980e-03,1.626317e+02,0.9,,,intrinsic device-model capacitance only (--c-sn-ff 0); stored '0': written by pulsing wl with bl at 0 from an initial sn = 1.8 V (a genuine overwrite). t_ret_tran_s/t_ret_linear_extrap_s are not defined for a cell written low -- there is no stored charge to decay; v_sn_hold_end_v records where the node actually sat at the end of the same hold window the stored-'1' run used
2026-09-09T23:21:55+00:00,c972c05,c6d73a35f524070e85faff4a6a9eef49553ebc2b,** ngspice-46 : Circuit level simulation program,ff,27,1,0.000000,override,1.8,0.9,0.1,20.0,20.0,2.925323e-06,5.850701e-03,1.274000,0.950903,0.611146,6.712725e-07,1.588198e-10,2.157782e+02,-0.000003,0.950899,0.000018,5.850646e-03,-1.601214e+03,0.9,1.644640e-03,5.620735e-04,intrinsic device-model capacitance only (--c-sn-ff 0)
2026-09-09T23:21:55+00:00,c972c05,c6d73a35f524070e85faff4a6a9eef49553ebc2b,** ngspice-46 : Circuit level simulation program,ff,27,0,0.000000,override,1.8,0.9,0.1,20.0,20.0,2.925323e-06,5.850701e-03,0.003065,-0.175084,-0.294194,3.110938e-09,4.437614e-13,2.157782e+02,0.126916,-0.048168,0.000025,5.850646e-03,1.451046e+02,0.9,,,intrinsic device-model capacitance only (--c-sn-ff 0); stored '0': written by pulsing wl with bl at 0 from an initial sn = 1.8 V (a genuine overwrite). t_ret_tran_s/t_ret_linear_extrap_s are not defined for a cell written low -- there is no stored charge to decay; v_sn_hold_end_v records where the node actually sat at the end of the same hold window the stored-'1' run used
2026-09-09T23:21:55+00:00,c972c05,c6d73a35f524070e85faff4a6a9eef49553ebc2b,** ngspice-46 : Circuit level simulation program,ff,125,1,0.000000,override,1.8,0.9,0.1,20.0,20.0,2.444986e-08,4.895472e-05,1.379069,1.062834,0.681664,4.829905e-06,5.066037e-10,1.824723e+03,-0.001303,1.061531,0.000041,4.889972e-05,-6.539776e+04,0.9,2.361520e-05,1.376194e-05,intrinsic device-model capacitance only (--c-sn-ff 0)
2026-09-09T23:21:55+00:00,c972c05,c6d73a35f524070e85faff4a6a9eef49553ebc2b,** ngspice-46 : Circuit level simulation program,ff,125,0,0.000000,override,1.8,0.9,0.1,20.0,20.0,2.444986e-08,4.895472e-05,0.003164,-0.151259,-0.188372,2.646925e-09,6.980186e-11,1.824723e+03,0.215316,0.064056,0.000005,4.889972e-05,-1.398097e+04,0.9,,,intrinsic device-model capacitance only (--c-sn-ff 0); stored '0': written by pulsing wl with bl at 0 from an initial sn = 1.8 V (a genuine overwrite). t_ret_tran_s/t_ret_linear_extrap_s are not defined for a cell written low -- there is no stored charge to decay; v_sn_hold_end_v records where the node actually sat at the end of the same hold window the stored-'1' run used
2026-09-09T23:21:55+00:00,c972c05,c6d73a35f524070e85faff4a6a9eef49553ebc2b,** ngspice-46 : Circuit level simulation program,sf,-40,1,0.000000,override,1.8,0.9,0.1,20.0,20.0,8.937813e-07,1.787618e-03,1.234154,0.906966,0.572300,2.439548e-07,8.035923e-11,8.573839e+01,-0.000035,0.906932,0.056823,1.787563e-03,-1.499868e+03,0.9,,6.000528e-04,"intrinsic device-model capacitance only (--c-sn-ff 0); t_ret_tran_s BLANK: the retained level 0.906932 V leaves a decay threshold of 0.006932 V, at or below the 0.05 V floor above the bitline rail (0 V) that V(sn) only approaches asymptotically -- the 0.9 V sense margin is not attainable at this corner with a plain-VDD wordline. A WRITE-margin failure, not a retention result; t_ret_linear_extrap_s is still recorded"
2026-09-09T23:21:55+00:00,c972c05,c6d73a35f524070e85faff4a6a9eef49553ebc2b,** ngspice-46 : Circuit level simulation program,sf,-40,0,0.000000,override,1.8,0.9,0.1,20.0,20.0,8.937813e-07,1.787618e-03,0.003826,-0.171394,-0.318827,2.845340e-09,1.292919e-12,8.573839e+01,0.103423,-0.067972,-0.005058,1.787563e-03,9.807937e+01,0.9,,,intrinsic device-model capacitance only (--c-sn-ff 0); stored '0': written by pulsing wl with bl at 0 from an initial sn = 1.8 V (a genuine overwrite). t_ret_tran_s/t_ret_linear_extrap_s are not defined for a cell written low -- there is no stored charge to decay; v_sn_hold_end_v records where the node actually sat at the end of the same hold window the stored-'1' run used
2026-09-09T23:21:55+00:00,c972c05,c6d73a35f524070e85faff4a6a9eef49553ebc2b,** ngspice-46 : Circuit level simulation program,sf,27,1,0.000000,override,1.8,0.9,0.1,20.0,20.0,6.340747e-07,1.268204e-03,1.306795,0.980347,0.617747,1.792511e-06,1.764847e-10,6.608904e+02,-0.000039,0.980308,0.050252,1.268149e-03,-2.182305e+03,0.9,1.103677e-03,4.124080e-04,intrinsic device-model capacitance only (--c-sn-ff 0)
2026-09-09T23:21:55+00:00,c972c05,c6d73a35f524070e85faff4a6a9eef49553ebc2b,** ngspice-46 : Circuit level simulation program,sf,27,0,0.000000,override,1.8,0.9,0.1,20.0,20.0,6.340747e-07,1.268204e-03,0.003885,-0.151417,-0.254793,2.712266e-09,1.347507e-12,6.608904e+02,0.150393,-0.001023,0.000023,1.268149e-03,4.273524e+00,0.9,,,intrinsic device-model capacitance only (--c-sn-ff 0); stored '0': written by pulsing wl with bl at 0 from an initial sn = 1.8 V (a genuine overwrite). t_ret_tran_s/t_ret_linear_extrap_s are not defined for a cell written low -- there is no stored charge to decay; v_sn_hold_end_v records where the node actually sat at the end of the same hold window the stored-'1' run used
2026-09-09T23:21:55+00:00,c972c05,c6d73a35f524070e85faff4a6a9eef49553ebc2b,** ngspice-46 : Circuit level simulation program,sf,125,1,0.000000,override,1.8,0.9,0.1,20.0,20.0,1.636549e-08,3.278598e-05,1.405486,1.091973,0.683406,7.672812e-06,5.572605e-10,3.416423e+03,-0.002084,1.089889,0.000008,3.273098e-05,-1.049774e+05,0.9,1.410819e-05,8.573274e-06,intrinsic device-model capacitance only (--c-sn-ff 0)
2026-09-09T23:21:55+00:00,c972c05,c6d73a35f524070e85faff4a6a9eef49553ebc2b,** ngspice-46 : Circuit level simulation program,sf,125,0,0.000000,override,1.8,0.9,0.1,20.0,20.0,1.636549e-08,3.278598e-05,0.003735,-0.133804,-0.158170,2.245861e-09,8.774210e-11,3.416423e+03,0.235243,0.101439,0.000007,3.273098e-05,-2.849804e+04,0.9,,,intrinsic device-model capacitance only (--c-sn-ff 0); stored '0': written by pulsing wl with bl at 0 from an initial sn = 1.8 V (a genuine overwrite). t_ret_tran_s/t_ret_linear_extrap_s are not defined for a cell written low -- there is no stored charge to decay; v_sn_hold_end_v records where the node actually sat at the end of the same hold window the stored-'1' run used
2026-09-09T23:21:55+00:00,c972c05,c6d73a35f524070e85faff4a6a9eef49553ebc2b,** ngspice-46 : Circuit level simulation program,fs,-40,1,0.000000,override,1.8,0.9,0.1,20.0,20.0,8.950271e-07,1.790109e-03,1.027724,0.752955,0.491951,3.998758e-09,1.153412e-10,1.237895e+00,-0.000021,0.752935,0.074304,1.790054e-03,-1.044770e+03,0.9,,8.614337e-04,"intrinsic device-model capacitance only (--c-sn-ff 0); t_ret_tran_s BLANK: the retained level 0.752935 V leaves a decay threshold of -0.147065 V, at or below the 0.05 V floor above the bitline rail (0 V) that V(sn) only approaches asymptotically -- the 0.9 V sense margin is not attainable at this corner with a plain-VDD wordline. A WRITE-margin failure, not a retention result; t_ret_linear_extrap_s is still recorded"
2026-09-09T23:21:55+00:00,c972c05,c6d73a35f524070e85faff4a6a9eef49553ebc2b,** ngspice-46 : Circuit level simulation program,fs,-40,0,0.000000,override,1.8,0.9,0.1,20.0,20.0,8.950271e-07,1.790109e-03,-0.004218,-0.178161,-0.376889,3.230287e-09,1.623627e-12,1.237895e+00,0.000194,-0.177967,-0.022367,1.790054e-03,1.949004e+02,0.9,,,intrinsic device-model capacitance only (--c-sn-ff 0); stored '0': written by pulsing wl with bl at 0 from an initial sn = 1.8 V (a genuine overwrite). t_ret_tran_s/t_ret_linear_extrap_s are not defined for a cell written low -- there is no stored charge to decay; v_sn_hold_end_v records where the node actually sat at the end of the same hold window the stored-'1' run used
2026-09-09T23:21:55+00:00,c972c05,c6d73a35f524070e85faff4a6a9eef49553ebc2b,** ngspice-46 : Circuit level simulation program,fs,27,1,0.000000,override,1.8,0.9,0.1,20.0,20.0,8.942169e-07,1.788489e-03,1.101449,0.823839,0.555642,4.392430e-09,1.391806e-10,1.489694e+00,-0.000028,0.823811,0.080592,1.788434e-03,-1.153097e+03,0.9,,7.805067e-04,"intrinsic device-model capacitance only (--c-sn-ff 0); t_ret_tran_s BLANK: the retained level 0.823811 V leaves a decay threshold of -0.076189 V, at or below the 0.05 V floor above the bitline rail (0 V) that V(sn) only approaches asymptotically -- the 0.9 V sense margin is not attainable at this corner with a plain-VDD wordline. A WRITE-margin failure, not a retention result; t_ret_linear_extrap_s is still recorded"
2026-09-09T23:21:55+00:00,c972c05,c6d73a35f524070e85faff4a6a9eef49553ebc2b,** ngspice-46 : Circuit level simulation program,fs,27,0,0.000000,override,1.8,0.9,0.1,20.0,20.0,8.942169e-07,1.788489e-03,-0.003857,-0.187271,-0.374670,2.948546e-09,1.820486e-12,1.489694e+00,0.008440,-0.178830,-0.017026,1.788434e-03,4.137790e+02,0.9,,,intrinsic device-model capacitance only (--c-sn-ff 0); stored '0': written by pulsing wl with bl at 0 from an initial sn = 1.8 V (a genuine overwrite). t_ret_tran_s/t_ret_linear_extrap_s are not defined for a cell written low -- there is no stored charge to decay; v_sn_hold_end_v records where the node actually sat at the end of the same hold window the stored-'1' run used
2026-09-09T23:21:55+00:00,c972c05,c6d73a35f524070e85faff4a6a9eef49553ebc2b,** ngspice-46 : Circuit level simulation program,fs,125,1,0.000000,override,1.8,0.9,0.1,20.0,20.0,5.864124e-07,1.172880e-03,1.204041,0.923008,0.632354,1.686967e-07,2.786776e-10,6.574208e+01,-0.000288,0.922719,0.000002,1.172825e-03,-1.167021e+04,0.9,,7.711946e-05,"intrinsic device-model capacitance only (--c-sn-ff 0); t_ret_tran_s BLANK: the retained level 0.922719 V leaves a decay threshold of 0.022719 V, at or below the 0.05 V floor above the bitline rail (0 V) that V(sn) only approaches asymptotically -- the 0.9 V sense margin is not attainable at this corner with a plain-VDD wordline. A WRITE-margin failure, not a retention result; t_ret_linear_extrap_s is still recorded"
2026-09-09T23:21:55+00:00,c972c05,c6d73a35f524070e85faff4a6a9eef49553ebc2b,** ngspice-46 : Circuit level simulation program,fs,125,0,0.000000,override,1.8,0.9,0.1,20.0,20.0,5.864124e-07,1.172880e-03,-0.002977,-0.185375,-0.246943,2.566038e-09,4.379364e-11,6.574208e+01,0.143113,-0.042261,0.000002,1.172825e-03,1.788380e+03,0.9,,,intrinsic device-model capacitance only (--c-sn-ff 0); stored '0': written by pulsing wl with bl at 0 from an initial sn = 1.8 V (a genuine overwrite). t_ret_tran_s/t_ret_linear_extrap_s are not defined for a cell written low -- there is no stored charge to decay; v_sn_hold_end_v records where the node actually sat at the end of the same hold window the stored-'1' run used
2026-09-09T23:29:28+00:00,c972c05,c6d73a35f524070e85faff4a6a9eef49553ebc2b,** ngspice-46 : Circuit level simulation program,sf,125,1,0.605354,extracted,1.8,0.9,0.1,20.0,20.0,1.000000e-09,9.883207e-05,1.378417,1.221829,0.972381,3.980919e-05,1.819533e-09,2.250970e+04,-0.001272,1.220556,0.000000,9.877707e-05,-5.629997e+04,0.9,2.400982e-05,1.598580e-05,"EXTRACTED post-layout total for net `sn` from layout/gain_cell_2t.extract.parasitics.json (klt 0.3.0, input sha256:f55f08e3a2f85199d04d90f9007b5724b0d013604f054ce0dbf656f9f954d259): ground 0.586490 fF + lateral coupling to bl,rwl 0.018864 fF"
2026-09-09T23:29:28+00:00,c972c05,c6d73a35f524070e85faff4a6a9eef49553ebc2b,** ngspice-46 : Circuit level simulation program,sf,125,0,0.605354,extracted,1.8,0.9,0.1,20.0,20.0,1.000000e-09,9.883207e-05,0.000560,-0.101806,-0.173294,1.768535e-09,1.494700e-11,2.250970e+04,0.067194,-0.034612,0.000000,9.877707e-05,1.139679e+04,0.9,,,"EXTRACTED post-layout total for net `sn` from layout/gain_cell_2t.extract.parasitics.json (klt 0.3.0, input sha256:f55f08e3a2f85199d04d90f9007b5724b0d013604f054ce0dbf656f9f954d259): ground 0.586490 fF + lateral coupling to bl,rwl 0.018864 fF; stored '0': written by pulsing wl with bl at 0 from an initial sn = 1.8 V (a genuine overwrite). t_ret_tran_s/t_ret_linear_extrap_s are not defined for a cell written low -- there is no stored charge to decay; v_sn_hold_end_v records where the node actually sat at the end of the same hold window the stored-'1' run used"
2026-09-09T23:30:19+00:00,c972c05,c6d73a35f524070e85faff4a6a9eef49553ebc2b,** ngspice-46 : Circuit level simulation program,tt,27,1,0.605354,extracted,1.8,0.9,0.1,200.0,20.0,2.649515e-06,5.299265e-03,1.254461,1.101066,0.902181,1.283508e-05,7.255996e-11,5.003194e+03,-0.000019,1.101047,0.017670,5.299030e-03,-8.691770e+02,0.9,2.150832e-03,1.035462e-03,"EXTRACTED post-layout total for net `sn` from layout/gain_cell_2t.extract.parasitics.json (klt 0.3.0, input sha256:f55f08e3a2f85199d04d90f9007b5724b0d013604f054ce0dbf656f9f954d259): ground 0.586490 fF + lateral coupling to bl,rwl 0.018864 fF"
2026-09-09T23:30:19+00:00,c972c05,c6d73a35f524070e85faff4a6a9eef49553ebc2b,** ngspice-46 : Circuit level simulation program,tt,27,0,0.605354,extracted,1.8,0.9,0.1,200.0,20.0,2.649515e-06,5.299265e-03,0.003120,-0.127396,-0.256011,2.565377e-09,1.440740e-12,5.003194e+03,0.000850,-0.126546,-0.001126,5.299030e-03,2.394476e+02,0.9,,,"EXTRACTED post-layout total for net `sn` from layout/gain_cell_2t.extract.parasitics.json (klt 0.3.0, input sha256:f55f08e3a2f85199d04d90f9007b5724b0d013604f054ce0dbf656f9f954d259): ground 0.586490 fF + lateral coupling to bl,rwl 0.018864 fF; stored '0': written by pulsing wl with bl at 0 from an initial sn = 1.8 V (a genuine overwrite). t_ret_tran_s/t_ret_linear_extrap_s are not defined for a cell written low -- there is no stored charge to decay; v_sn_hold_end_v records where the node actually sat at the end of the same hold window the stored-'1' run used"
2026-09-09T23:30:48+00:00,c972c05,c6d73a35f524070e85faff4a6a9eef49553ebc2b,** ngspice-46 : Circuit level simulation program,tt,27,1,0.605354,extracted,1.8,0.9,0.1,2000.0,20.0,2.649515e-06,5.301065e-03,1.318650,1.165655,0.957315,1.904666e-05,7.281977e-11,7.424507e+03,-0.000021,1.165634,0.018653,5.299030e-03,-9.231411e+02,0.9,1.857678e-03,9.749323e-04,"EXTRACTED post-layout total for net `sn` from layout/gain_cell_2t.extract.parasitics.json (klt 0.3.0, input sha256:f55f08e3a2f85199d04d90f9007b5724b0d013604f054ce0dbf656f9f954d259): ground 0.586490 fF + lateral coupling to bl,rwl 0.018864 fF"
2026-09-09T23:30:48+00:00,c972c05,c6d73a35f524070e85faff4a6a9eef49553ebc2b,** ngspice-46 : Circuit level simulation program,tt,27,0,0.605354,extracted,1.8,0.9,0.1,2000.0,20.0,2.649515e-06,5.301065e-03,0.003120,-0.127396,-0.256011,2.565377e-09,1.440738e-12,7.424507e+03,0.000850,-0.126546,-0.001126,5.299030e-03,2.394480e+02,0.9,,,"EXTRACTED post-layout total for net `sn` from layout/gain_cell_2t.extract.parasitics.json (klt 0.3.0, input sha256:f55f08e3a2f85199d04d90f9007b5724b0d013604f054ce0dbf656f9f954d259): ground 0.586490 fF + lateral coupling to bl,rwl 0.018864 fF; stored '0': written by pulsing wl with bl at 0 from an initial sn = 1.8 V (a genuine overwrite). t_ret_tran_s/t_ret_linear_extrap_s are not defined for a cell written low -- there is no stored charge to decay; v_sn_hold_end_v records where the node actually sat at the end of the same hold window the stored-'1' run used"
