timestamp_utc,repo_git_sha,retention_row_timestamp_utc,retention_geometry,retention_c_sn_ff,retention_c_sn_basis,retention_leakage_row,t_retention_s,safety_margin_ASSUMPTION,refresh_interval_s_ASSUMPTION,scenario,t_row_refresh_op_ns_ASSUMPTION,n_rows_ASSUMPTION,refresh_bandwidth_overhead,overhead_pct,feasible_lt_100pct,notes
2026-10-09T01:21:27+00:00,ba2463a,2026-08-20T22:38:54+00:00,2T-min,1.106463,ASSUMED margin factor,"corner=sf,temp_c=125",1.005989e-05,2.0,5.029945e-06,fast,12.0,4,0.009543,0.95,yes,ENVELOPE not a macro claim; N_rows and t_row_refresh_op are unratified ASSUMPTIONs; consumed by the later macro row-count decision
2026-10-09T01:21:27+00:00,ba2463a,2026-08-20T22:38:54+00:00,2T-min,1.106463,ASSUMED margin factor,"corner=sf,temp_c=125",1.005989e-05,2.0,5.029945e-06,fast,12.0,8,0.019086,1.91,yes,ENVELOPE not a macro claim; N_rows and t_row_refresh_op are unratified ASSUMPTIONs; consumed by the later macro row-count decision
2026-10-09T01:21:27+00:00,ba2463a,2026-08-20T22:38:54+00:00,2T-min,1.106463,ASSUMED margin factor,"corner=sf,temp_c=125",1.005989e-05,2.0,5.029945e-06,fast,12.0,16,0.038171,3.82,yes,ENVELOPE not a macro claim; N_rows and t_row_refresh_op are unratified ASSUMPTIONs; consumed by the later macro row-count decision
2026-10-09T01:21:27+00:00,ba2463a,2026-08-20T22:38:54+00:00,2T-min,1.106463,ASSUMED margin factor,"corner=sf,temp_c=125",1.005989e-05,2.0,5.029945e-06,fast,12.0,32,0.076343,7.63,yes,ENVELOPE not a macro claim; N_rows and t_row_refresh_op are unratified ASSUMPTIONs; consumed by the later macro row-count decision
2026-10-09T01:21:27+00:00,ba2463a,2026-08-20T22:38:54+00:00,2T-min,1.106463,ASSUMED margin factor,"corner=sf,temp_c=125",1.005989e-05,2.0,5.029945e-06,fast,12.0,64,0.152686,15.27,yes,ENVELOPE not a macro claim; N_rows and t_row_refresh_op are unratified ASSUMPTIONs; consumed by the later macro row-count decision
2026-10-09T01:21:27+00:00,ba2463a,2026-08-20T22:38:54+00:00,2T-min,1.106463,ASSUMED margin factor,"corner=sf,temp_c=125",1.005989e-05,2.0,5.029945e-06,fast,12.0,128,0.305371,30.54,yes,ENVELOPE not a macro claim; N_rows and t_row_refresh_op are unratified ASSUMPTIONs; consumed by the later macro row-count decision
2026-10-09T01:21:27+00:00,ba2463a,2026-08-20T22:38:54+00:00,2T-min,1.106463,ASSUMED margin factor,"corner=sf,temp_c=125",1.005989e-05,2.0,5.029945e-06,fast,12.0,256,0.610742,61.07,yes,ENVELOPE not a macro claim; N_rows and t_row_refresh_op are unratified ASSUMPTIONs; consumed by the later macro row-count decision
2026-10-09T01:21:27+00:00,ba2463a,2026-08-20T22:38:54+00:00,2T-min,1.106463,ASSUMED margin factor,"corner=sf,temp_c=125",1.005989e-05,2.0,5.029945e-06,fast,12.0,512,1.221485,122.15,no,ENVELOPE not a macro claim; N_rows and t_row_refresh_op are unratified ASSUMPTIONs; consumed by the later macro row-count decision
2026-10-09T01:21:27+00:00,ba2463a,2026-08-20T22:38:54+00:00,2T-min,1.106463,ASSUMED margin factor,"corner=sf,temp_c=125",1.005989e-05,2.0,5.029945e-06,fast,12.0,1024,2.442969,244.30,no,ENVELOPE not a macro claim; N_rows and t_row_refresh_op are unratified ASSUMPTIONs; consumed by the later macro row-count decision
2026-10-09T01:21:27+00:00,ba2463a,2026-08-20T22:38:54+00:00,2T-min,1.106463,ASSUMED margin factor,"corner=sf,temp_c=125",1.005989e-05,2.0,5.029945e-06,anchored,34.0,4,0.027038,2.70,yes,ENVELOPE not a macro claim; N_rows and t_row_refresh_op are unratified ASSUMPTIONs; consumed by the later macro row-count decision
2026-10-09T01:21:27+00:00,ba2463a,2026-08-20T22:38:54+00:00,2T-min,1.106463,ASSUMED margin factor,"corner=sf,temp_c=125",1.005989e-05,2.0,5.029945e-06,anchored,34.0,8,0.054076,5.41,yes,ENVELOPE not a macro claim; N_rows and t_row_refresh_op are unratified ASSUMPTIONs; consumed by the later macro row-count decision
2026-10-09T01:21:27+00:00,ba2463a,2026-08-20T22:38:54+00:00,2T-min,1.106463,ASSUMED margin factor,"corner=sf,temp_c=125",1.005989e-05,2.0,5.029945e-06,anchored,34.0,16,0.108152,10.82,yes,ENVELOPE not a macro claim; N_rows and t_row_refresh_op are unratified ASSUMPTIONs; consumed by the later macro row-count decision
2026-10-09T01:21:27+00:00,ba2463a,2026-08-20T22:38:54+00:00,2T-min,1.106463,ASSUMED margin factor,"corner=sf,temp_c=125",1.005989e-05,2.0,5.029945e-06,anchored,34.0,32,0.216305,21.63,yes,ENVELOPE not a macro claim; N_rows and t_row_refresh_op are unratified ASSUMPTIONs; consumed by the later macro row-count decision
2026-10-09T01:21:27+00:00,ba2463a,2026-08-20T22:38:54+00:00,2T-min,1.106463,ASSUMED margin factor,"corner=sf,temp_c=125",1.005989e-05,2.0,5.029945e-06,anchored,34.0,64,0.432609,43.26,yes,ENVELOPE not a macro claim; N_rows and t_row_refresh_op are unratified ASSUMPTIONs; consumed by the later macro row-count decision
2026-10-09T01:21:27+00:00,ba2463a,2026-08-20T22:38:54+00:00,2T-min,1.106463,ASSUMED margin factor,"corner=sf,temp_c=125",1.005989e-05,2.0,5.029945e-06,anchored,34.0,128,0.865218,86.52,yes,ENVELOPE not a macro claim; N_rows and t_row_refresh_op are unratified ASSUMPTIONs; consumed by the later macro row-count decision
2026-10-09T01:21:27+00:00,ba2463a,2026-08-20T22:38:54+00:00,2T-min,1.106463,ASSUMED margin factor,"corner=sf,temp_c=125",1.005989e-05,2.0,5.029945e-06,anchored,34.0,256,1.730436,173.04,no,ENVELOPE not a macro claim; N_rows and t_row_refresh_op are unratified ASSUMPTIONs; consumed by the later macro row-count decision
2026-10-09T01:21:27+00:00,ba2463a,2026-08-20T22:38:54+00:00,2T-min,1.106463,ASSUMED margin factor,"corner=sf,temp_c=125",1.005989e-05,2.0,5.029945e-06,anchored,34.0,512,3.460873,346.09,no,ENVELOPE not a macro claim; N_rows and t_row_refresh_op are unratified ASSUMPTIONs; consumed by the later macro row-count decision
2026-10-09T01:21:27+00:00,ba2463a,2026-08-20T22:38:54+00:00,2T-min,1.106463,ASSUMED margin factor,"corner=sf,temp_c=125",1.005989e-05,2.0,5.029945e-06,anchored,34.0,1024,6.921746,692.17,no,ENVELOPE not a macro claim; N_rows and t_row_refresh_op are unratified ASSUMPTIONs; consumed by the later macro row-count decision
2026-10-09T01:21:27+00:00,ba2463a,2026-08-20T22:38:54+00:00,2T-min,1.106463,ASSUMED margin factor,"corner=sf,temp_c=125",1.005989e-05,2.0,5.029945e-06,full_read_pulse,44.0,4,0.034990,3.50,yes,ENVELOPE not a macro claim; N_rows and t_row_refresh_op are unratified ASSUMPTIONs; consumed by the later macro row-count decision
2026-10-09T01:21:27+00:00,ba2463a,2026-08-20T22:38:54+00:00,2T-min,1.106463,ASSUMED margin factor,"corner=sf,temp_c=125",1.005989e-05,2.0,5.029945e-06,full_read_pulse,44.0,8,0.069981,7.00,yes,ENVELOPE not a macro claim; N_rows and t_row_refresh_op are unratified ASSUMPTIONs; consumed by the later macro row-count decision
2026-10-09T01:21:27+00:00,ba2463a,2026-08-20T22:38:54+00:00,2T-min,1.106463,ASSUMED margin factor,"corner=sf,temp_c=125",1.005989e-05,2.0,5.029945e-06,full_read_pulse,44.0,16,0.139962,14.00,yes,ENVELOPE not a macro claim; N_rows and t_row_refresh_op are unratified ASSUMPTIONs; consumed by the later macro row-count decision
2026-10-09T01:21:27+00:00,ba2463a,2026-08-20T22:38:54+00:00,2T-min,1.106463,ASSUMED margin factor,"corner=sf,temp_c=125",1.005989e-05,2.0,5.029945e-06,full_read_pulse,44.0,32,0.279924,27.99,yes,ENVELOPE not a macro claim; N_rows and t_row_refresh_op are unratified ASSUMPTIONs; consumed by the later macro row-count decision
2026-10-09T01:21:27+00:00,ba2463a,2026-08-20T22:38:54+00:00,2T-min,1.106463,ASSUMED margin factor,"corner=sf,temp_c=125",1.005989e-05,2.0,5.029945e-06,full_read_pulse,44.0,64,0.559847,55.98,yes,ENVELOPE not a macro claim; N_rows and t_row_refresh_op are unratified ASSUMPTIONs; consumed by the later macro row-count decision
2026-10-09T01:21:27+00:00,ba2463a,2026-08-20T22:38:54+00:00,2T-min,1.106463,ASSUMED margin factor,"corner=sf,temp_c=125",1.005989e-05,2.0,5.029945e-06,full_read_pulse,44.0,128,1.119694,111.97,no,ENVELOPE not a macro claim; N_rows and t_row_refresh_op are unratified ASSUMPTIONs; consumed by the later macro row-count decision
2026-10-09T01:21:27+00:00,ba2463a,2026-08-20T22:38:54+00:00,2T-min,1.106463,ASSUMED margin factor,"corner=sf,temp_c=125",1.005989e-05,2.0,5.029945e-06,full_read_pulse,44.0,256,2.239388,223.94,no,ENVELOPE not a macro claim; N_rows and t_row_refresh_op are unratified ASSUMPTIONs; consumed by the later macro row-count decision
2026-10-09T01:21:27+00:00,ba2463a,2026-08-20T22:38:54+00:00,2T-min,1.106463,ASSUMED margin factor,"corner=sf,temp_c=125",1.005989e-05,2.0,5.029945e-06,full_read_pulse,44.0,512,4.478777,447.88,no,ENVELOPE not a macro claim; N_rows and t_row_refresh_op are unratified ASSUMPTIONs; consumed by the later macro row-count decision
2026-10-09T01:21:27+00:00,ba2463a,2026-08-20T22:38:54+00:00,2T-min,1.106463,ASSUMED margin factor,"corner=sf,temp_c=125",1.005989e-05,2.0,5.029945e-06,full_read_pulse,44.0,1024,8.957553,895.76,no,ENVELOPE not a macro claim; N_rows and t_row_refresh_op are unratified ASSUMPTIONs; consumed by the later macro row-count decision
2026-10-09T01:21:27+00:00,ba2463a,2026-08-20T22:38:54+00:00,2T-min,1.106463,ASSUMED margin factor,"corner=sf,temp_c=125",1.005989e-05,2.0,5.029945e-06,slow,85.0,4,0.067595,6.76,yes,ENVELOPE not a macro claim; N_rows and t_row_refresh_op are unratified ASSUMPTIONs; consumed by the later macro row-count decision
2026-10-09T01:21:27+00:00,ba2463a,2026-08-20T22:38:54+00:00,2T-min,1.106463,ASSUMED margin factor,"corner=sf,temp_c=125",1.005989e-05,2.0,5.029945e-06,slow,85.0,8,0.135190,13.52,yes,ENVELOPE not a macro claim; N_rows and t_row_refresh_op are unratified ASSUMPTIONs; consumed by the later macro row-count decision
2026-10-09T01:21:27+00:00,ba2463a,2026-08-20T22:38:54+00:00,2T-min,1.106463,ASSUMED margin factor,"corner=sf,temp_c=125",1.005989e-05,2.0,5.029945e-06,slow,85.0,16,0.270381,27.04,yes,ENVELOPE not a macro claim; N_rows and t_row_refresh_op are unratified ASSUMPTIONs; consumed by the later macro row-count decision
2026-10-09T01:21:27+00:00,ba2463a,2026-08-20T22:38:54+00:00,2T-min,1.106463,ASSUMED margin factor,"corner=sf,temp_c=125",1.005989e-05,2.0,5.029945e-06,slow,85.0,32,0.540761,54.08,yes,ENVELOPE not a macro claim; N_rows and t_row_refresh_op are unratified ASSUMPTIONs; consumed by the later macro row-count decision
2026-10-09T01:21:27+00:00,ba2463a,2026-08-20T22:38:54+00:00,2T-min,1.106463,ASSUMED margin factor,"corner=sf,temp_c=125",1.005989e-05,2.0,5.029945e-06,slow,85.0,64,1.081523,108.15,no,ENVELOPE not a macro claim; N_rows and t_row_refresh_op are unratified ASSUMPTIONs; consumed by the later macro row-count decision
2026-10-09T01:21:27+00:00,ba2463a,2026-08-20T22:38:54+00:00,2T-min,1.106463,ASSUMED margin factor,"corner=sf,temp_c=125",1.005989e-05,2.0,5.029945e-06,slow,85.0,128,2.163046,216.30,no,ENVELOPE not a macro claim; N_rows and t_row_refresh_op are unratified ASSUMPTIONs; consumed by the later macro row-count decision
2026-10-09T01:21:27+00:00,ba2463a,2026-08-20T22:38:54+00:00,2T-min,1.106463,ASSUMED margin factor,"corner=sf,temp_c=125",1.005989e-05,2.0,5.029945e-06,slow,85.0,256,4.326091,432.61,no,ENVELOPE not a macro claim; N_rows and t_row_refresh_op are unratified ASSUMPTIONs; consumed by the later macro row-count decision
2026-10-09T01:21:27+00:00,ba2463a,2026-08-20T22:38:54+00:00,2T-min,1.106463,ASSUMED margin factor,"corner=sf,temp_c=125",1.005989e-05,2.0,5.029945e-06,slow,85.0,512,8.652182,865.22,no,ENVELOPE not a macro claim; N_rows and t_row_refresh_op are unratified ASSUMPTIONs; consumed by the later macro row-count decision
2026-10-09T01:21:27+00:00,ba2463a,2026-08-20T22:38:54+00:00,2T-min,1.106463,ASSUMED margin factor,"corner=sf,temp_c=125",1.005989e-05,2.0,5.029945e-06,slow,85.0,1024,17.304364,1730.44,no,ENVELOPE not a macro claim; N_rows and t_row_refresh_op are unratified ASSUMPTIONs; consumed by the later macro row-count decision
2026-10-09T01:21:27+00:00,ba2463a,2026-08-25T02:22:39+00:00,2T-min,0.605354,EXTRACTED (layout),"corner=sf,temp_c=125",5.503841e-06,2.0,2.751921e-06,fast,12.0,4,0.017442,1.74,yes,ENVELOPE not a macro claim; N_rows and t_row_refresh_op are unratified ASSUMPTIONs; consumed by the later macro row-count decision
2026-10-09T01:21:27+00:00,ba2463a,2026-08-25T02:22:39+00:00,2T-min,0.605354,EXTRACTED (layout),"corner=sf,temp_c=125",5.503841e-06,2.0,2.751921e-06,fast,12.0,8,0.034885,3.49,yes,ENVELOPE not a macro claim; N_rows and t_row_refresh_op are unratified ASSUMPTIONs; consumed by the later macro row-count decision
2026-10-09T01:21:27+00:00,ba2463a,2026-08-25T02:22:39+00:00,2T-min,0.605354,EXTRACTED (layout),"corner=sf,temp_c=125",5.503841e-06,2.0,2.751921e-06,fast,12.0,16,0.069769,6.98,yes,ENVELOPE not a macro claim; N_rows and t_row_refresh_op are unratified ASSUMPTIONs; consumed by the later macro row-count decision
2026-10-09T01:21:27+00:00,ba2463a,2026-08-25T02:22:39+00:00,2T-min,0.605354,EXTRACTED (layout),"corner=sf,temp_c=125",5.503841e-06,2.0,2.751921e-06,fast,12.0,32,0.139539,13.95,yes,ENVELOPE not a macro claim; N_rows and t_row_refresh_op are unratified ASSUMPTIONs; consumed by the later macro row-count decision
2026-10-09T01:21:27+00:00,ba2463a,2026-08-25T02:22:39+00:00,2T-min,0.605354,EXTRACTED (layout),"corner=sf,temp_c=125",5.503841e-06,2.0,2.751921e-06,fast,12.0,64,0.279078,27.91,yes,ENVELOPE not a macro claim; N_rows and t_row_refresh_op are unratified ASSUMPTIONs; consumed by the later macro row-count decision
2026-10-09T01:21:27+00:00,ba2463a,2026-08-25T02:22:39+00:00,2T-min,0.605354,EXTRACTED (layout),"corner=sf,temp_c=125",5.503841e-06,2.0,2.751921e-06,fast,12.0,128,0.558156,55.82,yes,ENVELOPE not a macro claim; N_rows and t_row_refresh_op are unratified ASSUMPTIONs; consumed by the later macro row-count decision
2026-10-09T01:21:27+00:00,ba2463a,2026-08-25T02:22:39+00:00,2T-min,0.605354,EXTRACTED (layout),"corner=sf,temp_c=125",5.503841e-06,2.0,2.751921e-06,fast,12.0,256,1.116311,111.63,no,ENVELOPE not a macro claim; N_rows and t_row_refresh_op are unratified ASSUMPTIONs; consumed by the later macro row-count decision
2026-10-09T01:21:27+00:00,ba2463a,2026-08-25T02:22:39+00:00,2T-min,0.605354,EXTRACTED (layout),"corner=sf,temp_c=125",5.503841e-06,2.0,2.751921e-06,fast,12.0,512,2.232623,223.26,no,ENVELOPE not a macro claim; N_rows and t_row_refresh_op are unratified ASSUMPTIONs; consumed by the later macro row-count decision
2026-10-09T01:21:27+00:00,ba2463a,2026-08-25T02:22:39+00:00,2T-min,0.605354,EXTRACTED (layout),"corner=sf,temp_c=125",5.503841e-06,2.0,2.751921e-06,fast,12.0,1024,4.465245,446.52,no,ENVELOPE not a macro claim; N_rows and t_row_refresh_op are unratified ASSUMPTIONs; consumed by the later macro row-count decision
2026-10-09T01:21:27+00:00,ba2463a,2026-08-25T02:22:39+00:00,2T-min,0.605354,EXTRACTED (layout),"corner=sf,temp_c=125",5.503841e-06,2.0,2.751921e-06,anchored,34.0,4,0.049420,4.94,yes,ENVELOPE not a macro claim; N_rows and t_row_refresh_op are unratified ASSUMPTIONs; consumed by the later macro row-count decision
2026-10-09T01:21:27+00:00,ba2463a,2026-08-25T02:22:39+00:00,2T-min,0.605354,EXTRACTED (layout),"corner=sf,temp_c=125",5.503841e-06,2.0,2.751921e-06,anchored,34.0,8,0.098840,9.88,yes,ENVELOPE not a macro claim; N_rows and t_row_refresh_op are unratified ASSUMPTIONs; consumed by the later macro row-count decision
2026-10-09T01:21:27+00:00,ba2463a,2026-08-25T02:22:39+00:00,2T-min,0.605354,EXTRACTED (layout),"corner=sf,temp_c=125",5.503841e-06,2.0,2.751921e-06,anchored,34.0,16,0.197680,19.77,yes,ENVELOPE not a macro claim; N_rows and t_row_refresh_op are unratified ASSUMPTIONs; consumed by the later macro row-count decision
2026-10-09T01:21:27+00:00,ba2463a,2026-08-25T02:22:39+00:00,2T-min,0.605354,EXTRACTED (layout),"corner=sf,temp_c=125",5.503841e-06,2.0,2.751921e-06,anchored,34.0,32,0.395360,39.54,yes,ENVELOPE not a macro claim; N_rows and t_row_refresh_op are unratified ASSUMPTIONs; consumed by the later macro row-count decision
2026-10-09T01:21:27+00:00,ba2463a,2026-08-25T02:22:39+00:00,2T-min,0.605354,EXTRACTED (layout),"corner=sf,temp_c=125",5.503841e-06,2.0,2.751921e-06,anchored,34.0,64,0.790721,79.07,yes,ENVELOPE not a macro claim; N_rows and t_row_refresh_op are unratified ASSUMPTIONs; consumed by the later macro row-count decision
2026-10-09T01:21:27+00:00,ba2463a,2026-08-25T02:22:39+00:00,2T-min,0.605354,EXTRACTED (layout),"corner=sf,temp_c=125",5.503841e-06,2.0,2.751921e-06,anchored,34.0,128,1.581441,158.14,no,ENVELOPE not a macro claim; N_rows and t_row_refresh_op are unratified ASSUMPTIONs; consumed by the later macro row-count decision
2026-10-09T01:21:27+00:00,ba2463a,2026-08-25T02:22:39+00:00,2T-min,0.605354,EXTRACTED (layout),"corner=sf,temp_c=125",5.503841e-06,2.0,2.751921e-06,anchored,34.0,256,3.162882,316.29,no,ENVELOPE not a macro claim; N_rows and t_row_refresh_op are unratified ASSUMPTIONs; consumed by the later macro row-count decision
2026-10-09T01:21:27+00:00,ba2463a,2026-08-25T02:22:39+00:00,2T-min,0.605354,EXTRACTED (layout),"corner=sf,temp_c=125",5.503841e-06,2.0,2.751921e-06,anchored,34.0,512,6.325764,632.58,no,ENVELOPE not a macro claim; N_rows and t_row_refresh_op are unratified ASSUMPTIONs; consumed by the later macro row-count decision
2026-10-09T01:21:27+00:00,ba2463a,2026-08-25T02:22:39+00:00,2T-min,0.605354,EXTRACTED (layout),"corner=sf,temp_c=125",5.503841e-06,2.0,2.751921e-06,anchored,34.0,1024,12.651528,1265.15,no,ENVELOPE not a macro claim; N_rows and t_row_refresh_op are unratified ASSUMPTIONs; consumed by the later macro row-count decision
2026-10-09T01:21:27+00:00,ba2463a,2026-08-25T02:22:39+00:00,2T-min,0.605354,EXTRACTED (layout),"corner=sf,temp_c=125",5.503841e-06,2.0,2.751921e-06,full_read_pulse,44.0,4,0.063955,6.40,yes,ENVELOPE not a macro claim; N_rows and t_row_refresh_op are unratified ASSUMPTIONs; consumed by the later macro row-count decision
2026-10-09T01:21:27+00:00,ba2463a,2026-08-25T02:22:39+00:00,2T-min,0.605354,EXTRACTED (layout),"corner=sf,temp_c=125",5.503841e-06,2.0,2.751921e-06,full_read_pulse,44.0,8,0.127911,12.79,yes,ENVELOPE not a macro claim; N_rows and t_row_refresh_op are unratified ASSUMPTIONs; consumed by the later macro row-count decision
2026-10-09T01:21:27+00:00,ba2463a,2026-08-25T02:22:39+00:00,2T-min,0.605354,EXTRACTED (layout),"corner=sf,temp_c=125",5.503841e-06,2.0,2.751921e-06,full_read_pulse,44.0,16,0.255821,25.58,yes,ENVELOPE not a macro claim; N_rows and t_row_refresh_op are unratified ASSUMPTIONs; consumed by the later macro row-count decision
2026-10-09T01:21:27+00:00,ba2463a,2026-08-25T02:22:39+00:00,2T-min,0.605354,EXTRACTED (layout),"corner=sf,temp_c=125",5.503841e-06,2.0,2.751921e-06,full_read_pulse,44.0,32,0.511643,51.16,yes,ENVELOPE not a macro claim; N_rows and t_row_refresh_op are unratified ASSUMPTIONs; consumed by the later macro row-count decision
2026-10-09T01:21:27+00:00,ba2463a,2026-08-25T02:22:39+00:00,2T-min,0.605354,EXTRACTED (layout),"corner=sf,temp_c=125",5.503841e-06,2.0,2.751921e-06,full_read_pulse,44.0,64,1.023285,102.33,no,ENVELOPE not a macro claim; N_rows and t_row_refresh_op are unratified ASSUMPTIONs; consumed by the later macro row-count decision
2026-10-09T01:21:27+00:00,ba2463a,2026-08-25T02:22:39+00:00,2T-min,0.605354,EXTRACTED (layout),"corner=sf,temp_c=125",5.503841e-06,2.0,2.751921e-06,full_read_pulse,44.0,128,2.046571,204.66,no,ENVELOPE not a macro claim; N_rows and t_row_refresh_op are unratified ASSUMPTIONs; consumed by the later macro row-count decision
2026-10-09T01:21:27+00:00,ba2463a,2026-08-25T02:22:39+00:00,2T-min,0.605354,EXTRACTED (layout),"corner=sf,temp_c=125",5.503841e-06,2.0,2.751921e-06,full_read_pulse,44.0,256,4.093141,409.31,no,ENVELOPE not a macro claim; N_rows and t_row_refresh_op are unratified ASSUMPTIONs; consumed by the later macro row-count decision
2026-10-09T01:21:27+00:00,ba2463a,2026-08-25T02:22:39+00:00,2T-min,0.605354,EXTRACTED (layout),"corner=sf,temp_c=125",5.503841e-06,2.0,2.751921e-06,full_read_pulse,44.0,512,8.186283,818.63,no,ENVELOPE not a macro claim; N_rows and t_row_refresh_op are unratified ASSUMPTIONs; consumed by the later macro row-count decision
2026-10-09T01:21:27+00:00,ba2463a,2026-08-25T02:22:39+00:00,2T-min,0.605354,EXTRACTED (layout),"corner=sf,temp_c=125",5.503841e-06,2.0,2.751921e-06,full_read_pulse,44.0,1024,16.372566,1637.26,no,ENVELOPE not a macro claim; N_rows and t_row_refresh_op are unratified ASSUMPTIONs; consumed by the later macro row-count decision
2026-10-09T01:21:27+00:00,ba2463a,2026-08-25T02:22:39+00:00,2T-min,0.605354,EXTRACTED (layout),"corner=sf,temp_c=125",5.503841e-06,2.0,2.751921e-06,slow,85.0,4,0.123550,12.36,yes,ENVELOPE not a macro claim; N_rows and t_row_refresh_op are unratified ASSUMPTIONs; consumed by the later macro row-count decision
2026-10-09T01:21:27+00:00,ba2463a,2026-08-25T02:22:39+00:00,2T-min,0.605354,EXTRACTED (layout),"corner=sf,temp_c=125",5.503841e-06,2.0,2.751921e-06,slow,85.0,8,0.247100,24.71,yes,ENVELOPE not a macro claim; N_rows and t_row_refresh_op are unratified ASSUMPTIONs; consumed by the later macro row-count decision
2026-10-09T01:21:27+00:00,ba2463a,2026-08-25T02:22:39+00:00,2T-min,0.605354,EXTRACTED (layout),"corner=sf,temp_c=125",5.503841e-06,2.0,2.751921e-06,slow,85.0,16,0.494200,49.42,yes,ENVELOPE not a macro claim; N_rows and t_row_refresh_op are unratified ASSUMPTIONs; consumed by the later macro row-count decision
2026-10-09T01:21:27+00:00,ba2463a,2026-08-25T02:22:39+00:00,2T-min,0.605354,EXTRACTED (layout),"corner=sf,temp_c=125",5.503841e-06,2.0,2.751921e-06,slow,85.0,32,0.988401,98.84,yes,ENVELOPE not a macro claim; N_rows and t_row_refresh_op are unratified ASSUMPTIONs; consumed by the later macro row-count decision
2026-10-09T01:21:27+00:00,ba2463a,2026-08-25T02:22:39+00:00,2T-min,0.605354,EXTRACTED (layout),"corner=sf,temp_c=125",5.503841e-06,2.0,2.751921e-06,slow,85.0,64,1.976801,197.68,no,ENVELOPE not a macro claim; N_rows and t_row_refresh_op are unratified ASSUMPTIONs; consumed by the later macro row-count decision
2026-10-09T01:21:27+00:00,ba2463a,2026-08-25T02:22:39+00:00,2T-min,0.605354,EXTRACTED (layout),"corner=sf,temp_c=125",5.503841e-06,2.0,2.751921e-06,slow,85.0,128,3.953603,395.36,no,ENVELOPE not a macro claim; N_rows and t_row_refresh_op are unratified ASSUMPTIONs; consumed by the later macro row-count decision
2026-10-09T01:21:27+00:00,ba2463a,2026-08-25T02:22:39+00:00,2T-min,0.605354,EXTRACTED (layout),"corner=sf,temp_c=125",5.503841e-06,2.0,2.751921e-06,slow,85.0,256,7.907205,790.72,no,ENVELOPE not a macro claim; N_rows and t_row_refresh_op are unratified ASSUMPTIONs; consumed by the later macro row-count decision
2026-10-09T01:21:27+00:00,ba2463a,2026-08-25T02:22:39+00:00,2T-min,0.605354,EXTRACTED (layout),"corner=sf,temp_c=125",5.503841e-06,2.0,2.751921e-06,slow,85.0,512,15.814410,1581.44,no,ENVELOPE not a macro claim; N_rows and t_row_refresh_op are unratified ASSUMPTIONs; consumed by the later macro row-count decision
2026-10-09T01:21:27+00:00,ba2463a,2026-08-25T02:22:39+00:00,2T-min,0.605354,EXTRACTED (layout),"corner=sf,temp_c=125",5.503841e-06,2.0,2.751921e-06,slow,85.0,1024,31.628821,3162.88,no,ENVELOPE not a macro claim; N_rows and t_row_refresh_op are unratified ASSUMPTIONs; consumed by the later macro row-count decision
