timestamp_utc,repo_git_sha,refresh_op_run_id,refresh_op_batch_job_id,sense_basis,restore_fraction_ASSUMPTION,slowest_corner,t_row_refresh_op_ns_MEASURED,retention_row_timestamp_utc,retention_geometry,retention_c_sn_ff,retention_c_sn_basis,t_retention_s,safety_margin_ASSUMPTION,refresh_interval_s_ASSUMPTION,n_rows_ASSUMPTION,refresh_bandwidth_overhead,overhead_pct,threshold_3c_pct_ASSUMPTION,meets_3c,n_rows_at_3c_threshold,max_pow2_n_rows_le_3c,notes
2026-10-10T01:00:43+00:00,d24cb1a,20261010T005003Z,klt-sim-b8eb5b20d95e,min_searched_sense,0.9,fs/27C,11.0000,2026-08-20T22:38:54+00:00,2T-min,1.106463,ASSUMED margin factor,1.005989e-05,2.0,5.029945e-06,4,0.008748,0.87,50,yes,228.63,128,"t_row_refresh_op MEASURED in sim/refresh-op (fixed precharge/gap/latch/guard phases are ASSUMPTIONs; ideal drivers; C_RBL/C_WBL ASSUMPTION; global corners only); N_rows unratified; 50 % limit is an ASSUMPTION; ENVELOPE, not a macro claim"
2026-10-10T01:00:43+00:00,d24cb1a,20261010T005003Z,klt-sim-b8eb5b20d95e,min_searched_sense,0.9,fs/27C,11.0000,2026-08-20T22:38:54+00:00,2T-min,1.106463,ASSUMED margin factor,1.005989e-05,2.0,5.029945e-06,8,0.017495,1.75,50,yes,228.63,128,"t_row_refresh_op MEASURED in sim/refresh-op (fixed precharge/gap/latch/guard phases are ASSUMPTIONs; ideal drivers; C_RBL/C_WBL ASSUMPTION; global corners only); N_rows unratified; 50 % limit is an ASSUMPTION; ENVELOPE, not a macro claim"
2026-10-10T01:00:43+00:00,d24cb1a,20261010T005003Z,klt-sim-b8eb5b20d95e,min_searched_sense,0.9,fs/27C,11.0000,2026-08-20T22:38:54+00:00,2T-min,1.106463,ASSUMED margin factor,1.005989e-05,2.0,5.029945e-06,16,0.034990,3.50,50,yes,228.63,128,"t_row_refresh_op MEASURED in sim/refresh-op (fixed precharge/gap/latch/guard phases are ASSUMPTIONs; ideal drivers; C_RBL/C_WBL ASSUMPTION; global corners only); N_rows unratified; 50 % limit is an ASSUMPTION; ENVELOPE, not a macro claim"
2026-10-10T01:00:43+00:00,d24cb1a,20261010T005003Z,klt-sim-b8eb5b20d95e,min_searched_sense,0.9,fs/27C,11.0000,2026-08-20T22:38:54+00:00,2T-min,1.106463,ASSUMED margin factor,1.005989e-05,2.0,5.029945e-06,32,0.069981,7.00,50,yes,228.63,128,"t_row_refresh_op MEASURED in sim/refresh-op (fixed precharge/gap/latch/guard phases are ASSUMPTIONs; ideal drivers; C_RBL/C_WBL ASSUMPTION; global corners only); N_rows unratified; 50 % limit is an ASSUMPTION; ENVELOPE, not a macro claim"
2026-10-10T01:00:43+00:00,d24cb1a,20261010T005003Z,klt-sim-b8eb5b20d95e,min_searched_sense,0.9,fs/27C,11.0000,2026-08-20T22:38:54+00:00,2T-min,1.106463,ASSUMED margin factor,1.005989e-05,2.0,5.029945e-06,64,0.139962,14.00,50,yes,228.63,128,"t_row_refresh_op MEASURED in sim/refresh-op (fixed precharge/gap/latch/guard phases are ASSUMPTIONs; ideal drivers; C_RBL/C_WBL ASSUMPTION; global corners only); N_rows unratified; 50 % limit is an ASSUMPTION; ENVELOPE, not a macro claim"
2026-10-10T01:00:43+00:00,d24cb1a,20261010T005003Z,klt-sim-b8eb5b20d95e,min_searched_sense,0.9,fs/27C,11.0000,2026-08-20T22:38:54+00:00,2T-min,1.106463,ASSUMED margin factor,1.005989e-05,2.0,5.029945e-06,128,0.279924,27.99,50,yes,228.63,128,"t_row_refresh_op MEASURED in sim/refresh-op (fixed precharge/gap/latch/guard phases are ASSUMPTIONs; ideal drivers; C_RBL/C_WBL ASSUMPTION; global corners only); N_rows unratified; 50 % limit is an ASSUMPTION; ENVELOPE, not a macro claim"
2026-10-10T01:00:43+00:00,d24cb1a,20261010T005003Z,klt-sim-b8eb5b20d95e,min_searched_sense,0.9,fs/27C,11.0000,2026-08-20T22:38:54+00:00,2T-min,1.106463,ASSUMED margin factor,1.005989e-05,2.0,5.029945e-06,256,0.559847,55.98,50,no,228.63,128,"t_row_refresh_op MEASURED in sim/refresh-op (fixed precharge/gap/latch/guard phases are ASSUMPTIONs; ideal drivers; C_RBL/C_WBL ASSUMPTION; global corners only); N_rows unratified; 50 % limit is an ASSUMPTION; ENVELOPE, not a macro claim"
2026-10-10T01:00:43+00:00,d24cb1a,20261010T005003Z,klt-sim-b8eb5b20d95e,min_searched_sense,0.9,fs/27C,11.0000,2026-08-20T22:38:54+00:00,2T-min,1.106463,ASSUMED margin factor,1.005989e-05,2.0,5.029945e-06,512,1.119694,111.97,50,no,228.63,128,"t_row_refresh_op MEASURED in sim/refresh-op (fixed precharge/gap/latch/guard phases are ASSUMPTIONs; ideal drivers; C_RBL/C_WBL ASSUMPTION; global corners only); N_rows unratified; 50 % limit is an ASSUMPTION; ENVELOPE, not a macro claim"
2026-10-10T01:00:43+00:00,d24cb1a,20261010T005003Z,klt-sim-b8eb5b20d95e,min_searched_sense,0.9,fs/27C,11.0000,2026-08-20T22:38:54+00:00,2T-min,1.106463,ASSUMED margin factor,1.005989e-05,2.0,5.029945e-06,1024,2.239388,223.94,50,no,228.63,128,"t_row_refresh_op MEASURED in sim/refresh-op (fixed precharge/gap/latch/guard phases are ASSUMPTIONs; ideal drivers; C_RBL/C_WBL ASSUMPTION; global corners only); N_rows unratified; 50 % limit is an ASSUMPTION; ENVELOPE, not a macro claim"
2026-10-10T01:00:43+00:00,d24cb1a,20261010T005003Z,klt-sim-b8eb5b20d95e,min_searched_sense,0.9,fs/27C,11.0000,2026-08-25T02:22:39+00:00,2T-min,0.605354,EXTRACTED (layout),5.503841e-06,2.0,2.751921e-06,4,0.015989,1.60,50,yes,125.09,64,"t_row_refresh_op MEASURED in sim/refresh-op (fixed precharge/gap/latch/guard phases are ASSUMPTIONs; ideal drivers; C_RBL/C_WBL ASSUMPTION; global corners only); N_rows unratified; 50 % limit is an ASSUMPTION; ENVELOPE, not a macro claim"
2026-10-10T01:00:43+00:00,d24cb1a,20261010T005003Z,klt-sim-b8eb5b20d95e,min_searched_sense,0.9,fs/27C,11.0000,2026-08-25T02:22:39+00:00,2T-min,0.605354,EXTRACTED (layout),5.503841e-06,2.0,2.751921e-06,8,0.031978,3.20,50,yes,125.09,64,"t_row_refresh_op MEASURED in sim/refresh-op (fixed precharge/gap/latch/guard phases are ASSUMPTIONs; ideal drivers; C_RBL/C_WBL ASSUMPTION; global corners only); N_rows unratified; 50 % limit is an ASSUMPTION; ENVELOPE, not a macro claim"
2026-10-10T01:00:43+00:00,d24cb1a,20261010T005003Z,klt-sim-b8eb5b20d95e,min_searched_sense,0.9,fs/27C,11.0000,2026-08-25T02:22:39+00:00,2T-min,0.605354,EXTRACTED (layout),5.503841e-06,2.0,2.751921e-06,16,0.063955,6.40,50,yes,125.09,64,"t_row_refresh_op MEASURED in sim/refresh-op (fixed precharge/gap/latch/guard phases are ASSUMPTIONs; ideal drivers; C_RBL/C_WBL ASSUMPTION; global corners only); N_rows unratified; 50 % limit is an ASSUMPTION; ENVELOPE, not a macro claim"
2026-10-10T01:00:43+00:00,d24cb1a,20261010T005003Z,klt-sim-b8eb5b20d95e,min_searched_sense,0.9,fs/27C,11.0000,2026-08-25T02:22:39+00:00,2T-min,0.605354,EXTRACTED (layout),5.503841e-06,2.0,2.751921e-06,32,0.127911,12.79,50,yes,125.09,64,"t_row_refresh_op MEASURED in sim/refresh-op (fixed precharge/gap/latch/guard phases are ASSUMPTIONs; ideal drivers; C_RBL/C_WBL ASSUMPTION; global corners only); N_rows unratified; 50 % limit is an ASSUMPTION; ENVELOPE, not a macro claim"
2026-10-10T01:00:43+00:00,d24cb1a,20261010T005003Z,klt-sim-b8eb5b20d95e,min_searched_sense,0.9,fs/27C,11.0000,2026-08-25T02:22:39+00:00,2T-min,0.605354,EXTRACTED (layout),5.503841e-06,2.0,2.751921e-06,64,0.255821,25.58,50,yes,125.09,64,"t_row_refresh_op MEASURED in sim/refresh-op (fixed precharge/gap/latch/guard phases are ASSUMPTIONs; ideal drivers; C_RBL/C_WBL ASSUMPTION; global corners only); N_rows unratified; 50 % limit is an ASSUMPTION; ENVELOPE, not a macro claim"
2026-10-10T01:00:43+00:00,d24cb1a,20261010T005003Z,klt-sim-b8eb5b20d95e,min_searched_sense,0.9,fs/27C,11.0000,2026-08-25T02:22:39+00:00,2T-min,0.605354,EXTRACTED (layout),5.503841e-06,2.0,2.751921e-06,128,0.511643,51.16,50,no,125.09,64,"t_row_refresh_op MEASURED in sim/refresh-op (fixed precharge/gap/latch/guard phases are ASSUMPTIONs; ideal drivers; C_RBL/C_WBL ASSUMPTION; global corners only); N_rows unratified; 50 % limit is an ASSUMPTION; ENVELOPE, not a macro claim"
2026-10-10T01:00:43+00:00,d24cb1a,20261010T005003Z,klt-sim-b8eb5b20d95e,min_searched_sense,0.9,fs/27C,11.0000,2026-08-25T02:22:39+00:00,2T-min,0.605354,EXTRACTED (layout),5.503841e-06,2.0,2.751921e-06,256,1.023285,102.33,50,no,125.09,64,"t_row_refresh_op MEASURED in sim/refresh-op (fixed precharge/gap/latch/guard phases are ASSUMPTIONs; ideal drivers; C_RBL/C_WBL ASSUMPTION; global corners only); N_rows unratified; 50 % limit is an ASSUMPTION; ENVELOPE, not a macro claim"
2026-10-10T01:00:43+00:00,d24cb1a,20261010T005003Z,klt-sim-b8eb5b20d95e,min_searched_sense,0.9,fs/27C,11.0000,2026-08-25T02:22:39+00:00,2T-min,0.605354,EXTRACTED (layout),5.503841e-06,2.0,2.751921e-06,512,2.046571,204.66,50,no,125.09,64,"t_row_refresh_op MEASURED in sim/refresh-op (fixed precharge/gap/latch/guard phases are ASSUMPTIONs; ideal drivers; C_RBL/C_WBL ASSUMPTION; global corners only); N_rows unratified; 50 % limit is an ASSUMPTION; ENVELOPE, not a macro claim"
2026-10-10T01:00:43+00:00,d24cb1a,20261010T005003Z,klt-sim-b8eb5b20d95e,min_searched_sense,0.9,fs/27C,11.0000,2026-08-25T02:22:39+00:00,2T-min,0.605354,EXTRACTED (layout),5.503841e-06,2.0,2.751921e-06,1024,4.093141,409.31,50,no,125.09,64,"t_row_refresh_op MEASURED in sim/refresh-op (fixed precharge/gap/latch/guard phases are ASSUMPTIONs; ideal drivers; C_RBL/C_WBL ASSUMPTION; global corners only); N_rows unratified; 50 % limit is an ASSUMPTION; ENVELOPE, not a macro claim"
2026-10-10T01:00:43+00:00,d24cb1a,20261010T005003Z,klt-sim-b8eb5b20d95e,min_searched_sense,0.95,fs/27C,14.0000,2026-08-20T22:38:54+00:00,2T-min,1.106463,ASSUMED margin factor,1.005989e-05,2.0,5.029945e-06,4,0.011133,1.11,50,yes,179.64,128,"t_row_refresh_op MEASURED in sim/refresh-op (fixed precharge/gap/latch/guard phases are ASSUMPTIONs; ideal drivers; C_RBL/C_WBL ASSUMPTION; global corners only); N_rows unratified; 50 % limit is an ASSUMPTION; ENVELOPE, not a macro claim"
2026-10-10T01:00:43+00:00,d24cb1a,20261010T005003Z,klt-sim-b8eb5b20d95e,min_searched_sense,0.95,fs/27C,14.0000,2026-08-20T22:38:54+00:00,2T-min,1.106463,ASSUMED margin factor,1.005989e-05,2.0,5.029945e-06,8,0.022267,2.23,50,yes,179.64,128,"t_row_refresh_op MEASURED in sim/refresh-op (fixed precharge/gap/latch/guard phases are ASSUMPTIONs; ideal drivers; C_RBL/C_WBL ASSUMPTION; global corners only); N_rows unratified; 50 % limit is an ASSUMPTION; ENVELOPE, not a macro claim"
2026-10-10T01:00:43+00:00,d24cb1a,20261010T005003Z,klt-sim-b8eb5b20d95e,min_searched_sense,0.95,fs/27C,14.0000,2026-08-20T22:38:54+00:00,2T-min,1.106463,ASSUMED margin factor,1.005989e-05,2.0,5.029945e-06,16,0.044533,4.45,50,yes,179.64,128,"t_row_refresh_op MEASURED in sim/refresh-op (fixed precharge/gap/latch/guard phases are ASSUMPTIONs; ideal drivers; C_RBL/C_WBL ASSUMPTION; global corners only); N_rows unratified; 50 % limit is an ASSUMPTION; ENVELOPE, not a macro claim"
2026-10-10T01:00:43+00:00,d24cb1a,20261010T005003Z,klt-sim-b8eb5b20d95e,min_searched_sense,0.95,fs/27C,14.0000,2026-08-20T22:38:54+00:00,2T-min,1.106463,ASSUMED margin factor,1.005989e-05,2.0,5.029945e-06,32,0.089067,8.91,50,yes,179.64,128,"t_row_refresh_op MEASURED in sim/refresh-op (fixed precharge/gap/latch/guard phases are ASSUMPTIONs; ideal drivers; C_RBL/C_WBL ASSUMPTION; global corners only); N_rows unratified; 50 % limit is an ASSUMPTION; ENVELOPE, not a macro claim"
2026-10-10T01:00:43+00:00,d24cb1a,20261010T005003Z,klt-sim-b8eb5b20d95e,min_searched_sense,0.95,fs/27C,14.0000,2026-08-20T22:38:54+00:00,2T-min,1.106463,ASSUMED margin factor,1.005989e-05,2.0,5.029945e-06,64,0.178133,17.81,50,yes,179.64,128,"t_row_refresh_op MEASURED in sim/refresh-op (fixed precharge/gap/latch/guard phases are ASSUMPTIONs; ideal drivers; C_RBL/C_WBL ASSUMPTION; global corners only); N_rows unratified; 50 % limit is an ASSUMPTION; ENVELOPE, not a macro claim"
2026-10-10T01:00:43+00:00,d24cb1a,20261010T005003Z,klt-sim-b8eb5b20d95e,min_searched_sense,0.95,fs/27C,14.0000,2026-08-20T22:38:54+00:00,2T-min,1.106463,ASSUMED margin factor,1.005989e-05,2.0,5.029945e-06,128,0.356266,35.63,50,yes,179.64,128,"t_row_refresh_op MEASURED in sim/refresh-op (fixed precharge/gap/latch/guard phases are ASSUMPTIONs; ideal drivers; C_RBL/C_WBL ASSUMPTION; global corners only); N_rows unratified; 50 % limit is an ASSUMPTION; ENVELOPE, not a macro claim"
2026-10-10T01:00:43+00:00,d24cb1a,20261010T005003Z,klt-sim-b8eb5b20d95e,min_searched_sense,0.95,fs/27C,14.0000,2026-08-20T22:38:54+00:00,2T-min,1.106463,ASSUMED margin factor,1.005989e-05,2.0,5.029945e-06,256,0.712533,71.25,50,no,179.64,128,"t_row_refresh_op MEASURED in sim/refresh-op (fixed precharge/gap/latch/guard phases are ASSUMPTIONs; ideal drivers; C_RBL/C_WBL ASSUMPTION; global corners only); N_rows unratified; 50 % limit is an ASSUMPTION; ENVELOPE, not a macro claim"
2026-10-10T01:00:43+00:00,d24cb1a,20261010T005003Z,klt-sim-b8eb5b20d95e,min_searched_sense,0.95,fs/27C,14.0000,2026-08-20T22:38:54+00:00,2T-min,1.106463,ASSUMED margin factor,1.005989e-05,2.0,5.029945e-06,512,1.425065,142.51,50,no,179.64,128,"t_row_refresh_op MEASURED in sim/refresh-op (fixed precharge/gap/latch/guard phases are ASSUMPTIONs; ideal drivers; C_RBL/C_WBL ASSUMPTION; global corners only); N_rows unratified; 50 % limit is an ASSUMPTION; ENVELOPE, not a macro claim"
2026-10-10T01:00:43+00:00,d24cb1a,20261010T005003Z,klt-sim-b8eb5b20d95e,min_searched_sense,0.95,fs/27C,14.0000,2026-08-20T22:38:54+00:00,2T-min,1.106463,ASSUMED margin factor,1.005989e-05,2.0,5.029945e-06,1024,2.850131,285.01,50,no,179.64,128,"t_row_refresh_op MEASURED in sim/refresh-op (fixed precharge/gap/latch/guard phases are ASSUMPTIONs; ideal drivers; C_RBL/C_WBL ASSUMPTION; global corners only); N_rows unratified; 50 % limit is an ASSUMPTION; ENVELOPE, not a macro claim"
2026-10-10T01:00:43+00:00,d24cb1a,20261010T005003Z,klt-sim-b8eb5b20d95e,min_searched_sense,0.95,fs/27C,14.0000,2026-08-25T02:22:39+00:00,2T-min,0.605354,EXTRACTED (layout),5.503841e-06,2.0,2.751921e-06,4,0.020349,2.03,50,yes,98.28,64,"t_row_refresh_op MEASURED in sim/refresh-op (fixed precharge/gap/latch/guard phases are ASSUMPTIONs; ideal drivers; C_RBL/C_WBL ASSUMPTION; global corners only); N_rows unratified; 50 % limit is an ASSUMPTION; ENVELOPE, not a macro claim"
2026-10-10T01:00:43+00:00,d24cb1a,20261010T005003Z,klt-sim-b8eb5b20d95e,min_searched_sense,0.95,fs/27C,14.0000,2026-08-25T02:22:39+00:00,2T-min,0.605354,EXTRACTED (layout),5.503841e-06,2.0,2.751921e-06,8,0.040699,4.07,50,yes,98.28,64,"t_row_refresh_op MEASURED in sim/refresh-op (fixed precharge/gap/latch/guard phases are ASSUMPTIONs; ideal drivers; C_RBL/C_WBL ASSUMPTION; global corners only); N_rows unratified; 50 % limit is an ASSUMPTION; ENVELOPE, not a macro claim"
2026-10-10T01:00:43+00:00,d24cb1a,20261010T005003Z,klt-sim-b8eb5b20d95e,min_searched_sense,0.95,fs/27C,14.0000,2026-08-25T02:22:39+00:00,2T-min,0.605354,EXTRACTED (layout),5.503841e-06,2.0,2.751921e-06,16,0.081398,8.14,50,yes,98.28,64,"t_row_refresh_op MEASURED in sim/refresh-op (fixed precharge/gap/latch/guard phases are ASSUMPTIONs; ideal drivers; C_RBL/C_WBL ASSUMPTION; global corners only); N_rows unratified; 50 % limit is an ASSUMPTION; ENVELOPE, not a macro claim"
2026-10-10T01:00:43+00:00,d24cb1a,20261010T005003Z,klt-sim-b8eb5b20d95e,min_searched_sense,0.95,fs/27C,14.0000,2026-08-25T02:22:39+00:00,2T-min,0.605354,EXTRACTED (layout),5.503841e-06,2.0,2.751921e-06,32,0.162795,16.28,50,yes,98.28,64,"t_row_refresh_op MEASURED in sim/refresh-op (fixed precharge/gap/latch/guard phases are ASSUMPTIONs; ideal drivers; C_RBL/C_WBL ASSUMPTION; global corners only); N_rows unratified; 50 % limit is an ASSUMPTION; ENVELOPE, not a macro claim"
2026-10-10T01:00:43+00:00,d24cb1a,20261010T005003Z,klt-sim-b8eb5b20d95e,min_searched_sense,0.95,fs/27C,14.0000,2026-08-25T02:22:39+00:00,2T-min,0.605354,EXTRACTED (layout),5.503841e-06,2.0,2.751921e-06,64,0.325591,32.56,50,yes,98.28,64,"t_row_refresh_op MEASURED in sim/refresh-op (fixed precharge/gap/latch/guard phases are ASSUMPTIONs; ideal drivers; C_RBL/C_WBL ASSUMPTION; global corners only); N_rows unratified; 50 % limit is an ASSUMPTION; ENVELOPE, not a macro claim"
2026-10-10T01:00:43+00:00,d24cb1a,20261010T005003Z,klt-sim-b8eb5b20d95e,min_searched_sense,0.95,fs/27C,14.0000,2026-08-25T02:22:39+00:00,2T-min,0.605354,EXTRACTED (layout),5.503841e-06,2.0,2.751921e-06,128,0.651182,65.12,50,no,98.28,64,"t_row_refresh_op MEASURED in sim/refresh-op (fixed precharge/gap/latch/guard phases are ASSUMPTIONs; ideal drivers; C_RBL/C_WBL ASSUMPTION; global corners only); N_rows unratified; 50 % limit is an ASSUMPTION; ENVELOPE, not a macro claim"
2026-10-10T01:00:43+00:00,d24cb1a,20261010T005003Z,klt-sim-b8eb5b20d95e,min_searched_sense,0.95,fs/27C,14.0000,2026-08-25T02:22:39+00:00,2T-min,0.605354,EXTRACTED (layout),5.503841e-06,2.0,2.751921e-06,256,1.302363,130.24,50,no,98.28,64,"t_row_refresh_op MEASURED in sim/refresh-op (fixed precharge/gap/latch/guard phases are ASSUMPTIONs; ideal drivers; C_RBL/C_WBL ASSUMPTION; global corners only); N_rows unratified; 50 % limit is an ASSUMPTION; ENVELOPE, not a macro claim"
2026-10-10T01:00:43+00:00,d24cb1a,20261010T005003Z,klt-sim-b8eb5b20d95e,min_searched_sense,0.95,fs/27C,14.0000,2026-08-25T02:22:39+00:00,2T-min,0.605354,EXTRACTED (layout),5.503841e-06,2.0,2.751921e-06,512,2.604726,260.47,50,no,98.28,64,"t_row_refresh_op MEASURED in sim/refresh-op (fixed precharge/gap/latch/guard phases are ASSUMPTIONs; ideal drivers; C_RBL/C_WBL ASSUMPTION; global corners only); N_rows unratified; 50 % limit is an ASSUMPTION; ENVELOPE, not a macro claim"
2026-10-10T01:00:43+00:00,d24cb1a,20261010T005003Z,klt-sim-b8eb5b20d95e,min_searched_sense,0.95,fs/27C,14.0000,2026-08-25T02:22:39+00:00,2T-min,0.605354,EXTRACTED (layout),5.503841e-06,2.0,2.751921e-06,1024,5.209453,520.95,50,no,98.28,64,"t_row_refresh_op MEASURED in sim/refresh-op (fixed precharge/gap/latch/guard phases are ASSUMPTIONs; ideal drivers; C_RBL/C_WBL ASSUMPTION; global corners only); N_rows unratified; 50 % limit is an ASSUMPTION; ENVELOPE, not a macro claim"
2026-10-10T01:00:43+00:00,d24cb1a,20261010T005003Z,klt-sim-b8eb5b20d95e,min_searched_sense,0.98,fs/27C,19.0000,2026-08-20T22:38:54+00:00,2T-min,1.106463,ASSUMED margin factor,1.005989e-05,2.0,5.029945e-06,4,0.015110,1.51,50,yes,132.37,128,"t_row_refresh_op MEASURED in sim/refresh-op (fixed precharge/gap/latch/guard phases are ASSUMPTIONs; ideal drivers; C_RBL/C_WBL ASSUMPTION; global corners only); N_rows unratified; 50 % limit is an ASSUMPTION; ENVELOPE, not a macro claim"
2026-10-10T01:00:43+00:00,d24cb1a,20261010T005003Z,klt-sim-b8eb5b20d95e,min_searched_sense,0.98,fs/27C,19.0000,2026-08-20T22:38:54+00:00,2T-min,1.106463,ASSUMED margin factor,1.005989e-05,2.0,5.029945e-06,8,0.030219,3.02,50,yes,132.37,128,"t_row_refresh_op MEASURED in sim/refresh-op (fixed precharge/gap/latch/guard phases are ASSUMPTIONs; ideal drivers; C_RBL/C_WBL ASSUMPTION; global corners only); N_rows unratified; 50 % limit is an ASSUMPTION; ENVELOPE, not a macro claim"
2026-10-10T01:00:43+00:00,d24cb1a,20261010T005003Z,klt-sim-b8eb5b20d95e,min_searched_sense,0.98,fs/27C,19.0000,2026-08-20T22:38:54+00:00,2T-min,1.106463,ASSUMED margin factor,1.005989e-05,2.0,5.029945e-06,16,0.060438,6.04,50,yes,132.37,128,"t_row_refresh_op MEASURED in sim/refresh-op (fixed precharge/gap/latch/guard phases are ASSUMPTIONs; ideal drivers; C_RBL/C_WBL ASSUMPTION; global corners only); N_rows unratified; 50 % limit is an ASSUMPTION; ENVELOPE, not a macro claim"
2026-10-10T01:00:43+00:00,d24cb1a,20261010T005003Z,klt-sim-b8eb5b20d95e,min_searched_sense,0.98,fs/27C,19.0000,2026-08-20T22:38:54+00:00,2T-min,1.106463,ASSUMED margin factor,1.005989e-05,2.0,5.029945e-06,32,0.120876,12.09,50,yes,132.37,128,"t_row_refresh_op MEASURED in sim/refresh-op (fixed precharge/gap/latch/guard phases are ASSUMPTIONs; ideal drivers; C_RBL/C_WBL ASSUMPTION; global corners only); N_rows unratified; 50 % limit is an ASSUMPTION; ENVELOPE, not a macro claim"
2026-10-10T01:00:43+00:00,d24cb1a,20261010T005003Z,klt-sim-b8eb5b20d95e,min_searched_sense,0.98,fs/27C,19.0000,2026-08-20T22:38:54+00:00,2T-min,1.106463,ASSUMED margin factor,1.005989e-05,2.0,5.029945e-06,64,0.241752,24.18,50,yes,132.37,128,"t_row_refresh_op MEASURED in sim/refresh-op (fixed precharge/gap/latch/guard phases are ASSUMPTIONs; ideal drivers; C_RBL/C_WBL ASSUMPTION; global corners only); N_rows unratified; 50 % limit is an ASSUMPTION; ENVELOPE, not a macro claim"
2026-10-10T01:00:43+00:00,d24cb1a,20261010T005003Z,klt-sim-b8eb5b20d95e,min_searched_sense,0.98,fs/27C,19.0000,2026-08-20T22:38:54+00:00,2T-min,1.106463,ASSUMED margin factor,1.005989e-05,2.0,5.029945e-06,128,0.483504,48.35,50,yes,132.37,128,"t_row_refresh_op MEASURED in sim/refresh-op (fixed precharge/gap/latch/guard phases are ASSUMPTIONs; ideal drivers; C_RBL/C_WBL ASSUMPTION; global corners only); N_rows unratified; 50 % limit is an ASSUMPTION; ENVELOPE, not a macro claim"
2026-10-10T01:00:43+00:00,d24cb1a,20261010T005003Z,klt-sim-b8eb5b20d95e,min_searched_sense,0.98,fs/27C,19.0000,2026-08-20T22:38:54+00:00,2T-min,1.106463,ASSUMED margin factor,1.005989e-05,2.0,5.029945e-06,256,0.967009,96.70,50,no,132.37,128,"t_row_refresh_op MEASURED in sim/refresh-op (fixed precharge/gap/latch/guard phases are ASSUMPTIONs; ideal drivers; C_RBL/C_WBL ASSUMPTION; global corners only); N_rows unratified; 50 % limit is an ASSUMPTION; ENVELOPE, not a macro claim"
2026-10-10T01:00:43+00:00,d24cb1a,20261010T005003Z,klt-sim-b8eb5b20d95e,min_searched_sense,0.98,fs/27C,19.0000,2026-08-20T22:38:54+00:00,2T-min,1.106463,ASSUMED margin factor,1.005989e-05,2.0,5.029945e-06,512,1.934017,193.40,50,no,132.37,128,"t_row_refresh_op MEASURED in sim/refresh-op (fixed precharge/gap/latch/guard phases are ASSUMPTIONs; ideal drivers; C_RBL/C_WBL ASSUMPTION; global corners only); N_rows unratified; 50 % limit is an ASSUMPTION; ENVELOPE, not a macro claim"
2026-10-10T01:00:43+00:00,d24cb1a,20261010T005003Z,klt-sim-b8eb5b20d95e,min_searched_sense,0.98,fs/27C,19.0000,2026-08-20T22:38:54+00:00,2T-min,1.106463,ASSUMED margin factor,1.005989e-05,2.0,5.029945e-06,1024,3.868034,386.80,50,no,132.37,128,"t_row_refresh_op MEASURED in sim/refresh-op (fixed precharge/gap/latch/guard phases are ASSUMPTIONs; ideal drivers; C_RBL/C_WBL ASSUMPTION; global corners only); N_rows unratified; 50 % limit is an ASSUMPTION; ENVELOPE, not a macro claim"
2026-10-10T01:00:43+00:00,d24cb1a,20261010T005003Z,klt-sim-b8eb5b20d95e,min_searched_sense,0.98,fs/27C,19.0000,2026-08-25T02:22:39+00:00,2T-min,0.605354,EXTRACTED (layout),5.503841e-06,2.0,2.751921e-06,4,0.027617,2.76,50,yes,72.42,64,"t_row_refresh_op MEASURED in sim/refresh-op (fixed precharge/gap/latch/guard phases are ASSUMPTIONs; ideal drivers; C_RBL/C_WBL ASSUMPTION; global corners only); N_rows unratified; 50 % limit is an ASSUMPTION; ENVELOPE, not a macro claim"
2026-10-10T01:00:43+00:00,d24cb1a,20261010T005003Z,klt-sim-b8eb5b20d95e,min_searched_sense,0.98,fs/27C,19.0000,2026-08-25T02:22:39+00:00,2T-min,0.605354,EXTRACTED (layout),5.503841e-06,2.0,2.751921e-06,8,0.055234,5.52,50,yes,72.42,64,"t_row_refresh_op MEASURED in sim/refresh-op (fixed precharge/gap/latch/guard phases are ASSUMPTIONs; ideal drivers; C_RBL/C_WBL ASSUMPTION; global corners only); N_rows unratified; 50 % limit is an ASSUMPTION; ENVELOPE, not a macro claim"
2026-10-10T01:00:43+00:00,d24cb1a,20261010T005003Z,klt-sim-b8eb5b20d95e,min_searched_sense,0.98,fs/27C,19.0000,2026-08-25T02:22:39+00:00,2T-min,0.605354,EXTRACTED (layout),5.503841e-06,2.0,2.751921e-06,16,0.110468,11.05,50,yes,72.42,64,"t_row_refresh_op MEASURED in sim/refresh-op (fixed precharge/gap/latch/guard phases are ASSUMPTIONs; ideal drivers; C_RBL/C_WBL ASSUMPTION; global corners only); N_rows unratified; 50 % limit is an ASSUMPTION; ENVELOPE, not a macro claim"
2026-10-10T01:00:43+00:00,d24cb1a,20261010T005003Z,klt-sim-b8eb5b20d95e,min_searched_sense,0.98,fs/27C,19.0000,2026-08-25T02:22:39+00:00,2T-min,0.605354,EXTRACTED (layout),5.503841e-06,2.0,2.751921e-06,32,0.220937,22.09,50,yes,72.42,64,"t_row_refresh_op MEASURED in sim/refresh-op (fixed precharge/gap/latch/guard phases are ASSUMPTIONs; ideal drivers; C_RBL/C_WBL ASSUMPTION; global corners only); N_rows unratified; 50 % limit is an ASSUMPTION; ENVELOPE, not a macro claim"
2026-10-10T01:00:43+00:00,d24cb1a,20261010T005003Z,klt-sim-b8eb5b20d95e,min_searched_sense,0.98,fs/27C,19.0000,2026-08-25T02:22:39+00:00,2T-min,0.605354,EXTRACTED (layout),5.503841e-06,2.0,2.751921e-06,64,0.441873,44.19,50,yes,72.42,64,"t_row_refresh_op MEASURED in sim/refresh-op (fixed precharge/gap/latch/guard phases are ASSUMPTIONs; ideal drivers; C_RBL/C_WBL ASSUMPTION; global corners only); N_rows unratified; 50 % limit is an ASSUMPTION; ENVELOPE, not a macro claim"
2026-10-10T01:00:43+00:00,d24cb1a,20261010T005003Z,klt-sim-b8eb5b20d95e,min_searched_sense,0.98,fs/27C,19.0000,2026-08-25T02:22:39+00:00,2T-min,0.605354,EXTRACTED (layout),5.503841e-06,2.0,2.751921e-06,128,0.883746,88.37,50,no,72.42,64,"t_row_refresh_op MEASURED in sim/refresh-op (fixed precharge/gap/latch/guard phases are ASSUMPTIONs; ideal drivers; C_RBL/C_WBL ASSUMPTION; global corners only); N_rows unratified; 50 % limit is an ASSUMPTION; ENVELOPE, not a macro claim"
2026-10-10T01:00:43+00:00,d24cb1a,20261010T005003Z,klt-sim-b8eb5b20d95e,min_searched_sense,0.98,fs/27C,19.0000,2026-08-25T02:22:39+00:00,2T-min,0.605354,EXTRACTED (layout),5.503841e-06,2.0,2.751921e-06,256,1.767493,176.75,50,no,72.42,64,"t_row_refresh_op MEASURED in sim/refresh-op (fixed precharge/gap/latch/guard phases are ASSUMPTIONs; ideal drivers; C_RBL/C_WBL ASSUMPTION; global corners only); N_rows unratified; 50 % limit is an ASSUMPTION; ENVELOPE, not a macro claim"
2026-10-10T01:00:43+00:00,d24cb1a,20261010T005003Z,klt-sim-b8eb5b20d95e,min_searched_sense,0.98,fs/27C,19.0000,2026-08-25T02:22:39+00:00,2T-min,0.605354,EXTRACTED (layout),5.503841e-06,2.0,2.751921e-06,512,3.534986,353.50,50,no,72.42,64,"t_row_refresh_op MEASURED in sim/refresh-op (fixed precharge/gap/latch/guard phases are ASSUMPTIONs; ideal drivers; C_RBL/C_WBL ASSUMPTION; global corners only); N_rows unratified; 50 % limit is an ASSUMPTION; ENVELOPE, not a macro claim"
2026-10-10T01:00:43+00:00,d24cb1a,20261010T005003Z,klt-sim-b8eb5b20d95e,min_searched_sense,0.98,fs/27C,19.0000,2026-08-25T02:22:39+00:00,2T-min,0.605354,EXTRACTED (layout),5.503841e-06,2.0,2.751921e-06,1024,7.069972,707.00,50,no,72.42,64,"t_row_refresh_op MEASURED in sim/refresh-op (fixed precharge/gap/latch/guard phases are ASSUMPTIONs; ideal drivers; C_RBL/C_WBL ASSUMPTION; global corners only); N_rows unratified; 50 % limit is an ASSUMPTION; ENVELOPE, not a macro claim"
2026-10-10T01:00:43+00:00,d24cb1a,20261010T005003Z,klt-sim-b8eb5b20d95e,contract_10ns_sense,0.9,ss/125C,19.0000,2026-08-20T22:38:54+00:00,2T-min,1.106463,ASSUMED margin factor,1.005989e-05,2.0,5.029945e-06,4,0.015110,1.51,50,yes,132.37,128,"t_row_refresh_op MEASURED in sim/refresh-op (fixed precharge/gap/latch/guard phases are ASSUMPTIONs; ideal drivers; C_RBL/C_WBL ASSUMPTION; global corners only); N_rows unratified; 50 % limit is an ASSUMPTION; ENVELOPE, not a macro claim"
2026-10-10T01:00:43+00:00,d24cb1a,20261010T005003Z,klt-sim-b8eb5b20d95e,contract_10ns_sense,0.9,ss/125C,19.0000,2026-08-20T22:38:54+00:00,2T-min,1.106463,ASSUMED margin factor,1.005989e-05,2.0,5.029945e-06,8,0.030219,3.02,50,yes,132.37,128,"t_row_refresh_op MEASURED in sim/refresh-op (fixed precharge/gap/latch/guard phases are ASSUMPTIONs; ideal drivers; C_RBL/C_WBL ASSUMPTION; global corners only); N_rows unratified; 50 % limit is an ASSUMPTION; ENVELOPE, not a macro claim"
2026-10-10T01:00:43+00:00,d24cb1a,20261010T005003Z,klt-sim-b8eb5b20d95e,contract_10ns_sense,0.9,ss/125C,19.0000,2026-08-20T22:38:54+00:00,2T-min,1.106463,ASSUMED margin factor,1.005989e-05,2.0,5.029945e-06,16,0.060438,6.04,50,yes,132.37,128,"t_row_refresh_op MEASURED in sim/refresh-op (fixed precharge/gap/latch/guard phases are ASSUMPTIONs; ideal drivers; C_RBL/C_WBL ASSUMPTION; global corners only); N_rows unratified; 50 % limit is an ASSUMPTION; ENVELOPE, not a macro claim"
2026-10-10T01:00:43+00:00,d24cb1a,20261010T005003Z,klt-sim-b8eb5b20d95e,contract_10ns_sense,0.9,ss/125C,19.0000,2026-08-20T22:38:54+00:00,2T-min,1.106463,ASSUMED margin factor,1.005989e-05,2.0,5.029945e-06,32,0.120876,12.09,50,yes,132.37,128,"t_row_refresh_op MEASURED in sim/refresh-op (fixed precharge/gap/latch/guard phases are ASSUMPTIONs; ideal drivers; C_RBL/C_WBL ASSUMPTION; global corners only); N_rows unratified; 50 % limit is an ASSUMPTION; ENVELOPE, not a macro claim"
2026-10-10T01:00:43+00:00,d24cb1a,20261010T005003Z,klt-sim-b8eb5b20d95e,contract_10ns_sense,0.9,ss/125C,19.0000,2026-08-20T22:38:54+00:00,2T-min,1.106463,ASSUMED margin factor,1.005989e-05,2.0,5.029945e-06,64,0.241752,24.18,50,yes,132.37,128,"t_row_refresh_op MEASURED in sim/refresh-op (fixed precharge/gap/latch/guard phases are ASSUMPTIONs; ideal drivers; C_RBL/C_WBL ASSUMPTION; global corners only); N_rows unratified; 50 % limit is an ASSUMPTION; ENVELOPE, not a macro claim"
2026-10-10T01:00:43+00:00,d24cb1a,20261010T005003Z,klt-sim-b8eb5b20d95e,contract_10ns_sense,0.9,ss/125C,19.0000,2026-08-20T22:38:54+00:00,2T-min,1.106463,ASSUMED margin factor,1.005989e-05,2.0,5.029945e-06,128,0.483504,48.35,50,yes,132.37,128,"t_row_refresh_op MEASURED in sim/refresh-op (fixed precharge/gap/latch/guard phases are ASSUMPTIONs; ideal drivers; C_RBL/C_WBL ASSUMPTION; global corners only); N_rows unratified; 50 % limit is an ASSUMPTION; ENVELOPE, not a macro claim"
2026-10-10T01:00:43+00:00,d24cb1a,20261010T005003Z,klt-sim-b8eb5b20d95e,contract_10ns_sense,0.9,ss/125C,19.0000,2026-08-20T22:38:54+00:00,2T-min,1.106463,ASSUMED margin factor,1.005989e-05,2.0,5.029945e-06,256,0.967009,96.70,50,no,132.37,128,"t_row_refresh_op MEASURED in sim/refresh-op (fixed precharge/gap/latch/guard phases are ASSUMPTIONs; ideal drivers; C_RBL/C_WBL ASSUMPTION; global corners only); N_rows unratified; 50 % limit is an ASSUMPTION; ENVELOPE, not a macro claim"
2026-10-10T01:00:43+00:00,d24cb1a,20261010T005003Z,klt-sim-b8eb5b20d95e,contract_10ns_sense,0.9,ss/125C,19.0000,2026-08-20T22:38:54+00:00,2T-min,1.106463,ASSUMED margin factor,1.005989e-05,2.0,5.029945e-06,512,1.934017,193.40,50,no,132.37,128,"t_row_refresh_op MEASURED in sim/refresh-op (fixed precharge/gap/latch/guard phases are ASSUMPTIONs; ideal drivers; C_RBL/C_WBL ASSUMPTION; global corners only); N_rows unratified; 50 % limit is an ASSUMPTION; ENVELOPE, not a macro claim"
2026-10-10T01:00:43+00:00,d24cb1a,20261010T005003Z,klt-sim-b8eb5b20d95e,contract_10ns_sense,0.9,ss/125C,19.0000,2026-08-20T22:38:54+00:00,2T-min,1.106463,ASSUMED margin factor,1.005989e-05,2.0,5.029945e-06,1024,3.868034,386.80,50,no,132.37,128,"t_row_refresh_op MEASURED in sim/refresh-op (fixed precharge/gap/latch/guard phases are ASSUMPTIONs; ideal drivers; C_RBL/C_WBL ASSUMPTION; global corners only); N_rows unratified; 50 % limit is an ASSUMPTION; ENVELOPE, not a macro claim"
2026-10-10T01:00:43+00:00,d24cb1a,20261010T005003Z,klt-sim-b8eb5b20d95e,contract_10ns_sense,0.9,ss/125C,19.0000,2026-08-25T02:22:39+00:00,2T-min,0.605354,EXTRACTED (layout),5.503841e-06,2.0,2.751921e-06,4,0.027617,2.76,50,yes,72.42,64,"t_row_refresh_op MEASURED in sim/refresh-op (fixed precharge/gap/latch/guard phases are ASSUMPTIONs; ideal drivers; C_RBL/C_WBL ASSUMPTION; global corners only); N_rows unratified; 50 % limit is an ASSUMPTION; ENVELOPE, not a macro claim"
2026-10-10T01:00:43+00:00,d24cb1a,20261010T005003Z,klt-sim-b8eb5b20d95e,contract_10ns_sense,0.9,ss/125C,19.0000,2026-08-25T02:22:39+00:00,2T-min,0.605354,EXTRACTED (layout),5.503841e-06,2.0,2.751921e-06,8,0.055234,5.52,50,yes,72.42,64,"t_row_refresh_op MEASURED in sim/refresh-op (fixed precharge/gap/latch/guard phases are ASSUMPTIONs; ideal drivers; C_RBL/C_WBL ASSUMPTION; global corners only); N_rows unratified; 50 % limit is an ASSUMPTION; ENVELOPE, not a macro claim"
2026-10-10T01:00:43+00:00,d24cb1a,20261010T005003Z,klt-sim-b8eb5b20d95e,contract_10ns_sense,0.9,ss/125C,19.0000,2026-08-25T02:22:39+00:00,2T-min,0.605354,EXTRACTED (layout),5.503841e-06,2.0,2.751921e-06,16,0.110468,11.05,50,yes,72.42,64,"t_row_refresh_op MEASURED in sim/refresh-op (fixed precharge/gap/latch/guard phases are ASSUMPTIONs; ideal drivers; C_RBL/C_WBL ASSUMPTION; global corners only); N_rows unratified; 50 % limit is an ASSUMPTION; ENVELOPE, not a macro claim"
2026-10-10T01:00:43+00:00,d24cb1a,20261010T005003Z,klt-sim-b8eb5b20d95e,contract_10ns_sense,0.9,ss/125C,19.0000,2026-08-25T02:22:39+00:00,2T-min,0.605354,EXTRACTED (layout),5.503841e-06,2.0,2.751921e-06,32,0.220937,22.09,50,yes,72.42,64,"t_row_refresh_op MEASURED in sim/refresh-op (fixed precharge/gap/latch/guard phases are ASSUMPTIONs; ideal drivers; C_RBL/C_WBL ASSUMPTION; global corners only); N_rows unratified; 50 % limit is an ASSUMPTION; ENVELOPE, not a macro claim"
2026-10-10T01:00:43+00:00,d24cb1a,20261010T005003Z,klt-sim-b8eb5b20d95e,contract_10ns_sense,0.9,ss/125C,19.0000,2026-08-25T02:22:39+00:00,2T-min,0.605354,EXTRACTED (layout),5.503841e-06,2.0,2.751921e-06,64,0.441873,44.19,50,yes,72.42,64,"t_row_refresh_op MEASURED in sim/refresh-op (fixed precharge/gap/latch/guard phases are ASSUMPTIONs; ideal drivers; C_RBL/C_WBL ASSUMPTION; global corners only); N_rows unratified; 50 % limit is an ASSUMPTION; ENVELOPE, not a macro claim"
2026-10-10T01:00:43+00:00,d24cb1a,20261010T005003Z,klt-sim-b8eb5b20d95e,contract_10ns_sense,0.9,ss/125C,19.0000,2026-08-25T02:22:39+00:00,2T-min,0.605354,EXTRACTED (layout),5.503841e-06,2.0,2.751921e-06,128,0.883746,88.37,50,no,72.42,64,"t_row_refresh_op MEASURED in sim/refresh-op (fixed precharge/gap/latch/guard phases are ASSUMPTIONs; ideal drivers; C_RBL/C_WBL ASSUMPTION; global corners only); N_rows unratified; 50 % limit is an ASSUMPTION; ENVELOPE, not a macro claim"
2026-10-10T01:00:43+00:00,d24cb1a,20261010T005003Z,klt-sim-b8eb5b20d95e,contract_10ns_sense,0.9,ss/125C,19.0000,2026-08-25T02:22:39+00:00,2T-min,0.605354,EXTRACTED (layout),5.503841e-06,2.0,2.751921e-06,256,1.767493,176.75,50,no,72.42,64,"t_row_refresh_op MEASURED in sim/refresh-op (fixed precharge/gap/latch/guard phases are ASSUMPTIONs; ideal drivers; C_RBL/C_WBL ASSUMPTION; global corners only); N_rows unratified; 50 % limit is an ASSUMPTION; ENVELOPE, not a macro claim"
2026-10-10T01:00:43+00:00,d24cb1a,20261010T005003Z,klt-sim-b8eb5b20d95e,contract_10ns_sense,0.9,ss/125C,19.0000,2026-08-25T02:22:39+00:00,2T-min,0.605354,EXTRACTED (layout),5.503841e-06,2.0,2.751921e-06,512,3.534986,353.50,50,no,72.42,64,"t_row_refresh_op MEASURED in sim/refresh-op (fixed precharge/gap/latch/guard phases are ASSUMPTIONs; ideal drivers; C_RBL/C_WBL ASSUMPTION; global corners only); N_rows unratified; 50 % limit is an ASSUMPTION; ENVELOPE, not a macro claim"
2026-10-10T01:00:43+00:00,d24cb1a,20261010T005003Z,klt-sim-b8eb5b20d95e,contract_10ns_sense,0.9,ss/125C,19.0000,2026-08-25T02:22:39+00:00,2T-min,0.605354,EXTRACTED (layout),5.503841e-06,2.0,2.751921e-06,1024,7.069972,707.00,50,no,72.42,64,"t_row_refresh_op MEASURED in sim/refresh-op (fixed precharge/gap/latch/guard phases are ASSUMPTIONs; ideal drivers; C_RBL/C_WBL ASSUMPTION; global corners only); N_rows unratified; 50 % limit is an ASSUMPTION; ENVELOPE, not a macro claim"
2026-10-10T01:00:43+00:00,d24cb1a,20261010T005003Z,klt-sim-b8eb5b20d95e,contract_10ns_sense,0.95,ss/125C,22.0000,2026-08-20T22:38:54+00:00,2T-min,1.106463,ASSUMED margin factor,1.005989e-05,2.0,5.029945e-06,4,0.017495,1.75,50,yes,114.32,64,"t_row_refresh_op MEASURED in sim/refresh-op (fixed precharge/gap/latch/guard phases are ASSUMPTIONs; ideal drivers; C_RBL/C_WBL ASSUMPTION; global corners only); N_rows unratified; 50 % limit is an ASSUMPTION; ENVELOPE, not a macro claim"
2026-10-10T01:00:43+00:00,d24cb1a,20261010T005003Z,klt-sim-b8eb5b20d95e,contract_10ns_sense,0.95,ss/125C,22.0000,2026-08-20T22:38:54+00:00,2T-min,1.106463,ASSUMED margin factor,1.005989e-05,2.0,5.029945e-06,8,0.034990,3.50,50,yes,114.32,64,"t_row_refresh_op MEASURED in sim/refresh-op (fixed precharge/gap/latch/guard phases are ASSUMPTIONs; ideal drivers; C_RBL/C_WBL ASSUMPTION; global corners only); N_rows unratified; 50 % limit is an ASSUMPTION; ENVELOPE, not a macro claim"
2026-10-10T01:00:43+00:00,d24cb1a,20261010T005003Z,klt-sim-b8eb5b20d95e,contract_10ns_sense,0.95,ss/125C,22.0000,2026-08-20T22:38:54+00:00,2T-min,1.106463,ASSUMED margin factor,1.005989e-05,2.0,5.029945e-06,16,0.069981,7.00,50,yes,114.32,64,"t_row_refresh_op MEASURED in sim/refresh-op (fixed precharge/gap/latch/guard phases are ASSUMPTIONs; ideal drivers; C_RBL/C_WBL ASSUMPTION; global corners only); N_rows unratified; 50 % limit is an ASSUMPTION; ENVELOPE, not a macro claim"
2026-10-10T01:00:43+00:00,d24cb1a,20261010T005003Z,klt-sim-b8eb5b20d95e,contract_10ns_sense,0.95,ss/125C,22.0000,2026-08-20T22:38:54+00:00,2T-min,1.106463,ASSUMED margin factor,1.005989e-05,2.0,5.029945e-06,32,0.139962,14.00,50,yes,114.32,64,"t_row_refresh_op MEASURED in sim/refresh-op (fixed precharge/gap/latch/guard phases are ASSUMPTIONs; ideal drivers; C_RBL/C_WBL ASSUMPTION; global corners only); N_rows unratified; 50 % limit is an ASSUMPTION; ENVELOPE, not a macro claim"
2026-10-10T01:00:43+00:00,d24cb1a,20261010T005003Z,klt-sim-b8eb5b20d95e,contract_10ns_sense,0.95,ss/125C,22.0000,2026-08-20T22:38:54+00:00,2T-min,1.106463,ASSUMED margin factor,1.005989e-05,2.0,5.029945e-06,64,0.279924,27.99,50,yes,114.32,64,"t_row_refresh_op MEASURED in sim/refresh-op (fixed precharge/gap/latch/guard phases are ASSUMPTIONs; ideal drivers; C_RBL/C_WBL ASSUMPTION; global corners only); N_rows unratified; 50 % limit is an ASSUMPTION; ENVELOPE, not a macro claim"
2026-10-10T01:00:43+00:00,d24cb1a,20261010T005003Z,klt-sim-b8eb5b20d95e,contract_10ns_sense,0.95,ss/125C,22.0000,2026-08-20T22:38:54+00:00,2T-min,1.106463,ASSUMED margin factor,1.005989e-05,2.0,5.029945e-06,128,0.559847,55.98,50,no,114.32,64,"t_row_refresh_op MEASURED in sim/refresh-op (fixed precharge/gap/latch/guard phases are ASSUMPTIONs; ideal drivers; C_RBL/C_WBL ASSUMPTION; global corners only); N_rows unratified; 50 % limit is an ASSUMPTION; ENVELOPE, not a macro claim"
2026-10-10T01:00:43+00:00,d24cb1a,20261010T005003Z,klt-sim-b8eb5b20d95e,contract_10ns_sense,0.95,ss/125C,22.0000,2026-08-20T22:38:54+00:00,2T-min,1.106463,ASSUMED margin factor,1.005989e-05,2.0,5.029945e-06,256,1.119694,111.97,50,no,114.32,64,"t_row_refresh_op MEASURED in sim/refresh-op (fixed precharge/gap/latch/guard phases are ASSUMPTIONs; ideal drivers; C_RBL/C_WBL ASSUMPTION; global corners only); N_rows unratified; 50 % limit is an ASSUMPTION; ENVELOPE, not a macro claim"
2026-10-10T01:00:43+00:00,d24cb1a,20261010T005003Z,klt-sim-b8eb5b20d95e,contract_10ns_sense,0.95,ss/125C,22.0000,2026-08-20T22:38:54+00:00,2T-min,1.106463,ASSUMED margin factor,1.005989e-05,2.0,5.029945e-06,512,2.239388,223.94,50,no,114.32,64,"t_row_refresh_op MEASURED in sim/refresh-op (fixed precharge/gap/latch/guard phases are ASSUMPTIONs; ideal drivers; C_RBL/C_WBL ASSUMPTION; global corners only); N_rows unratified; 50 % limit is an ASSUMPTION; ENVELOPE, not a macro claim"
2026-10-10T01:00:43+00:00,d24cb1a,20261010T005003Z,klt-sim-b8eb5b20d95e,contract_10ns_sense,0.95,ss/125C,22.0000,2026-08-20T22:38:54+00:00,2T-min,1.106463,ASSUMED margin factor,1.005989e-05,2.0,5.029945e-06,1024,4.478777,447.88,50,no,114.32,64,"t_row_refresh_op MEASURED in sim/refresh-op (fixed precharge/gap/latch/guard phases are ASSUMPTIONs; ideal drivers; C_RBL/C_WBL ASSUMPTION; global corners only); N_rows unratified; 50 % limit is an ASSUMPTION; ENVELOPE, not a macro claim"
2026-10-10T01:00:43+00:00,d24cb1a,20261010T005003Z,klt-sim-b8eb5b20d95e,contract_10ns_sense,0.95,ss/125C,22.0000,2026-08-25T02:22:39+00:00,2T-min,0.605354,EXTRACTED (layout),5.503841e-06,2.0,2.751921e-06,4,0.031978,3.20,50,yes,62.54,32,"t_row_refresh_op MEASURED in sim/refresh-op (fixed precharge/gap/latch/guard phases are ASSUMPTIONs; ideal drivers; C_RBL/C_WBL ASSUMPTION; global corners only); N_rows unratified; 50 % limit is an ASSUMPTION; ENVELOPE, not a macro claim"
2026-10-10T01:00:43+00:00,d24cb1a,20261010T005003Z,klt-sim-b8eb5b20d95e,contract_10ns_sense,0.95,ss/125C,22.0000,2026-08-25T02:22:39+00:00,2T-min,0.605354,EXTRACTED (layout),5.503841e-06,2.0,2.751921e-06,8,0.063955,6.40,50,yes,62.54,32,"t_row_refresh_op MEASURED in sim/refresh-op (fixed precharge/gap/latch/guard phases are ASSUMPTIONs; ideal drivers; C_RBL/C_WBL ASSUMPTION; global corners only); N_rows unratified; 50 % limit is an ASSUMPTION; ENVELOPE, not a macro claim"
2026-10-10T01:00:43+00:00,d24cb1a,20261010T005003Z,klt-sim-b8eb5b20d95e,contract_10ns_sense,0.95,ss/125C,22.0000,2026-08-25T02:22:39+00:00,2T-min,0.605354,EXTRACTED (layout),5.503841e-06,2.0,2.751921e-06,16,0.127911,12.79,50,yes,62.54,32,"t_row_refresh_op MEASURED in sim/refresh-op (fixed precharge/gap/latch/guard phases are ASSUMPTIONs; ideal drivers; C_RBL/C_WBL ASSUMPTION; global corners only); N_rows unratified; 50 % limit is an ASSUMPTION; ENVELOPE, not a macro claim"
2026-10-10T01:00:43+00:00,d24cb1a,20261010T005003Z,klt-sim-b8eb5b20d95e,contract_10ns_sense,0.95,ss/125C,22.0000,2026-08-25T02:22:39+00:00,2T-min,0.605354,EXTRACTED (layout),5.503841e-06,2.0,2.751921e-06,32,0.255821,25.58,50,yes,62.54,32,"t_row_refresh_op MEASURED in sim/refresh-op (fixed precharge/gap/latch/guard phases are ASSUMPTIONs; ideal drivers; C_RBL/C_WBL ASSUMPTION; global corners only); N_rows unratified; 50 % limit is an ASSUMPTION; ENVELOPE, not a macro claim"
2026-10-10T01:00:43+00:00,d24cb1a,20261010T005003Z,klt-sim-b8eb5b20d95e,contract_10ns_sense,0.95,ss/125C,22.0000,2026-08-25T02:22:39+00:00,2T-min,0.605354,EXTRACTED (layout),5.503841e-06,2.0,2.751921e-06,64,0.511643,51.16,50,no,62.54,32,"t_row_refresh_op MEASURED in sim/refresh-op (fixed precharge/gap/latch/guard phases are ASSUMPTIONs; ideal drivers; C_RBL/C_WBL ASSUMPTION; global corners only); N_rows unratified; 50 % limit is an ASSUMPTION; ENVELOPE, not a macro claim"
2026-10-10T01:00:43+00:00,d24cb1a,20261010T005003Z,klt-sim-b8eb5b20d95e,contract_10ns_sense,0.95,ss/125C,22.0000,2026-08-25T02:22:39+00:00,2T-min,0.605354,EXTRACTED (layout),5.503841e-06,2.0,2.751921e-06,128,1.023285,102.33,50,no,62.54,32,"t_row_refresh_op MEASURED in sim/refresh-op (fixed precharge/gap/latch/guard phases are ASSUMPTIONs; ideal drivers; C_RBL/C_WBL ASSUMPTION; global corners only); N_rows unratified; 50 % limit is an ASSUMPTION; ENVELOPE, not a macro claim"
2026-10-10T01:00:43+00:00,d24cb1a,20261010T005003Z,klt-sim-b8eb5b20d95e,contract_10ns_sense,0.95,ss/125C,22.0000,2026-08-25T02:22:39+00:00,2T-min,0.605354,EXTRACTED (layout),5.503841e-06,2.0,2.751921e-06,256,2.046571,204.66,50,no,62.54,32,"t_row_refresh_op MEASURED in sim/refresh-op (fixed precharge/gap/latch/guard phases are ASSUMPTIONs; ideal drivers; C_RBL/C_WBL ASSUMPTION; global corners only); N_rows unratified; 50 % limit is an ASSUMPTION; ENVELOPE, not a macro claim"
2026-10-10T01:00:43+00:00,d24cb1a,20261010T005003Z,klt-sim-b8eb5b20d95e,contract_10ns_sense,0.95,ss/125C,22.0000,2026-08-25T02:22:39+00:00,2T-min,0.605354,EXTRACTED (layout),5.503841e-06,2.0,2.751921e-06,512,4.093141,409.31,50,no,62.54,32,"t_row_refresh_op MEASURED in sim/refresh-op (fixed precharge/gap/latch/guard phases are ASSUMPTIONs; ideal drivers; C_RBL/C_WBL ASSUMPTION; global corners only); N_rows unratified; 50 % limit is an ASSUMPTION; ENVELOPE, not a macro claim"
2026-10-10T01:00:43+00:00,d24cb1a,20261010T005003Z,klt-sim-b8eb5b20d95e,contract_10ns_sense,0.95,ss/125C,22.0000,2026-08-25T02:22:39+00:00,2T-min,0.605354,EXTRACTED (layout),5.503841e-06,2.0,2.751921e-06,1024,8.186283,818.63,50,no,62.54,32,"t_row_refresh_op MEASURED in sim/refresh-op (fixed precharge/gap/latch/guard phases are ASSUMPTIONs; ideal drivers; C_RBL/C_WBL ASSUMPTION; global corners only); N_rows unratified; 50 % limit is an ASSUMPTION; ENVELOPE, not a macro claim"
2026-10-10T01:00:43+00:00,d24cb1a,20261010T005003Z,klt-sim-b8eb5b20d95e,contract_10ns_sense,0.98,fs/125C,27.0000,2026-08-20T22:38:54+00:00,2T-min,1.106463,ASSUMED margin factor,1.005989e-05,2.0,5.029945e-06,4,0.021471,2.15,50,yes,93.15,64,"t_row_refresh_op MEASURED in sim/refresh-op (fixed precharge/gap/latch/guard phases are ASSUMPTIONs; ideal drivers; C_RBL/C_WBL ASSUMPTION; global corners only); N_rows unratified; 50 % limit is an ASSUMPTION; ENVELOPE, not a macro claim"
2026-10-10T01:00:43+00:00,d24cb1a,20261010T005003Z,klt-sim-b8eb5b20d95e,contract_10ns_sense,0.98,fs/125C,27.0000,2026-08-20T22:38:54+00:00,2T-min,1.106463,ASSUMED margin factor,1.005989e-05,2.0,5.029945e-06,8,0.042943,4.29,50,yes,93.15,64,"t_row_refresh_op MEASURED in sim/refresh-op (fixed precharge/gap/latch/guard phases are ASSUMPTIONs; ideal drivers; C_RBL/C_WBL ASSUMPTION; global corners only); N_rows unratified; 50 % limit is an ASSUMPTION; ENVELOPE, not a macro claim"
2026-10-10T01:00:43+00:00,d24cb1a,20261010T005003Z,klt-sim-b8eb5b20d95e,contract_10ns_sense,0.98,fs/125C,27.0000,2026-08-20T22:38:54+00:00,2T-min,1.106463,ASSUMED margin factor,1.005989e-05,2.0,5.029945e-06,16,0.085886,8.59,50,yes,93.15,64,"t_row_refresh_op MEASURED in sim/refresh-op (fixed precharge/gap/latch/guard phases are ASSUMPTIONs; ideal drivers; C_RBL/C_WBL ASSUMPTION; global corners only); N_rows unratified; 50 % limit is an ASSUMPTION; ENVELOPE, not a macro claim"
2026-10-10T01:00:43+00:00,d24cb1a,20261010T005003Z,klt-sim-b8eb5b20d95e,contract_10ns_sense,0.98,fs/125C,27.0000,2026-08-20T22:38:54+00:00,2T-min,1.106463,ASSUMED margin factor,1.005989e-05,2.0,5.029945e-06,32,0.171771,17.18,50,yes,93.15,64,"t_row_refresh_op MEASURED in sim/refresh-op (fixed precharge/gap/latch/guard phases are ASSUMPTIONs; ideal drivers; C_RBL/C_WBL ASSUMPTION; global corners only); N_rows unratified; 50 % limit is an ASSUMPTION; ENVELOPE, not a macro claim"
2026-10-10T01:00:43+00:00,d24cb1a,20261010T005003Z,klt-sim-b8eb5b20d95e,contract_10ns_sense,0.98,fs/125C,27.0000,2026-08-20T22:38:54+00:00,2T-min,1.106463,ASSUMED margin factor,1.005989e-05,2.0,5.029945e-06,64,0.343543,34.35,50,yes,93.15,64,"t_row_refresh_op MEASURED in sim/refresh-op (fixed precharge/gap/latch/guard phases are ASSUMPTIONs; ideal drivers; C_RBL/C_WBL ASSUMPTION; global corners only); N_rows unratified; 50 % limit is an ASSUMPTION; ENVELOPE, not a macro claim"
2026-10-10T01:00:43+00:00,d24cb1a,20261010T005003Z,klt-sim-b8eb5b20d95e,contract_10ns_sense,0.98,fs/125C,27.0000,2026-08-20T22:38:54+00:00,2T-min,1.106463,ASSUMED margin factor,1.005989e-05,2.0,5.029945e-06,128,0.687085,68.71,50,no,93.15,64,"t_row_refresh_op MEASURED in sim/refresh-op (fixed precharge/gap/latch/guard phases are ASSUMPTIONs; ideal drivers; C_RBL/C_WBL ASSUMPTION; global corners only); N_rows unratified; 50 % limit is an ASSUMPTION; ENVELOPE, not a macro claim"
2026-10-10T01:00:43+00:00,d24cb1a,20261010T005003Z,klt-sim-b8eb5b20d95e,contract_10ns_sense,0.98,fs/125C,27.0000,2026-08-20T22:38:54+00:00,2T-min,1.106463,ASSUMED margin factor,1.005989e-05,2.0,5.029945e-06,256,1.374170,137.42,50,no,93.15,64,"t_row_refresh_op MEASURED in sim/refresh-op (fixed precharge/gap/latch/guard phases are ASSUMPTIONs; ideal drivers; C_RBL/C_WBL ASSUMPTION; global corners only); N_rows unratified; 50 % limit is an ASSUMPTION; ENVELOPE, not a macro claim"
2026-10-10T01:00:43+00:00,d24cb1a,20261010T005003Z,klt-sim-b8eb5b20d95e,contract_10ns_sense,0.98,fs/125C,27.0000,2026-08-20T22:38:54+00:00,2T-min,1.106463,ASSUMED margin factor,1.005989e-05,2.0,5.029945e-06,512,2.748340,274.83,50,no,93.15,64,"t_row_refresh_op MEASURED in sim/refresh-op (fixed precharge/gap/latch/guard phases are ASSUMPTIONs; ideal drivers; C_RBL/C_WBL ASSUMPTION; global corners only); N_rows unratified; 50 % limit is an ASSUMPTION; ENVELOPE, not a macro claim"
2026-10-10T01:00:43+00:00,d24cb1a,20261010T005003Z,klt-sim-b8eb5b20d95e,contract_10ns_sense,0.98,fs/125C,27.0000,2026-08-20T22:38:54+00:00,2T-min,1.106463,ASSUMED margin factor,1.005989e-05,2.0,5.029945e-06,1024,5.496680,549.67,50,no,93.15,64,"t_row_refresh_op MEASURED in sim/refresh-op (fixed precharge/gap/latch/guard phases are ASSUMPTIONs; ideal drivers; C_RBL/C_WBL ASSUMPTION; global corners only); N_rows unratified; 50 % limit is an ASSUMPTION; ENVELOPE, not a macro claim"
2026-10-10T01:00:43+00:00,d24cb1a,20261010T005003Z,klt-sim-b8eb5b20d95e,contract_10ns_sense,0.98,fs/125C,27.0000,2026-08-25T02:22:39+00:00,2T-min,0.605354,EXTRACTED (layout),5.503841e-06,2.0,2.751921e-06,4,0.039245,3.92,50,yes,50.96,32,"t_row_refresh_op MEASURED in sim/refresh-op (fixed precharge/gap/latch/guard phases are ASSUMPTIONs; ideal drivers; C_RBL/C_WBL ASSUMPTION; global corners only); N_rows unratified; 50 % limit is an ASSUMPTION; ENVELOPE, not a macro claim"
2026-10-10T01:00:43+00:00,d24cb1a,20261010T005003Z,klt-sim-b8eb5b20d95e,contract_10ns_sense,0.98,fs/125C,27.0000,2026-08-25T02:22:39+00:00,2T-min,0.605354,EXTRACTED (layout),5.503841e-06,2.0,2.751921e-06,8,0.078491,7.85,50,yes,50.96,32,"t_row_refresh_op MEASURED in sim/refresh-op (fixed precharge/gap/latch/guard phases are ASSUMPTIONs; ideal drivers; C_RBL/C_WBL ASSUMPTION; global corners only); N_rows unratified; 50 % limit is an ASSUMPTION; ENVELOPE, not a macro claim"
2026-10-10T01:00:43+00:00,d24cb1a,20261010T005003Z,klt-sim-b8eb5b20d95e,contract_10ns_sense,0.98,fs/125C,27.0000,2026-08-25T02:22:39+00:00,2T-min,0.605354,EXTRACTED (layout),5.503841e-06,2.0,2.751921e-06,16,0.156981,15.70,50,yes,50.96,32,"t_row_refresh_op MEASURED in sim/refresh-op (fixed precharge/gap/latch/guard phases are ASSUMPTIONs; ideal drivers; C_RBL/C_WBL ASSUMPTION; global corners only); N_rows unratified; 50 % limit is an ASSUMPTION; ENVELOPE, not a macro claim"
2026-10-10T01:00:43+00:00,d24cb1a,20261010T005003Z,klt-sim-b8eb5b20d95e,contract_10ns_sense,0.98,fs/125C,27.0000,2026-08-25T02:22:39+00:00,2T-min,0.605354,EXTRACTED (layout),5.503841e-06,2.0,2.751921e-06,32,0.313963,31.40,50,yes,50.96,32,"t_row_refresh_op MEASURED in sim/refresh-op (fixed precharge/gap/latch/guard phases are ASSUMPTIONs; ideal drivers; C_RBL/C_WBL ASSUMPTION; global corners only); N_rows unratified; 50 % limit is an ASSUMPTION; ENVELOPE, not a macro claim"
2026-10-10T01:00:43+00:00,d24cb1a,20261010T005003Z,klt-sim-b8eb5b20d95e,contract_10ns_sense,0.98,fs/125C,27.0000,2026-08-25T02:22:39+00:00,2T-min,0.605354,EXTRACTED (layout),5.503841e-06,2.0,2.751921e-06,64,0.627925,62.79,50,no,50.96,32,"t_row_refresh_op MEASURED in sim/refresh-op (fixed precharge/gap/latch/guard phases are ASSUMPTIONs; ideal drivers; C_RBL/C_WBL ASSUMPTION; global corners only); N_rows unratified; 50 % limit is an ASSUMPTION; ENVELOPE, not a macro claim"
2026-10-10T01:00:43+00:00,d24cb1a,20261010T005003Z,klt-sim-b8eb5b20d95e,contract_10ns_sense,0.98,fs/125C,27.0000,2026-08-25T02:22:39+00:00,2T-min,0.605354,EXTRACTED (layout),5.503841e-06,2.0,2.751921e-06,128,1.255850,125.59,50,no,50.96,32,"t_row_refresh_op MEASURED in sim/refresh-op (fixed precharge/gap/latch/guard phases are ASSUMPTIONs; ideal drivers; C_RBL/C_WBL ASSUMPTION; global corners only); N_rows unratified; 50 % limit is an ASSUMPTION; ENVELOPE, not a macro claim"
2026-10-10T01:00:43+00:00,d24cb1a,20261010T005003Z,klt-sim-b8eb5b20d95e,contract_10ns_sense,0.98,fs/125C,27.0000,2026-08-25T02:22:39+00:00,2T-min,0.605354,EXTRACTED (layout),5.503841e-06,2.0,2.751921e-06,256,2.511700,251.17,50,no,50.96,32,"t_row_refresh_op MEASURED in sim/refresh-op (fixed precharge/gap/latch/guard phases are ASSUMPTIONs; ideal drivers; C_RBL/C_WBL ASSUMPTION; global corners only); N_rows unratified; 50 % limit is an ASSUMPTION; ENVELOPE, not a macro claim"
2026-10-10T01:00:43+00:00,d24cb1a,20261010T005003Z,klt-sim-b8eb5b20d95e,contract_10ns_sense,0.98,fs/125C,27.0000,2026-08-25T02:22:39+00:00,2T-min,0.605354,EXTRACTED (layout),5.503841e-06,2.0,2.751921e-06,512,5.023401,502.34,50,no,50.96,32,"t_row_refresh_op MEASURED in sim/refresh-op (fixed precharge/gap/latch/guard phases are ASSUMPTIONs; ideal drivers; C_RBL/C_WBL ASSUMPTION; global corners only); N_rows unratified; 50 % limit is an ASSUMPTION; ENVELOPE, not a macro claim"
2026-10-10T01:00:43+00:00,d24cb1a,20261010T005003Z,klt-sim-b8eb5b20d95e,contract_10ns_sense,0.98,fs/125C,27.0000,2026-08-25T02:22:39+00:00,2T-min,0.605354,EXTRACTED (layout),5.503841e-06,2.0,2.751921e-06,1024,10.046802,1004.68,50,no,50.96,32,"t_row_refresh_op MEASURED in sim/refresh-op (fixed precharge/gap/latch/guard phases are ASSUMPTIONs; ideal drivers; C_RBL/C_WBL ASSUMPTION; global corners only); N_rows unratified; 50 % limit is an ASSUMPTION; ENVELOPE, not a macro claim"
